City,Country,Date,AQI,PM2.5,PM10,CO,NO2,O3,SO2,Temperature,Humidity,Wind_Speed
Jakarta,Indonesia,2024-08-08,86.6,38.7,51.9,4.37,19.1,62.5,4.5,38.6,82.4,3.6
São Paulo,Brazil,2021-05-13,89.6,52.4,90.6,0.33,9.4,51.5,8.1,-2.9,93.0,3.9
Lima,Peru,2022-06-27,30.7,21.3,34.7,4.34,7.2,47.0,1.6,37.4,62.2,6.1
Seoul,South Korea,2022-02-25,129.6,60.8,89.3,3.51,28.8,70.0,8.7,12.6,33.7,11.5
Lima,Peru,2024-06-23,84.7,34.7,65.5,2.41,15.2,75.6,10.4,9.7,62.8,8.1
Lima,Peru,2021-06-01,33.2,21.7,39.5,2.84,7.2,77.9,3.7,7.4,42.2,2.9
Ho Chi Minh City,Vietnam,2022-01-12,109.7,44.1,82.4,3.62,27.0,66.3,6.3,11.1,28.7,13.0
Mumbai,India,2017-02-18,198.4,99.0,133.1,1.76,32.7,63.8,22.6,34.9,55.4,2.2
London,UK,2022-05-14,55.8,35.3,58.0,2.76,10.4,21.5,3.4,-3.6,67.7,5.1
Dhaka,Bangladesh,2019-10-24,221.1,97.7,168.3,2.84,31.1,76.6,24.3,26.3,86.0,9.6
Lima,Peru,2023-05-19,82.7,37.7,72.6,2.83,21.6,73.8,6.8,-0.0,37.1,6.7
Stockholm,Sweden,2017-08-30,39.4,26.0,33.9,2.7,,33.3,2.4,10.2,90.7,5.2
Bangkok,Thailand,2024-01-18,80.1,38.2,56.2,3.57,19.4,28.9,12.0,7.0,93.2,6.5
Johannesburg,South Africa,2019-10-26,85.6,57.6,84.5,0.98,16.9,79.1,6.4,25.2,,3.9
Cairo,Egypt,2021-05-16,140.7,73.1,136.8,4.05,18.3,50.5,16.8,,44.4,3.7
Seoul,South Korea,2020-06-09,84.3,54.2,83.7,0.75,24.3,43.9,8.6,32.7,70.7,11.2
Toronto,Canada,2021-01-07,96.2,45.1,64.1,4.92,19.6,35.6,14.4,38.4,61.9,13.3
Johannesburg,South Africa,2020-08-18,101.9,49.3,88.2,4.28,27.6,44.3,14.1,33.3,90.2,11.9
Mumbai,India,2015-09-11,185.2,112.5,197.7,1.35,44.9,34.2,15.3,28.6,68.7,12.8
Tokyo,Japan,2016-10-01,23.5,13.4,18.3,2.03,3.6,34.6,3.5,12.7,86.9,9.7
Beijing,China,2024-03-02,242.0,132.6,190.5,3.7,37.8,21.5,27.7,3.0,90.5,14.3
Nairobi,Kenya,2022-01-09,82.8,42.3,55.5,4.66,15.4,78.0,12.1,33.4,42.1,6.1
Johannesburg,South Africa,2018-03-30,62.2,35.3,69.0,3.57,13.3,25.8,6.9,39.6,30.5,8.0
Beijing,China,2017-02-23,144.6,94.7,132.1,3.63,30.4,37.8,13.3,6.5,65.9,1.7
Jakarta,Indonesia,2015-02-05,137.1,83.7,155.5,4.48,23.0,42.5,8.1,21.0,22.7,7.3
Lima,Peru,2018-02-22,109.1,71.1,135.2,1.48,11.8,38.2,11.3,9.7,82.1,4.4
Tehran,Iran,2015-01-05,176.3,80.8,128.3,3.59,22.5,28.0,25.9,27.2,23.1,6.3
Berlin,Germany,2017-12-17,37.5,15.9,20.9,4.82,10.0,61.8,3.4,,31.7,4.1
Lima,Peru,2018-02-15,103.4,50.0,98.5,3.77,21.8,56.7,9.5,6.1,46.7,11.5
Ho Chi Minh City,Vietnam,2024-03-10,168.0,73.0,97.3,0.49,45.5,62.2,16.4,-0.6,56.9,7.4
Delhi,India,2024-02-08,120.2,70.3,122.6,0.51,21.0,57.6,12.1,33.5,69.4,2.9
Bangkok,Thailand,2015-12-02,61.0,36.2,47.7,3.05,17.6,54.5,5.4,23.9,54.4,8.4
Karachi,Pakistan,2018-07-15,183.2,123.0,176.8,0.63,22.0,21.1,10.9,25.7,25.3,5.1
Seoul,South Korea,2023-04-06,81.7,33.3,,1.62,10.1,61.8,9.2,34.5,75.1,12.2
Ho Chi Minh City,Vietnam,2016-11-06,146.6,94.1,187.6,2.24,25.6,66.6,12.3,36.9,84.4,6.7
Los Angeles,USA,2021-05-15,33.7,21.1,29.0,,6.8,69.6,2.8,35.3,49.2,0.7
Chengdu,China,2015-03-17,171.8,103.6,169.6,2.62,20.0,25.5,18.9,19.9,36.0,14.2
Sydney,Australia,2022-03-01,31.3,13.6,26.5,4.88,9.4,23.4,3.9,19.6,72.9,14.5
Chengdu,China,2023-08-12,162.7,106.0,169.4,1.35,29.2,73.5,10.5,18.1,37.5,8.9
Los Angeles,USA,2020-01-31,57.5,38.2,56.0,4.57,12.6,41.0,6.9,16.7,48.3,10.7
Wuhan,China,2020-02-25,138.3,65.8,104.3,2.99,34.3,66.0,18.3,28.5,71.1,3.9
Ho Chi Minh City,Vietnam,2018-04-29,73.7,40.1,54.4,2.78,13.8,68.1,10.9,20.0,44.2,1.1
Nairobi,Kenya,2015-07-22,75.0,45.6,61.7,1.08,10.7,37.7,11.2,26.4,48.8,11.2
Mexico City,Mexico,2017-11-01,118.6,81.5,109.3,2.15,14.4,40.1,7.9,24.1,49.1,3.8
São Paulo,Brazil,2022-08-11,40.2,21.6,28.5,,7.3,56.2,3.1,1.0,25.7,14.1
Berlin,Germany,2015-09-13,18.9,10.8,21.1,0.69,5.2,53.1,1.3,13.5,78.3,7.5
Paris,France,2021-02-02,89.2,46.2,86.8,2.97,10.0,22.2,5.7,-4.4,25.7,10.5
Karachi,Pakistan,2019-07-27,149.7,104.6,176.7,3.91,43.2,71.0,11.2,15.3,29.7,14.3
Los Angeles,USA,2019-01-09,65.1,26.9,40.1,0.4,13.0,48.6,8.7,8.8,81.2,14.5
Lima,Peru,2017-02-01,89.8,46.8,65.2,0.44,22.6,57.2,10.8,4.6,30.2,0.7
Cairo,Egypt,2018-08-22,78.1,41.5,80.2,1.94,15.8,67.0,7.0,,84.7,14.3
Dhaka,Bangladesh,2015-05-18,218.3,148.0,243.4,1.51,41.9,78.8,21.7,9.8,67.5,4.0
Berlin,Germany,2020-11-28,9.0,4.5,8.7,2.53,2.1,30.3,0.6,-3.2,32.7,4.5
Buenos Aires,Argentina,2022-01-25,79.6,34.0,47.0,2.47,11.2,41.9,8.0,26.1,22.9,12.1
Ho Chi Minh City,Vietnam,2021-03-11,155.5,97.1,138.8,1.28,27.1,49.1,17.4,11.6,54.7,11.3
London,UK,2022-07-09,26.4,12.6,22.6,4.51,5.3,51.9,1.6,15.1,59.9,4.0
Ho Chi Minh City,Vietnam,2019-07-13,124.4,61.8,89.5,,15.4,73.4,13.6,25.6,79.2,7.7
Paris,France,2021-03-25,46.6,26.1,44.7,3.8,8.7,27.7,3.6,11.3,68.4,8.8
Bangkok,Thailand,2021-06-20,100.8,47.5,65.1,1.02,15.0,29.6,6.9,,,13.5
Johannesburg,South Africa,2023-01-25,93.8,52.3,83.0,4.92,11.5,43.9,13.8,33.9,81.3,4.2
Bangkok,Thailand,2020-07-14,115.8,65.7,111.7,1.62,29.4,31.2,9.5,14.1,58.1,4.0
Paris,France,2020-08-10,54.2,31.6,47.5,3.03,7.1,48.9,5.6,,45.2,2.4
Johannesburg,South Africa,2019-08-01,71.9,,79.7,3.1,14.0,44.7,6.1,36.8,82.3,14.5
London,UK,2020-03-23,67.8,42.0,82.2,1.15,7.7,64.5,7.3,32.9,30.5,12.0
London,UK,2020-01-26,35.4,22.8,40.3,2.76,6.1,72.6,3.2,31.7,52.9,6.0
Berlin,Germany,2021-10-05,32.4,18.2,29.3,3.01,5.5,43.5,3.3,-2.0,37.2,8.4
Cairo,Egypt,2019-07-28,166.4,101.2,143.4,4.43,33.1,64.5,17.9,39.9,,10.8
Istanbul,Turkey,2017-08-08,68.6,30.4,43.8,3.66,13.6,65.3,4.1,19.1,48.4,7.1
Stockholm,Sweden,2020-08-24,16.7,7.8,14.1,3.68,3.8,61.6,1.7,6.3,45.9,3.1
Wuhan,China,2022-12-29,171.3,98.5,155.7,2.47,49.6,29.2,18.6,17.8,65.9,0.8
São Paulo,Brazil,2022-06-23,83.3,50.7,98.7,3.62,10.9,54.6,9.2,14.1,75.2,14.0
Lagos,Nigeria,2022-09-27,131.8,70.5,97.3,4.93,35.3,27.5,18.7,34.1,58.9,9.1
Nairobi,Kenya,2024-08-03,75.3,48.2,62.9,1.87,13.5,52.2,10.7,10.6,46.0,11.2
Tokyo,Japan,2022-05-11,47.2,22.1,35.7,0.96,6.4,49.9,4.3,36.2,47.2,8.9
Lagos,Nigeria,2022-06-06,101.9,43.4,86.7,2.66,22.3,24.0,12.7,4.4,87.4,3.5
Buenos Aires,Argentina,2024-03-30,31.8,13.1,21.3,2.95,3.6,66.5,3.0,18.6,53.1,6.3
Cairo,Egypt,2017-08-04,119.7,78.8,154.7,2.05,18.5,58.6,10.9,-3.9,31.7,10.9
Buenos Aires,Argentina,2023-06-07,53.9,22.0,32.0,1.39,12.6,21.2,3.3,31.0,33.4,10.0
Paris,France,2018-07-11,40.8,25.2,47.8,,7.3,60.1,2.9,8.2,87.2,0.7
Jakarta,Indonesia,2021-01-07,108.8,71.2,98.6,4.42,24.9,62.2,15.3,23.1,45.2,12.5
Lahore,Pakistan,2016-04-15,205.6,104.6,199.0,,60.6,66.8,12.6,20.5,93.9,7.3
Tokyo,Japan,2023-09-22,39.9,22.1,40.2,3.58,7.2,33.1,4.6,14.0,29.9,13.6
Beijing,China,2017-03-15,165.9,80.0,135.0,3.36,44.1,32.4,8.5,1.2,87.5,13.2
Mumbai,India,2016-09-01,150.6,87.4,154.3,1.12,42.6,45.1,13.3,,23.5,2.9
Mexico City,Mexico,2022-11-06,114.4,48.1,90.7,2.35,32.4,63.3,12.7,37.7,49.7,14.3
Lagos,Nigeria,2020-10-17,103.3,56.3,83.9,2.84,13.7,70.5,13.9,38.0,31.6,9.5
Beijing,China,2019-03-05,122.0,63.9,114.6,,23.4,24.6,7.0,-4.9,92.6,0.6
Tehran,Iran,2021-05-11,100.1,49.5,92.3,4.82,25.8,61.4,10.2,-1.1,91.9,11.5
Nairobi,Kenya,2023-08-19,118.6,77.6,,2.6,17.1,79.3,17.1,-3.2,72.9,13.9
Johannesburg,South Africa,2019-12-23,121.9,69.5,134.9,0.46,,37.8,17.4,38.7,90.8,7.4
Lima,Peru,2021-08-16,61.0,39.6,52.5,3.1,8.9,27.2,3.5,26.3,45.5,11.0
Tehran,Iran,2015-02-08,166.6,82.4,138.2,4.02,27.3,57.6,23.1,22.7,37.5,0.9
Wuhan,China,2016-06-29,181.4,116.0,231.9,1.95,46.0,44.1,17.8,23.2,85.5,14.8
Wuhan,China,2023-02-21,161.4,84.8,135.2,3.77,23.8,26.6,13.8,7.9,42.2,3.9
Ho Chi Minh City,Vietnam,2016-03-07,72.0,43.5,63.2,4.76,18.5,25.4,6.6,34.6,,7.3
Los Angeles,USA,2021-03-23,18.8,8.5,16.9,1.39,5.4,59.0,2.1,,37.3,3.1
Seoul,South Korea,2017-07-25,101.7,51.3,68.8,4.85,28.1,75.7,15.2,2.8,49.7,11.5
Lima,Peru,2023-10-22,56.3,25.1,47.0,1.35,8.2,52.2,6.2,21.1,26.9,13.2
Lahore,Pakistan,2022-05-06,186.3,105.3,143.3,2.22,32.5,35.6,22.8,17.3,26.1,3.7
Los Angeles,USA,2017-03-06,87.5,37.0,70.1,2.63,17.2,55.5,11.6,10.7,70.9,8.7
Los Angeles,USA,2018-08-05,62.2,37.2,70.4,4.38,15.0,70.2,7.4,25.6,66.4,11.4
Jakarta,Indonesia,2020-12-20,129.2,85.8,163.9,0.44,34.3,27.7,10.8,28.5,32.1,12.4
London,UK,2016-08-11,38.2,18.6,32.2,4.91,8.7,35.6,4.3,19.3,78.5,2.1
Lima,Peru,2024-08-27,75.1,42.2,,1.91,17.0,75.9,4.5,37.2,71.6,1.5
Istanbul,Turkey,2021-02-17,84.1,48.3,74.5,3.22,9.2,72.3,12.4,38.6,76.2,2.4
Buenos Aires,Argentina,2021-11-12,70.2,28.6,37.6,1.82,13.9,66.2,8.3,15.1,40.5,15.0
Tokyo,Japan,2023-09-06,23.1,14.8,26.3,1.34,2.7,60.8,2.7,7.3,91.3,2.7
São Paulo,Brazil,2017-09-15,74.7,51.0,81.3,3.3,13.4,36.5,11.1,13.4,87.1,3.8
Buenos Aires,Argentina,2023-11-09,67.2,34.3,65.4,2.52,19.7,31.1,9.2,29.9,77.8,12.7
Stockholm,Sweden,2021-02-24,23.1,13.6,18.9,0.45,6.6,57.0,3.0,16.7,28.8,2.3
Tehran,Iran,2020-02-19,99.3,54.3,73.1,3.04,15.3,67.9,8.0,15.5,20.9,1.6
Toronto,Canada,2018-10-21,30.5,21.1,38.1,3.39,7.7,77.2,4.3,27.6,76.2,2.6
Tehran,Iran,2023-01-15,130.3,71.0,102.7,1.93,33.2,76.5,7.5,19.0,86.2,1.7
Los Angeles,USA,2020-12-03,56.4,28.6,43.7,4.89,7.9,61.6,7.5,-3.1,70.3,14.3
Buenos Aires,Argentina,2020-06-09,71.3,41.7,72.1,1.7,20.5,76.8,8.0,30.3,65.9,7.5
Mexico City,Mexico,2018-01-12,136.4,77.2,132.6,3.98,26.8,22.4,9.1,14.7,74.4,9.1
Tehran,Iran,2023-02-04,211.1,105.3,171.5,3.8,57.9,46.0,11.5,2.3,21.6,10.0
Karachi,Pakistan,2024-05-16,157.3,,145.6,0.68,28.4,33.2,14.4,4.2,83.0,3.0
Nairobi,Kenya,2015-06-08,113.9,67.1,121.7,3.91,22.9,52.6,11.6,21.5,22.2,6.2
Dhaka,Bangladesh,2022-03-10,166.8,96.6,179.2,3.38,49.8,37.0,14.3,12.3,54.9,12.6
Delhi,India,2022-12-24,165.7,96.2,167.7,2.05,33.6,44.8,9.4,14.7,27.3,6.4
London,UK,2016-05-18,86.6,49.7,87.7,0.75,20.0,38.7,7.8,33.6,20.7,9.0
Tehran,Iran,2015-10-28,117.0,77.8,125.2,1.86,22.2,60.2,7.6,15.2,64.1,14.3
Ho Chi Minh City,Vietnam,2016-07-29,107.2,54.4,,3.15,18.4,52.0,13.7,26.7,53.5,13.0
Cairo,Egypt,2016-09-11,114.5,79.7,110.5,1.39,12.6,58.4,8.3,,26.6,2.0
Berlin,Germany,2018-05-14,43.3,26.3,41.5,2.56,10.3,21.0,3.6,38.8,63.5,4.2
Mexico City,Mexico,2023-11-24,122.8,53.8,74.9,0.97,35.4,64.0,8.1,3.5,74.8,2.8
Cairo,Egypt,2016-05-31,67.4,46.4,68.6,3.41,19.9,42.5,3.5,6.0,82.3,13.0
Tokyo,Japan,2016-08-10,65.9,44.6,76.7,4.72,17.5,60.0,7.1,,31.9,9.3
Chengdu,China,2023-11-07,152.2,79.5,151.7,3.98,32.5,64.3,21.0,13.2,44.5,10.2
Cairo,Egypt,2024-09-23,151.6,80.5,150.7,0.86,31.7,20.3,12.5,11.5,49.7,10.6
São Paulo,Brazil,2022-04-06,99.1,53.0,77.7,2.05,,24.4,10.9,25.1,66.5,7.2
Lahore,Pakistan,2020-11-02,171.8,93.4,123.1,1.9,30.2,43.9,18.6,19.0,65.6,11.6
Cairo,Egypt,2021-12-20,163.8,100.7,167.6,4.17,30.5,73.8,9.4,38.0,69.1,6.0
Dhaka,Bangladesh,2017-02-27,133.1,59.9,103.7,2.76,31.1,75.8,13.7,21.1,26.7,10.9
Beijing,China,2022-03-21,157.1,82.4,114.1,1.15,37.1,30.9,16.1,26.9,,8.7
Wuhan,China,2017-08-09,159.4,102.3,172.4,0.5,36.1,77.1,17.6,31.9,86.3,3.8
Chengdu,China,2019-12-12,176.6,103.0,163.5,4.25,49.4,41.2,13.0,30.1,40.6,12.4
São Paulo,Brazil,2023-11-13,59.8,35.1,56.7,3.06,8.0,64.2,8.1,4.8,27.2,0.8
Paris,France,2021-10-02,56.4,32.8,55.2,1.39,10.0,55.7,5.6,39.5,30.2,10.6
Lahore,Pakistan,2019-04-27,220.3,133.9,267.0,0.9,26.6,63.5,23.8,7.3,26.0,1.7
Delhi,India,2020-04-06,163.4,85.0,132.4,1.91,36.5,46.5,21.8,25.1,25.2,9.8
Mumbai,India,2024-01-15,230.7,108.3,175.3,1.19,,42.7,19.9,39.8,53.5,5.3
Lagos,Nigeria,2019-01-05,136.1,93.6,133.1,3.54,19.1,52.1,8.1,15.3,76.7,5.5
Tehran,Iran,2023-04-16,69.9,30.5,60.4,0.39,17.3,66.1,5.2,25.2,27.0,4.2
Mumbai,India,2019-11-02,165.0,108.8,187.8,2.68,21.8,23.8,10.2,5.2,45.6,6.0
Beijing,China,2020-07-03,161.8,104.8,156.7,4.73,44.4,29.7,20.8,20.9,62.5,6.2
Tehran,Iran,2024-01-24,91.7,47.6,79.9,3.25,21.5,51.9,11.2,1.4,35.9,12.4
Paris,France,2018-11-29,69.4,39.7,65.0,1.77,15.3,28.4,9.7,32.3,43.8,14.3
Cairo,Egypt,2017-11-14,133.6,80.1,111.0,2.55,26.9,34.0,7.7,30.0,29.2,9.1
London,UK,2024-11-12,16.8,10.0,14.5,3.21,3.9,29.1,0.9,30.1,54.5,1.3
Mexico City,Mexico,2016-11-20,105.7,44.1,78.8,4.92,15.6,28.5,6.6,8.6,27.6,10.5
São Paulo,Brazil,2016-08-31,84.8,54.6,94.6,1.74,19.1,51.6,7.9,0.9,86.5,7.0
Buenos Aires,Argentina,2021-12-05,65.1,33.2,52.8,4.19,16.1,66.2,3.3,13.7,56.1,0.8
Paris,France,2022-06-01,31.6,17.7,25.7,0.36,4.7,78.6,4.1,38.2,56.6,2.1
São Paulo,Brazil,2021-09-08,91.8,49.2,93.1,0.76,18.1,29.0,7.6,28.2,55.7,6.0
Stockholm,Sweden,2020-05-02,74.1,49.5,,4.0,12.1,61.3,7.0,6.5,83.1,1.1
São Paulo,Brazil,2021-03-29,73.7,39.7,69.3,3.4,20.6,58.2,8.2,-2.0,58.9,2.7
Tehran,Iran,2021-11-01,121.9,50.1,91.4,3.4,31.7,26.3,6.5,17.9,49.1,7.2
Dhaka,Bangladesh,2019-08-02,172.7,119.4,234.0,3.98,29.5,44.7,18.1,32.4,25.2,6.7
Paris,France,2017-09-18,76.5,48.5,70.8,4.89,17.9,20.6,5.8,6.7,25.2,14.4
Johannesburg,South Africa,2015-07-09,91.0,60.9,92.9,0.89,17.7,26.8,9.0,36.4,59.1,9.4
Beijing,China,2016-06-06,135.1,69.3,116.8,2.13,17.9,36.4,19.3,25.4,57.2,0.7
Nairobi,Kenya,2020-12-09,86.1,55.5,105.6,4.28,24.4,35.1,10.8,15.7,83.1,11.1
Jakarta,Indonesia,2016-10-24,88.8,50.1,99.6,4.71,9.7,29.9,5.6,27.7,81.3,3.6
Berlin,Germany,2018-12-01,57.1,37.2,67.5,2.85,12.4,50.5,4.6,20.4,71.7,13.2
Paris,France,2018-07-28,29.3,15.8,20.6,1.46,7.2,79.5,1.8,13.1,80.0,3.5
Wuhan,China,2018-11-29,174.3,108.1,187.1,1.18,29.8,67.0,18.4,-4.8,77.1,1.0
Tokyo,Japan,2020-06-20,16.5,7.3,11.1,4.42,4.9,42.1,1.6,27.5,86.5,9.1
Karachi,Pakistan,2019-02-01,136.8,54.8,78.1,0.44,18.2,30.9,12.1,13.1,85.6,7.9
Lahore,Pakistan,2015-12-02,192.0,79.9,131.0,3.12,42.3,21.4,15.8,23.6,31.2,10.6
Tehran,Iran,2016-06-25,110.2,76.5,110.7,4.18,22.5,42.4,6.9,28.1,37.7,5.9
Tokyo,Japan,2022-09-11,78.5,48.7,73.5,1.12,17.9,49.8,5.3,25.9,94.3,11.3
Jakarta,Indonesia,2020-12-24,140.9,96.6,139.2,,41.7,29.9,16.9,21.4,64.0,10.6
Istanbul,Turkey,2020-03-15,82.7,42.4,68.8,2.56,15.5,76.2,10.0,23.4,23.7,13.6
Lahore,Pakistan,2016-10-02,185.9,117.8,153.8,0.57,27.0,27.9,16.7,36.5,55.4,0.7
Bangkok,Thailand,2017-05-25,71.4,45.4,90.0,2.04,13.3,70.7,5.5,2.0,84.0,1.2
Toronto,Canada,2021-04-16,11.4,6.5,10.0,1.78,2.9,25.2,0.8,28.0,61.1,2.4
Sydney,Australia,2021-02-24,69.8,44.4,77.1,2.62,20.7,28.7,8.6,3.6,45.4,5.0
Nairobi,Kenya,2016-01-19,68.7,47.4,67.7,0.4,16.8,45.1,4.0,25.8,60.9,14.7
Buenos Aires,Argentina,2024-05-18,95.4,60.8,102.4,3.18,13.8,70.8,8.9,1.3,69.8,3.6
Wuhan,China,2015-04-08,91.5,60.2,97.7,3.82,14.5,67.2,5.6,11.0,93.4,12.0
Tokyo,Japan,2017-08-17,85.3,48.0,88.0,3.84,8.8,27.6,9.9,2.3,39.2,14.2
Mumbai,India,2020-10-06,169.1,105.7,178.8,2.9,20.1,40.6,13.2,12.6,79.9,5.9
Johannesburg,South Africa,2022-04-02,65.6,,50.2,1.18,7.8,41.4,8.2,7.4,43.4,9.8
Paris,France,2020-05-21,41.8,28.0,46.6,2.4,8.9,30.0,4.7,11.3,87.3,2.9
Cairo,Egypt,2023-02-24,117.2,59.7,108.2,4.16,19.1,67.9,17.2,33.6,28.8,11.2
Johannesburg,South Africa,2023-06-15,92.7,64.6,105.9,0.88,22.7,39.4,13.9,39.1,69.2,2.4
Karachi,Pakistan,2019-04-10,154.9,79.6,157.7,1.88,24.7,75.1,9.5,29.2,94.1,13.6
Tehran,Iran,2020-03-14,156.8,77.5,114.5,4.15,43.3,51.5,11.7,0.1,26.5,10.9
Lahore,Pakistan,2019-09-12,177.5,81.2,140.4,,38.2,64.3,23.2,,39.0,1.0
Buenos Aires,Argentina,2021-05-08,77.6,33.5,51.0,0.32,18.3,30.0,9.0,39.6,25.5,1.6
Lahore,Pakistan,2022-01-07,159.9,81.3,109.5,3.89,29.1,65.6,22.4,5.5,,1.4
Paris,France,2021-03-07,61.0,36.3,69.4,0.3,8.2,43.4,5.4,5.2,48.6,2.4
Berlin,Germany,2019-04-15,39.1,15.8,25.3,0.43,11.5,27.6,4.7,38.8,82.0,10.6
São Paulo,Brazil,2017-09-06,122.4,85.0,147.4,2.93,27.6,52.0,13.9,15.2,36.4,2.2
Dhaka,Bangladesh,2023-03-03,124.0,80.3,108.5,1.36,30.5,55.9,7.0,34.5,85.8,5.3
Lagos,Nigeria,2019-07-14,125.8,57.3,77.7,1.43,32.6,22.1,13.6,39.8,84.2,8.1
Karachi,Pakistan,2018-08-20,180.4,78.4,107.1,4.58,42.2,69.8,24.9,20.7,58.8,6.7
Tehran,Iran,2021-10-21,174.9,92.8,170.8,3.13,48.7,46.6,19.4,23.4,64.4,10.7
Dhaka,Bangladesh,2020-01-21,146.0,75.3,123.5,3.37,42.4,56.0,18.2,17.8,67.6,1.5
Ho Chi Minh City,Vietnam,2020-04-20,130.9,53.9,92.9,4.56,19.3,48.2,12.4,16.3,66.7,7.3
Sydney,Australia,2022-08-28,109.5,61.5,116.6,0.53,29.2,70.6,8.6,,52.9,3.7
Wuhan,China,2018-10-18,138.9,57.4,85.8,4.14,21.8,69.1,14.3,34.6,63.1,0.9
Mexico City,Mexico,2019-02-26,88.7,46.7,74.2,4.57,21.5,56.5,7.2,32.1,91.6,12.4
Mumbai,India,2023-10-30,134.6,79.5,106.2,1.51,15.1,56.2,16.0,0.2,,7.1
Toronto,Canada,2021-12-07,33.7,21.1,28.4,0.68,5.8,76.5,3.9,25.5,47.1,9.1
Wuhan,China,2017-06-28,130.4,77.0,149.4,3.18,35.8,63.4,8.1,35.6,25.0,8.2
Mumbai,India,2021-04-24,179.0,87.4,143.4,3.01,19.5,27.4,19.0,10.4,74.7,10.0
São Paulo,Brazil,2021-05-13,73.8,44.8,71.8,3.46,11.4,38.4,9.5,15.1,79.9,12.4
São Paulo,Brazil,2023-11-18,76.0,37.7,64.3,2.04,16.7,62.3,9.0,11.9,32.5,6.7
Dhaka,Bangladesh,2021-10-04,199.3,133.0,205.0,1.03,20.9,58.7,22.7,10.3,25.4,6.4
Tokyo,Japan,2023-01-07,88.9,45.3,65.8,4.94,17.0,61.3,5.7,16.9,22.1,7.8
Mexico City,Mexico,2016-07-10,158.5,81.7,108.4,0.45,28.1,29.6,8.3,29.0,54.4,4.7
Karachi,Pakistan,2020-12-09,190.9,110.9,208.3,4.92,30.1,77.7,17.0,12.3,45.5,8.4
Karachi,Pakistan,2024-09-30,160.0,90.6,152.1,3.88,42.7,46.4,12.8,6.7,34.6,1.3
London,UK,2016-01-18,5.0,2.9,4.0,2.39,1.1,49.3,0.5,39.7,86.0,9.5
Ho Chi Minh City,Vietnam,2022-09-10,152.4,82.1,148.7,1.0,41.2,62.7,21.4,1.0,64.5,9.2
Lagos,Nigeria,2019-09-05,93.6,58.4,98.4,0.57,22.1,48.0,5.0,38.6,91.2,7.9
Tehran,Iran,2019-11-07,138.5,86.8,142.7,1.72,27.5,51.3,14.7,14.9,65.4,13.8
Berlin,Germany,2024-09-06,77.8,49.0,83.3,4.79,10.9,26.6,10.5,14.8,83.5,13.4
Berlin,Germany,2024-12-25,31.9,21.2,34.2,2.7,7.2,75.6,1.7,16.5,71.6,11.0
Lagos,Nigeria,2023-02-01,97.7,49.6,92.4,1.61,13.9,77.4,5.0,39.9,70.8,12.5
Jakarta,Indonesia,2016-06-25,97.6,39.5,71.7,4.22,24.2,28.6,12.2,29.6,69.4,11.6
Dhaka,Bangladesh,2016-06-30,152.0,83.0,112.5,2.22,27.6,24.0,12.9,-0.0,80.6,14.2
Beijing,China,2020-09-23,166.4,114.2,190.2,1.71,19.2,50.0,21.5,26.8,23.8,1.6
Los Angeles,USA,2021-02-09,25.1,12.1,22.6,4.67,4.5,74.4,2.1,16.4,37.0,9.8
Nairobi,Kenya,2022-09-29,57.1,33.2,51.4,3.34,7.1,73.3,5.7,15.2,63.9,9.6
Stockholm,Sweden,2016-10-21,5.0,3.1,5.8,4.08,1.1,51.2,0.3,29.9,40.4,7.7
London,UK,2024-03-15,68.5,30.1,52.5,0.56,17.1,39.1,3.4,18.0,23.5,4.5
Cairo,Egypt,2021-03-06,104.2,44.9,69.7,1.57,28.0,38.8,13.4,35.1,52.5,13.7
Sydney,Australia,2024-12-18,68.8,47.4,64.6,3.53,13.7,43.3,7.8,26.7,20.3,2.9
Nairobi,Kenya,2015-08-23,85.7,53.9,105.9,3.6,13.7,26.3,11.0,24.0,23.6,5.7
Sydney,Australia,2022-12-28,37.1,20.4,32.7,2.45,5.3,42.1,3.2,-2.6,77.6,6.5
Los Angeles,USA,2018-01-28,43.1,25.7,42.0,4.44,6.2,60.7,4.8,8.3,30.2,9.9
Toronto,Canada,2023-06-02,54.5,26.9,47.2,2.16,13.2,32.0,7.6,7.9,47.6,1.3
Lagos,Nigeria,2020-10-02,57.7,37.5,49.2,2.08,9.7,21.2,3.6,13.6,57.0,6.4
Tokyo,Japan,2023-11-28,63.6,30.5,55.2,4.42,6.9,43.9,8.0,15.5,40.0,3.7
São Paulo,Brazil,2022-07-08,86.9,36.8,57.7,2.03,11.9,46.1,7.2,10.4,75.4,3.7
Ho Chi Minh City,Vietnam,2020-08-21,162.9,65.2,98.5,3.34,48.0,70.8,8.5,35.4,78.7,11.8
Mumbai,India,2023-07-14,132.0,55.4,80.9,1.46,26.0,64.8,12.9,,91.8,14.2
Karachi,Pakistan,2020-01-22,145.1,101.2,170.2,4.83,16.7,41.9,10.5,3.8,30.6,9.5
Wuhan,China,2021-12-29,126.7,81.5,,2.12,29.7,35.6,10.7,36.3,41.8,7.3
Paris,France,2015-06-08,55.4,33.9,45.6,0.99,5.6,57.9,5.2,1.0,91.8,8.2
Paris,France,2022-08-15,108.7,46.0,68.6,4.09,20.9,52.8,10.1,-3.0,32.4,7.0
Tehran,Iran,2016-05-07,140.2,58.2,110.0,4.91,36.3,71.2,10.4,38.2,34.8,14.3
Sydney,Australia,2022-07-06,5.0,2.7,4.6,0.64,1.1,78.9,0.3,30.7,88.1,14.2
Mexico City,Mexico,2020-01-09,123.9,68.9,136.8,3.86,16.4,48.6,15.1,6.1,68.0,10.2
Istanbul,Turkey,2022-09-02,94.8,,50.0,1.98,27.0,33.7,10.8,5.0,44.1,12.8
Mumbai,India,2017-08-01,226.9,97.2,155.6,0.44,44.5,59.7,14.0,8.0,49.8,13.8
Berlin,Germany,2020-12-16,5.0,3.1,6.1,4.77,1.1,41.4,0.6,,62.3,5.7
Dhaka,Bangladesh,2023-03-28,126.9,59.9,85.9,4.62,15.3,50.4,9.1,-3.2,22.7,3.0
Beijing,China,2023-05-22,113.8,65.3,108.5,3.87,17.8,41.2,15.9,37.6,86.9,6.6
Dhaka,Bangladesh,2022-10-09,234.5,127.3,209.8,1.26,51.2,31.2,19.5,33.5,35.5,1.5
Dhaka,Bangladesh,2020-03-28,175.3,91.7,171.2,4.23,29.2,61.6,22.3,24.5,31.4,13.2
Johannesburg,South Africa,2023-11-27,111.3,53.9,86.2,0.48,14.0,65.9,5.6,13.7,59.2,1.3
Wuhan,China,2022-06-20,138.1,67.8,99.1,0.31,33.9,78.0,10.0,,75.6,12.8
Johannesburg,South Africa,2020-01-24,59.3,29.1,44.5,3.65,15.6,30.9,5.2,35.6,80.5,14.8
Bangkok,Thailand,2017-11-11,143.8,86.0,116.6,2.86,34.8,30.0,18.4,21.3,91.4,1.1
Ho Chi Minh City,Vietnam,2022-10-03,78.4,45.5,68.6,3.66,19.7,26.2,7.9,17.9,47.7,14.0
Bangkok,Thailand,2023-12-10,132.5,,138.7,3.56,32.6,71.7,10.3,31.3,34.6,5.5
Cairo,Egypt,2018-09-25,159.9,110.9,210.6,3.6,39.2,53.7,23.1,17.3,48.5,2.9
Dhaka,Bangladesh,2020-04-21,182.7,106.8,201.9,0.76,38.7,50.1,22.0,,60.6,6.7
Karachi,Pakistan,2021-05-19,160.3,87.3,120.7,4.82,38.9,77.1,11.6,34.6,80.7,10.3
Tehran,Iran,2023-10-28,169.0,93.0,125.6,1.77,48.5,71.0,25.0,23.3,,2.9
Delhi,India,2015-04-23,163.2,66.2,104.2,1.2,29.8,76.1,15.2,34.5,65.4,4.1
Delhi,India,2018-09-03,172.6,104.1,140.6,1.27,30.4,78.9,22.2,28.0,28.7,11.8
Lagos,Nigeria,2024-09-18,91.6,39.4,58.9,1.6,17.1,78.8,5.2,18.3,33.5,14.6
Karachi,Pakistan,2018-12-06,215.4,131.7,210.2,1.93,,35.9,15.2,16.7,40.1,4.7
Wuhan,China,2021-01-22,141.6,97.8,168.4,0.66,,77.1,11.3,-0.9,64.9,9.5
Paris,France,2018-12-08,89.2,45.7,77.4,2.42,20.9,55.0,9.2,6.2,20.2,3.0
Berlin,Germany,2018-03-23,70.7,37.8,65.3,1.3,20.3,20.4,9.0,23.1,48.0,1.2
Delhi,India,2023-01-07,198.6,111.8,218.8,1.34,48.7,57.0,24.6,4.7,69.9,7.7
Istanbul,Turkey,2020-10-02,90.1,44.9,86.3,0.7,23.6,71.7,11.9,18.1,52.9,14.9
São Paulo,Brazil,2015-02-12,41.2,25.3,34.5,1.24,11.4,64.3,2.1,6.2,36.1,4.4
Sydney,Australia,2017-03-12,55.7,23.3,,3.74,12.3,60.4,3.2,37.8,82.9,12.2
Berlin,Germany,2018-04-02,44.3,20.4,35.3,3.79,11.0,51.3,2.5,11.7,89.1,9.0
Ho Chi Minh City,Vietnam,2015-10-22,152.3,73.2,114.0,4.51,35.5,67.2,14.5,23.4,38.6,10.7
Seoul,South Korea,2016-11-10,144.8,98.6,132.6,4.18,22.9,46.6,7.6,8.5,57.7,1.3
Lagos,Nigeria,2020-11-05,87.0,59.0,81.0,3.89,15.8,59.3,6.6,2.2,32.0,1.5
Wuhan,China,2022-12-17,183.7,118.4,210.6,0.82,29.0,38.6,13.8,18.2,60.2,5.7
Seoul,South Korea,2020-09-30,95.2,63.0,118.4,1.32,24.9,67.2,10.8,11.8,40.4,3.9
Tokyo,Japan,2018-05-21,45.8,25.5,47.3,4.46,7.7,47.7,4.2,-4.4,,7.2
Johannesburg,South Africa,2022-05-24,121.0,74.6,117.1,2.6,22.5,64.4,16.5,18.9,79.2,4.8
Lagos,Nigeria,2015-10-16,80.4,49.8,95.5,0.87,18.2,54.9,5.0,4.5,43.3,2.9
Paris,France,2022-09-06,5.0,2.4,3.7,3.82,1.1,79.2,0.5,28.9,85.4,10.3
Mumbai,India,2021-01-31,157.3,78.4,131.9,3.0,16.4,76.7,18.8,17.3,90.0,6.9
Bangkok,Thailand,2024-03-07,119.4,66.1,91.3,3.89,28.2,66.4,17.3,29.9,65.9,12.9
Istanbul,Turkey,2019-11-24,123.1,57.4,103.4,4.44,30.3,61.8,15.4,15.9,85.6,3.4
Tehran,Iran,2023-03-14,133.3,64.7,108.2,2.7,35.2,44.3,13.1,-4.4,50.7,9.9
Toronto,Canada,2021-10-18,13.1,5.4,8.8,1.15,3.3,70.9,1.4,39.2,53.8,7.9
Lagos,Nigeria,2021-07-10,89.8,42.2,82.6,0.5,17.0,24.2,11.0,22.4,73.0,5.9
São Paulo,Brazil,2020-03-22,76.1,51.6,80.9,4.21,20.4,42.4,8.6,-0.7,27.8,1.2
Dhaka,Bangladesh,2018-03-05,163.1,86.1,145.0,2.75,27.7,60.6,20.5,-4.3,35.5,10.8
Istanbul,Turkey,2016-08-05,58.1,30.0,42.4,1.51,12.8,46.0,7.4,33.4,60.6,11.5
Tehran,Iran,2019-09-02,179.2,94.0,169.1,2.12,39.0,31.1,19.7,33.8,85.1,11.0
Mexico City,Mexico,2023-12-23,172.3,75.8,122.2,2.42,50.3,45.9,18.1,19.0,67.8,11.3
Buenos Aires,Argentina,2018-02-26,107.6,60.1,112.9,2.48,16.8,59.3,14.2,-2.2,78.3,12.4
Johannesburg,South Africa,2023-01-13,61.5,32.6,43.1,1.52,6.6,72.8,4.6,20.1,22.9,10.2
Cairo,Egypt,2018-05-25,173.0,115.8,222.6,1.83,48.5,79.8,22.9,33.0,38.7,8.9
Cairo,Egypt,2022-06-28,203.5,100.0,152.2,4.82,56.6,71.0,18.4,-4.4,26.0,5.0
Lagos,Nigeria,2015-06-15,74.7,30.3,58.8,,12.1,28.0,7.6,-4.8,90.4,6.5
Buenos Aires,Argentina,2020-12-25,45.0,26.6,48.3,3.48,5.7,54.7,4.8,34.1,48.4,5.9
São Paulo,Brazil,2023-12-07,74.9,34.7,69.3,4.91,17.2,68.3,9.1,21.7,24.0,7.1
Toronto,Canada,2023-11-01,8.2,5.6,8.0,2.65,2.0,61.8,0.9,7.4,31.7,9.7
Dhaka,Bangladesh,2021-02-18,219.4,99.6,178.6,2.44,51.3,70.2,14.7,-4.1,78.4,9.3
Mexico City,Mexico,2015-07-26,122.4,84.3,141.2,2.6,22.1,29.2,13.1,7.5,89.1,9.0
Mumbai,India,2023-01-02,193.9,98.2,131.2,0.45,35.8,25.1,21.5,34.6,86.2,10.1
Jakarta,Indonesia,2017-09-02,138.9,67.5,125.7,4.99,14.7,73.8,15.6,38.8,54.9,12.8
Lima,Peru,2021-08-10,50.9,25.5,34.3,4.88,13.4,71.2,7.3,-1.2,,1.5
Tehran,Iran,2022-03-02,134.7,64.7,88.7,1.09,17.4,78.4,17.0,38.5,53.0,4.5
Mumbai,India,2020-04-14,133.5,66.5,100.4,1.39,16.8,35.4,11.4,25.3,24.7,3.6
Lagos,Nigeria,2024-10-27,97.6,64.4,90.7,0.69,19.2,38.1,10.4,31.2,30.3,8.9
Mumbai,India,2023-10-05,152.2,67.5,117.2,1.59,30.1,24.9,14.6,8.8,81.7,1.3
Bangkok,Thailand,2015-08-14,152.2,87.1,153.9,3.95,41.5,38.8,15.8,32.8,94.2,13.4
Stockholm,Sweden,2024-01-03,20.4,9.3,15.3,3.79,4.0,49.0,2.7,11.3,84.5,6.4
Johannesburg,South Africa,2020-01-05,136.9,59.9,86.1,4.77,18.5,54.1,14.8,17.0,68.4,3.8
Jakarta,Indonesia,2017-12-31,111.8,57.2,100.8,0.96,23.9,31.1,8.7,4.8,33.7,12.5
Lagos,Nigeria,2022-04-09,76.9,39.4,73.2,2.03,9.0,53.4,10.3,30.8,33.1,10.3
Chengdu,China,2021-05-23,166.6,77.6,148.3,1.47,25.4,20.0,22.8,30.7,67.0,11.4
Lagos,Nigeria,2023-02-27,47.4,,33.3,4.63,5.1,37.5,3.4,5.7,88.1,7.3
Tokyo,Japan,2015-06-05,42.5,26.7,37.6,2.59,7.9,55.8,6.4,29.6,49.8,12.5
Los Angeles,USA,2018-04-09,59.2,,67.1,2.7,11.9,23.0,3.2,,52.9,12.7
Delhi,India,2017-12-03,116.1,47.3,76.4,1.42,12.8,63.5,7.1,22.4,41.1,3.0
Delhi,India,2020-11-24,166.5,104.1,144.5,3.93,24.5,60.6,17.7,36.8,49.0,1.5
Karachi,Pakistan,2016-05-07,207.7,134.6,224.4,3.94,30.5,40.7,11.0,38.3,,14.0
São Paulo,Brazil,2020-08-04,127.3,63.1,119.4,4.75,35.3,64.3,9.9,7.7,92.3,0.6
Tokyo,Japan,2023-09-12,89.6,45.1,72.5,4.03,13.9,28.5,7.3,33.2,26.7,14.9
Delhi,India,2021-10-30,138.3,62.2,91.3,3.64,21.4,40.5,13.1,36.1,34.2,0.6
Lagos,Nigeria,2023-05-08,103.5,69.5,121.8,1.58,14.0,37.7,6.4,37.4,78.8,7.2
Chengdu,China,2024-12-06,108.8,72.4,139.5,4.57,17.7,61.5,8.4,3.6,33.8,5.5
Ho Chi Minh City,Vietnam,2017-05-01,83.4,54.1,74.9,3.75,17.2,37.3,8.3,8.5,64.7,6.8
Nairobi,Kenya,2017-09-10,83.7,56.1,86.5,3.75,19.4,75.9,11.1,20.5,69.3,13.5
Toronto,Canada,2020-12-25,9.7,4.9,6.3,4.18,2.5,26.3,1.0,15.9,28.9,14.7
Buenos Aires,Argentina,2023-12-13,69.5,43.2,57.1,3.4,14.3,26.2,4.7,20.6,42.2,14.1
Lagos,Nigeria,2017-01-01,89.6,62.3,92.3,4.86,16.7,40.9,4.9,-2.6,71.9,7.1
Mumbai,India,2019-06-25,137.5,78.8,122.3,4.17,36.3,48.6,11.7,11.3,80.4,5.3
Seoul,South Korea,2019-08-04,104.6,44.5,72.4,2.57,28.1,33.3,9.2,31.4,81.8,6.1
Tokyo,Japan,2021-09-28,72.3,31.5,61.5,3.51,,22.0,7.1,13.3,32.1,10.0
Toronto,Canada,2018-11-12,34.4,19.6,35.2,0.62,6.3,27.0,3.8,37.2,69.6,1.6
Berlin,Germany,2020-04-23,5.0,3.3,6.1,3.18,0.9,35.3,0.3,11.0,,10.3
London,UK,2020-05-10,79.3,33.4,52.7,1.15,10.4,69.6,4.3,13.9,32.6,13.3
Lahore,Pakistan,2017-01-27,143.7,93.5,124.9,2.48,25.3,39.0,11.3,,43.6,1.1
Nairobi,Kenya,2022-08-12,46.6,24.2,39.0,4.5,10.8,20.5,6.7,5.7,28.1,11.6
Cairo,Egypt,2015-10-15,83.0,46.8,69.9,4.54,11.9,73.1,8.8,32.3,73.5,10.6
Dhaka,Bangladesh,2022-12-06,162.6,100.5,155.1,3.45,42.4,76.8,14.6,30.2,39.9,14.9
Lahore,Pakistan,2018-11-17,219.5,,184.2,4.71,29.9,57.4,15.9,8.8,61.0,6.5
São Paulo,Brazil,2020-07-10,112.1,50.6,,3.86,31.3,25.0,10.0,-0.5,21.2,10.1
Stockholm,Sweden,2020-09-26,15.5,6.3,11.9,4.88,2.0,33.9,2.1,36.7,,1.2
Mexico City,Mexico,2017-02-22,91.6,,82.6,0.43,19.9,20.7,11.8,8.8,23.0,9.0
Los Angeles,USA,2020-04-07,56.2,27.1,48.8,1.58,15.8,42.5,5.9,-2.7,52.0,12.6
Tokyo,Japan,2017-12-22,73.3,34.2,49.9,4.14,21.0,25.7,7.0,10.2,85.3,1.7
Sydney,Australia,2019-12-11,5.0,2.5,3.9,2.79,0.7,54.3,0.7,29.2,31.5,2.7
Cairo,Egypt,2017-04-10,118.8,60.4,95.7,3.49,13.2,22.1,10.6,26.4,34.5,9.8
Buenos Aires,Argentina,2020-03-06,34.9,18.3,26.8,3.46,9.3,60.4,4.6,12.9,31.7,11.2
Karachi,Pakistan,2015-10-05,147.4,88.7,132.1,0.68,44.0,29.4,21.9,39.0,79.5,10.1
Ho Chi Minh City,Vietnam,2020-02-20,117.7,63.6,110.3,2.23,21.8,39.8,12.5,33.3,35.1,14.0
Mexico City,Mexico,2023-08-26,131.4,85.0,143.6,3.96,13.6,69.1,7.1,35.0,94.4,4.8
São Paulo,Brazil,2018-04-19,56.8,37.5,51.4,0.89,16.8,60.4,7.7,9.6,70.7,9.1
Beijing,China,2016-10-17,184.9,74.3,96.6,2.08,23.8,21.1,17.8,37.4,44.3,10.1
Lagos,Nigeria,2016-07-07,132.8,61.6,85.3,3.6,16.3,79.8,9.1,21.7,50.9,2.3
Seoul,South Korea,2015-07-20,47.2,27.7,51.6,4.26,9.3,66.6,5.5,27.6,56.9,9.7
Ho Chi Minh City,Vietnam,2018-01-06,167.7,96.9,137.2,0.42,28.9,52.8,22.5,0.7,80.0,13.0
Lagos,Nigeria,2020-08-01,97.4,63.9,127.3,3.72,,79.7,10.8,,82.8,9.4
Cairo,Egypt,2015-07-14,155.3,65.9,128.3,1.83,19.5,46.5,8.4,25.8,87.7,12.6
Buenos Aires,Argentina,2019-10-01,40.7,17.8,33.3,4.64,7.8,49.9,3.3,35.2,68.4,4.7
London,UK,2017-04-26,62.5,27.8,37.9,4.13,17.4,69.4,8.7,19.9,80.9,6.1
Beijing,China,2020-05-18,102.9,71.7,104.5,2.13,20.2,28.3,6.0,32.3,93.3,6.4
Lagos,Nigeria,2019-10-20,51.1,27.8,42.3,2.6,13.9,55.5,6.1,11.4,75.4,10.2
Tehran,Iran,2023-12-20,128.2,73.3,108.4,4.08,23.7,79.7,7.6,,70.5,11.6
São Paulo,Brazil,2020-09-30,123.3,57.9,84.5,2.89,25.2,36.9,9.8,7.5,77.9,10.0
Sydney,Australia,2019-04-24,33.8,,38.2,0.61,3.7,37.7,4.8,18.5,40.4,6.3
Stockholm,Sweden,2017-01-11,5.0,3.5,5.8,,1.4,24.5,0.7,39.8,72.5,11.7
Tehran,Iran,2024-12-13,152.8,102.9,135.3,1.78,17.0,66.0,18.4,9.9,70.7,6.2
Tokyo,Japan,2020-08-16,5.0,3.4,5.0,0.87,1.1,78.2,0.4,-2.2,45.4,7.8
London,UK,2024-11-27,9.6,5.8,11.5,2.42,1.6,44.0,0.6,34.7,51.1,6.1
Paris,France,2023-11-27,107.8,45.1,84.3,4.72,24.8,77.3,7.0,16.5,65.1,8.9
Cairo,Egypt,2020-07-03,106.6,53.5,74.2,2.14,14.1,64.1,7.6,-2.4,61.4,9.1
Chengdu,China,2021-02-14,104.6,,112.5,0.67,22.3,74.5,9.4,8.3,30.8,2.7
Istanbul,Turkey,2023-06-30,122.6,70.9,96.2,4.72,30.8,55.2,16.3,-1.4,55.8,9.6
Lima,Peru,2020-01-02,53.8,36.7,50.9,4.41,15.8,30.6,6.6,-3.2,50.4,8.0
Lima,Peru,2018-10-12,102.0,41.1,79.2,1.0,26.2,57.1,8.6,34.3,21.0,3.8
Mexico City,Mexico,2019-09-22,145.7,59.3,82.0,0.9,20.1,47.6,18.2,35.7,82.7,3.4
Mexico City,Mexico,2016-08-02,62.0,,42.3,2.67,7.0,33.1,8.9,16.0,53.4,0.7
Istanbul,Turkey,2015-05-24,91.7,48.1,63.0,2.55,9.6,69.2,12.1,30.4,41.3,12.6
Istanbul,Turkey,2017-06-08,98.6,41.8,67.3,1.07,13.5,32.1,8.7,-2.7,49.8,7.9
Berlin,Germany,2023-08-05,74.7,33.1,54.8,0.59,8.5,54.4,8.0,34.5,61.8,14.4
Ho Chi Minh City,Vietnam,2021-07-02,118.7,51.0,67.8,1.17,24.7,58.7,6.5,37.6,83.2,4.8
Ho Chi Minh City,Vietnam,2015-11-02,127.3,55.6,92.5,1.46,21.8,79.4,15.1,37.7,30.7,6.0
London,UK,2019-12-25,42.6,18.0,23.5,3.45,9.7,44.6,4.2,13.7,21.8,5.4
London,UK,2018-06-26,90.9,45.0,70.8,1.41,10.9,30.7,11.8,25.5,61.0,7.4
Tehran,Iran,2016-05-09,159.9,85.0,147.8,3.34,43.0,39.5,19.0,38.3,74.8,7.6
Delhi,India,2016-07-16,200.3,81.1,116.5,4.11,31.0,63.9,17.5,18.5,25.1,3.1
Karachi,Pakistan,2021-09-23,213.3,142.3,250.0,2.46,50.2,57.1,22.8,-2.3,67.5,11.6
Los Angeles,USA,2024-12-08,5.0,2.2,3.5,1.97,0.8,63.9,0.6,21.5,90.4,5.6
Paris,France,2024-01-10,104.5,62.4,89.7,1.78,15.1,24.1,13.9,6.5,55.5,1.1
Istanbul,Turkey,2022-05-17,130.5,68.4,98.2,2.71,16.5,46.4,10.7,36.0,24.6,10.6
Beijing,China,2019-04-10,135.4,67.1,106.8,4.57,20.1,25.5,11.1,-0.3,29.6,8.8
Delhi,India,2019-04-04,205.6,107.4,,4.51,,21.4,28.0,21.0,86.8,9.2
Berlin,Germany,2020-04-26,105.6,55.9,101.9,4.59,22.6,30.8,8.1,3.9,38.5,4.9
Buenos Aires,Argentina,2015-02-14,18.3,10.7,14.5,0.71,2.5,51.1,1.3,7.7,50.0,12.3
Paris,France,2016-05-30,103.9,61.8,109.3,4.05,29.8,21.2,6.8,34.9,54.4,8.7
Toronto,Canada,2016-09-14,54.4,38.0,68.6,1.65,15.0,23.0,4.0,35.4,39.2,3.7
Buenos Aires,Argentina,2024-03-23,71.0,46.7,77.0,3.47,10.5,65.5,8.9,9.1,50.8,3.5
Mumbai,India,2020-01-30,196.8,96.6,178.5,3.9,46.9,77.9,17.6,0.9,70.4,11.1
Jakarta,Indonesia,2017-01-01,125.6,58.0,96.0,1.77,23.3,58.7,15.6,5.5,50.4,4.4
Paris,France,2024-04-12,51.3,26.2,47.9,4.52,13.8,31.0,7.5,,45.4,1.4
Paris,France,2017-10-10,50.3,21.8,32.1,1.79,13.2,72.5,4.0,33.6,84.3,11.6
Ho Chi Minh City,Vietnam,2016-06-01,139.9,84.6,129.7,2.65,,50.6,8.7,9.0,80.2,13.0
London,UK,2023-03-14,49.3,33.8,51.7,,12.3,68.7,7.1,9.1,84.4,2.4
Delhi,India,2022-06-09,205.4,97.7,186.7,1.09,,63.0,20.0,33.2,48.8,2.9
Mexico City,Mexico,2018-08-14,144.5,81.6,116.9,3.69,29.2,56.3,13.9,32.3,82.2,10.8
Lima,Peru,2016-09-02,89.2,54.3,84.4,4.43,21.9,26.8,8.1,34.9,23.5,14.4
Paris,France,2016-07-15,76.1,44.9,66.8,1.47,22.0,37.9,9.7,12.7,30.4,0.7
Tokyo,Japan,2022-09-29,58.2,29.5,45.5,2.75,10.9,72.8,5.8,17.8,30.4,14.7
Lagos,Nigeria,2021-08-30,116.6,49.2,86.8,3.1,21.3,45.3,15.0,3.8,81.5,9.9
Tokyo,Japan,2017-07-27,10.3,6.5,10.7,1.81,2.3,79.7,1.0,36.4,45.9,1.3
Mumbai,India,2019-10-03,171.4,90.1,131.0,0.3,48.5,70.6,21.3,2.6,29.0,1.5
Toronto,Canada,2021-07-02,36.4,15.9,26.3,1.94,6.4,57.3,4.4,-0.0,22.7,14.9
Sydney,Australia,2017-03-12,57.2,23.8,34.1,0.48,10.2,68.1,4.8,,70.7,7.9
Paris,France,2022-05-29,41.6,29.0,47.5,4.94,10.4,34.9,4.3,39.6,84.3,1.9
Nairobi,Kenya,2021-11-26,125.1,,82.2,2.2,18.4,69.1,10.5,32.2,20.0,5.0
Tokyo,Japan,2024-06-02,67.1,32.7,52.0,2.07,18.5,74.3,6.7,9.9,28.0,14.3
Sydney,Australia,2021-09-15,5.0,2.4,3.7,1.81,0.7,67.0,0.3,23.6,29.3,1.5
Lahore,Pakistan,2023-09-21,184.6,,140.8,4.79,27.6,71.6,12.3,33.4,21.0,7.9
Delhi,India,2016-08-08,166.0,91.4,119.7,4.07,49.2,56.4,16.7,34.5,91.4,11.4
Sydney,Australia,2015-11-23,84.3,38.6,62.3,4.2,19.5,44.7,9.8,0.3,50.1,12.0
Cairo,Egypt,2020-09-23,152.6,69.6,136.7,,23.2,78.2,18.8,26.5,84.0,2.2
Karachi,Pakistan,2023-10-07,158.0,109.7,171.9,3.94,26.6,57.7,10.9,1.6,90.4,13.8
Lahore,Pakistan,2024-04-08,178.1,104.6,195.2,0.62,29.7,38.8,20.2,11.0,31.1,9.1
Dhaka,Bangladesh,2017-07-05,146.0,67.0,98.2,1.71,33.4,56.1,17.5,11.3,81.8,3.5
London,UK,2021-02-12,35.7,22.9,32.6,0.82,9.9,40.6,4.2,-3.9,71.8,5.1
Wuhan,China,2022-01-28,118.1,61.0,82.7,0.99,18.9,25.4,16.7,-4.7,56.3,2.3
Chengdu,China,2022-11-23,177.7,120.5,,4.84,25.1,64.5,18.6,34.8,61.5,8.3
Toronto,Canada,2019-04-27,7.1,4.4,6.8,4.77,1.8,55.8,1.0,-2.8,39.3,7.2
Karachi,Pakistan,2021-04-13,125.7,78.3,152.2,2.29,21.2,77.7,11.9,17.0,46.4,13.7
Tokyo,Japan,2020-07-20,80.8,40.6,65.1,4.29,13.9,67.6,11.6,23.0,75.6,12.2
Buenos Aires,Argentina,2022-11-09,82.5,,57.1,2.19,19.4,47.0,10.3,11.1,67.6,3.2
Chengdu,China,2018-09-19,117.5,57.3,104.5,2.57,16.8,78.0,14.3,38.1,52.0,7.4
Tehran,Iran,2016-12-30,146.6,81.7,146.7,1.49,27.7,27.4,10.3,-5.0,22.9,14.7
Paris,France,2023-12-21,76.8,43.4,61.1,3.72,16.9,63.9,9.8,38.9,63.0,5.5
Buenos Aires,Argentina,2015-08-26,78.9,33.2,64.0,0.86,13.1,68.9,8.7,12.7,55.5,12.9
Cairo,Egypt,2020-11-01,146.1,66.4,106.4,1.08,35.3,52.1,16.6,3.8,35.9,1.1
Nairobi,Kenya,2017-06-07,92.8,52.7,100.2,3.43,17.4,77.2,11.3,36.9,59.6,4.3
Chengdu,China,2022-01-13,141.8,69.6,116.4,2.95,31.2,30.0,12.5,22.8,92.7,11.1
Beijing,China,2023-06-11,170.9,107.4,184.2,1.2,39.9,57.4,18.8,17.0,59.6,5.3
Nairobi,Kenya,2017-01-09,96.6,44.0,59.8,2.35,22.4,46.3,7.5,20.1,46.0,14.0
Bangkok,Thailand,2022-12-12,83.6,46.0,70.4,3.76,9.0,48.5,7.0,36.4,20.9,8.5
Toronto,Canada,2024-03-19,14.1,9.8,,3.19,2.1,49.0,1.3,-1.6,,12.6
Sydney,Australia,2018-08-14,34.1,15.6,25.8,3.91,3.8,54.6,2.1,-3.4,24.0,12.6
Buenos Aires,Argentina,2019-12-28,62.6,40.9,60.7,2.28,6.8,46.9,6.7,20.7,44.9,5.1
Buenos Aires,Argentina,2019-04-15,47.6,24.3,33.3,3.9,14.0,78.2,6.5,22.0,72.6,4.6
Berlin,Germany,2021-03-07,7.5,4.7,7.0,1.79,2.1,23.4,0.7,36.1,65.8,8.4
Los Angeles,USA,2018-09-24,5.0,2.5,4.8,2.93,1.0,26.0,0.3,38.4,48.3,9.2
Beijing,China,2022-05-10,173.8,99.5,138.2,3.03,44.0,44.4,24.0,24.2,87.4,9.5
Nairobi,Kenya,2021-08-10,85.8,42.3,61.0,4.57,21.6,60.6,6.9,3.3,76.7,7.4
Mexico City,Mexico,2015-01-26,61.4,32.7,61.9,1.27,,40.5,9.1,32.7,80.6,5.1
Tehran,Iran,2019-06-14,130.2,84.0,161.2,0.71,27.0,74.8,11.6,32.3,30.0,14.1
Los Angeles,USA,2022-04-16,60.0,30.5,59.8,1.6,10.0,62.0,7.6,36.8,35.4,12.1
Cairo,Egypt,2021-09-12,142.5,59.7,93.8,1.63,22.9,79.0,16.3,27.3,93.2,6.0
Dhaka,Bangladesh,2015-04-11,206.6,93.9,184.3,1.33,34.1,65.4,18.5,22.4,53.3,11.3
Wuhan,China,2024-04-30,154.4,64.5,97.3,2.53,20.6,41.3,13.9,-2.4,63.7,13.3
Jakarta,Indonesia,2023-08-28,170.5,89.7,160.6,2.23,34.3,20.4,20.3,24.8,22.9,5.8
Mumbai,India,2022-02-20,210.0,110.5,182.5,4.58,51.1,54.9,27.3,33.9,54.3,7.4
Tehran,Iran,2023-02-21,117.0,66.1,105.2,4.43,16.5,69.6,12.4,-2.5,92.9,7.9
Paris,France,2023-10-22,47.0,25.4,48.3,1.73,6.5,27.7,3.7,30.1,55.4,3.8
Tehran,Iran,2018-02-14,153.8,,154.0,2.58,20.9,73.5,14.8,26.9,,1.2
Mumbai,India,2018-05-01,174.8,107.7,161.2,1.17,18.9,21.3,22.3,1.0,55.1,9.3
Cairo,Egypt,2023-11-17,125.2,70.2,114.7,2.13,34.7,73.6,10.5,22.7,89.5,14.4
Johannesburg,South Africa,2024-06-05,118.1,63.3,,4.81,15.2,54.8,9.2,7.6,50.4,15.0
Lahore,Pakistan,2024-07-29,146.2,65.3,104.9,2.7,22.2,39.0,8.6,,92.5,14.2
Berlin,Germany,2016-01-08,46.5,26.6,51.4,0.33,12.2,76.9,2.7,2.3,92.1,8.3
Tokyo,Japan,2015-10-10,49.8,30.3,54.9,4.98,7.8,52.3,5.1,13.3,32.7,14.7
Karachi,Pakistan,2015-07-23,120.7,78.9,,1.58,14.6,37.7,7.1,25.1,30.0,12.9
Mexico City,Mexico,2018-07-26,63.1,33.4,61.7,2.58,16.3,54.6,5.3,31.4,37.9,3.8
Delhi,India,2019-03-26,144.6,69.2,90.4,3.35,29.2,46.7,21.2,20.7,84.8,2.5
Buenos Aires,Argentina,2018-01-10,72.0,44.3,69.2,0.73,13.8,43.7,9.8,6.0,92.5,14.4
Karachi,Pakistan,2018-11-22,201.1,,195.4,4.84,37.9,39.3,20.6,25.9,40.5,11.2
Cairo,Egypt,2024-04-05,126.0,63.8,97.0,2.61,20.7,31.5,10.2,38.9,50.8,6.9
Lima,Peru,2018-02-05,59.3,41.2,60.5,3.5,14.4,56.4,3.5,,24.8,9.1
Seoul,South Korea,2023-11-25,100.3,41.0,77.5,2.46,14.4,28.0,14.6,-1.7,34.9,5.5
Jakarta,Indonesia,2018-07-16,107.1,60.3,83.7,,15.8,32.8,9.8,26.7,36.3,5.8
Bangkok,Thailand,2024-09-27,81.1,34.1,51.9,1.55,16.3,66.7,11.0,33.0,47.0,10.5
Mumbai,India,2018-06-18,202.0,84.5,151.3,0.35,36.7,39.8,24.1,29.5,,12.3
Lahore,Pakistan,2024-08-16,221.0,134.3,267.5,1.36,51.4,56.6,31.3,2.0,76.4,8.7
Los Angeles,USA,2019-04-20,42.9,23.3,35.7,3.02,11.9,54.2,4.9,18.3,23.8,3.9
Jakarta,Indonesia,2017-12-25,106.5,56.9,96.0,1.7,20.3,29.8,8.6,22.9,42.6,13.5
Stockholm,Sweden,2024-04-29,34.6,20.5,38.7,3.01,7.9,47.5,3.6,-3.5,67.9,1.7
Lima,Peru,2016-04-23,43.7,23.2,46.3,1.34,5.3,55.1,4.3,18.6,70.0,4.4
Karachi,Pakistan,2024-06-08,142.9,75.8,105.4,3.79,32.7,38.9,16.0,4.9,53.4,13.5
Istanbul,Turkey,2022-02-10,130.1,89.9,145.4,2.68,27.9,75.9,17.7,2.7,52.8,7.2
Bangkok,Thailand,2020-10-12,87.6,50.9,89.5,4.99,10.1,33.4,8.0,10.7,21.6,1.8
Paris,France,2015-12-04,49.2,27.6,40.8,3.91,12.3,55.3,3.5,-0.6,24.8,9.1
Wuhan,China,2016-08-03,191.5,125.9,204.5,3.99,55.4,36.5,17.2,36.9,45.4,13.8
Lahore,Pakistan,2017-08-27,201.2,125.7,225.0,1.74,22.4,40.6,23.5,-0.4,20.9,2.5
Paris,France,2017-05-12,63.9,44.2,87.9,2.62,17.5,64.2,6.4,,30.3,14.1
Mumbai,India,2022-09-24,237.9,119.0,175.9,3.27,25.0,63.2,24.1,22.3,67.4,8.1
Chengdu,China,2024-02-25,141.8,85.8,156.8,3.72,38.9,31.4,12.8,37.7,49.7,2.3
Cairo,Egypt,2016-02-16,125.0,87.5,146.8,1.64,37.4,78.0,11.8,6.7,82.9,10.9
Buenos Aires,Argentina,2024-06-22,58.5,39.0,69.6,1.63,14.0,38.3,7.4,22.9,25.8,7.9
Ho Chi Minh City,Vietnam,2019-09-14,159.5,79.2,146.0,0.63,37.0,68.6,18.7,17.4,91.3,4.8
Delhi,India,2023-12-25,130.6,69.2,,4.78,18.5,67.3,16.6,4.8,66.6,1.2
Los Angeles,USA,2021-11-01,74.9,35.7,68.7,3.0,12.8,70.0,7.4,36.0,89.6,2.9
Mexico City,Mexico,2017-09-04,87.1,60.5,117.1,0.56,23.2,47.5,6.6,34.5,34.8,14.2
Beijing,China,2017-09-27,120.2,67.8,120.6,1.19,24.6,48.1,6.9,31.8,45.2,8.8
Sydney,Australia,2020-01-24,51.3,28.4,39.1,2.29,9.8,64.0,6.9,19.5,26.5,3.9
Toronto,Canada,2021-10-17,30.4,,20.7,0.56,,26.2,2.0,14.4,58.3,2.5
London,UK,2022-02-21,18.1,8.1,14.5,3.47,5.4,79.1,2.1,6.0,79.9,2.1
Berlin,Germany,2018-02-20,35.4,20.9,33.4,2.36,5.7,65.7,5.1,37.3,33.1,13.2
Chengdu,China,2018-12-27,183.0,87.1,117.3,1.56,51.7,58.0,22.3,6.6,74.0,0.9
Buenos Aires,Argentina,2021-04-26,34.8,22.5,33.0,3.37,6.3,55.8,2.1,-4.2,88.2,4.4
Seoul,South Korea,2015-04-22,95.8,67.0,97.1,1.55,22.3,77.9,13.6,17.6,79.6,2.5
Los Angeles,USA,2022-05-20,57.2,31.8,46.1,3.97,8.1,35.6,3.4,13.0,51.4,8.0
Berlin,Germany,2018-03-10,37.9,25.4,35.5,0.56,3.9,28.6,4.4,27.7,79.0,4.0
Los Angeles,USA,2019-07-04,33.0,19.3,38.3,2.0,8.3,50.0,2.1,21.2,42.5,1.0
Ho Chi Minh City,Vietnam,2020-12-13,129.2,84.9,130.9,2.13,35.9,68.8,15.7,6.2,88.3,2.7
Dhaka,Bangladesh,2016-09-07,177.1,85.6,138.2,1.92,23.8,57.3,24.5,38.2,34.4,10.9
Berlin,Germany,2017-02-11,35.0,17.6,23.1,3.54,10.1,57.9,3.3,18.6,35.0,11.4
São Paulo,Brazil,2015-06-18,45.3,22.9,36.9,0.63,9.8,55.9,5.6,-3.7,60.6,1.3
Toronto,Canada,2019-11-13,27.4,11.4,22.1,3.6,5.5,46.5,1.7,8.1,85.2,13.6
Wuhan,China,2024-01-01,207.4,121.5,164.9,1.32,31.1,69.9,20.0,16.9,90.1,9.7
Berlin,Germany,2019-08-14,62.4,33.5,47.0,4.67,12.0,30.9,5.0,-2.7,55.1,12.9
Beijing,China,2017-12-10,150.3,98.7,153.1,3.27,36.5,45.8,12.1,38.3,92.3,4.7
Dhaka,Bangladesh,2017-08-22,172.6,119.4,155.6,2.24,20.7,50.5,9.1,13.3,36.6,8.2
Mexico City,Mexico,2019-03-07,123.4,72.9,96.9,1.27,35.2,42.0,7.4,26.6,42.5,4.4
Beijing,China,2021-01-22,171.7,112.9,178.9,4.91,39.5,64.5,9.1,0.5,67.5,13.5
Cairo,Egypt,2018-03-18,118.0,80.8,128.0,3.93,23.2,73.9,16.6,-1.1,90.2,12.5
Tehran,Iran,2017-08-19,177.3,81.6,152.1,4.3,28.0,77.1,9.7,1.7,60.3,8.8
Lima,Peru,2023-11-20,76.1,51.7,91.4,4.17,7.8,52.5,7.3,17.5,25.4,10.4
Beijing,China,2019-07-15,151.8,95.6,156.7,1.0,34.9,30.3,20.8,22.6,31.8,14.5
Tehran,Iran,2021-04-27,92.9,38.0,52.6,3.22,26.6,32.4,11.5,34.0,59.1,10.2
Sydney,Australia,2019-03-02,52.1,24.9,37.6,0.3,15.3,75.1,6.6,-1.4,53.6,2.0
Johannesburg,South Africa,2024-06-17,103.1,69.2,123.7,0.75,16.0,39.2,13.0,31.1,48.9,6.6
Karachi,Pakistan,2015-03-01,173.3,84.4,136.3,0.85,33.0,71.2,18.7,-1.4,34.4,7.4
Mexico City,Mexico,2021-02-11,40.4,26.4,43.5,2.52,8.0,70.8,5.4,13.2,45.0,7.6
Tokyo,Japan,2019-04-04,83.5,39.4,73.0,2.59,13.9,26.4,6.2,,42.9,2.9
Buenos Aires,Argentina,2015-08-10,79.6,45.0,,2.4,23.3,42.6,6.0,6.0,54.3,11.5
Beijing,China,2019-07-31,101.5,62.2,81.8,2.27,25.9,40.3,10.8,4.2,75.6,1.3
Seoul,South Korea,2018-02-18,94.2,47.7,86.1,1.8,26.5,27.6,6.4,17.2,26.1,3.3
Los Angeles,USA,2019-09-23,47.6,33.0,51.5,4.64,9.9,36.2,5.7,24.7,94.2,4.3
Wuhan,China,2020-11-03,177.6,98.2,148.3,1.01,27.9,42.6,22.3,19.3,25.8,0.8
Paris,France,2021-04-10,66.6,34.8,68.0,3.3,17.3,48.0,5.7,-0.1,85.7,11.9
Johannesburg,South Africa,2023-05-28,11.3,6.6,13.0,3.02,2.3,23.0,0.6,3.4,22.4,11.3
Mexico City,Mexico,2017-11-04,186.5,82.2,155.0,1.03,29.9,34.9,16.3,6.5,56.7,6.4
Berlin,Germany,2018-12-13,46.4,19.3,36.4,2.71,9.5,53.7,3.1,3.9,43.9,9.1
Tokyo,Japan,2019-02-12,44.3,19.3,38.2,0.4,11.6,67.3,3.5,1.1,30.9,10.6
Bangkok,Thailand,2020-03-08,74.4,35.2,66.5,1.28,8.5,62.2,6.7,36.4,68.8,1.8
Buenos Aires,Argentina,2017-12-01,79.3,37.9,58.1,2.19,8.7,49.8,4.9,13.0,46.3,11.7
Tokyo,Japan,2018-10-09,48.2,24.7,34.7,4.05,11.6,31.4,4.2,-0.2,67.1,2.3
Dhaka,Bangladesh,2019-02-22,144.5,91.6,144.1,3.02,40.8,53.2,9.7,12.0,83.2,9.8
Mexico City,Mexico,2017-05-21,159.9,100.3,172.9,1.08,41.5,63.2,9.4,15.9,33.0,5.4
Mumbai,India,2018-01-02,189.2,98.4,165.8,3.21,44.0,70.2,13.5,0.4,83.9,2.8
Chengdu,China,2019-01-29,160.1,111.2,152.1,1.72,36.4,41.0,22.9,-2.0,61.2,9.1
Johannesburg,South Africa,2016-12-12,126.9,60.5,94.1,4.27,17.6,69.6,13.5,29.3,73.5,3.5
Mumbai,India,2019-12-29,174.1,120.1,194.2,0.97,31.0,77.1,14.3,34.1,86.1,5.6
Johannesburg,South Africa,2023-03-09,121.8,75.2,114.2,3.98,23.0,49.1,15.6,12.2,53.2,6.0
Mumbai,India,2019-04-19,221.4,112.6,,3.45,34.1,36.7,31.7,27.6,63.3,9.9
Wuhan,China,2015-04-25,163.5,90.4,152.0,1.99,19.0,31.6,23.7,13.4,55.0,1.3
Tokyo,Japan,2021-03-14,69.4,38.3,56.4,3.8,9.3,31.4,6.7,7.9,38.6,9.9
Cairo,Egypt,2024-01-20,183.5,117.7,221.1,4.38,33.5,61.9,14.1,40.0,33.2,0.6
Istanbul,Turkey,2016-07-20,86.4,46.1,90.8,4.62,14.0,32.5,11.6,35.8,60.6,9.6
Toronto,Canada,2015-10-11,84.7,54.2,94.5,2.67,9.5,75.0,9.5,3.7,65.5,10.3
Ho Chi Minh City,Vietnam,2018-09-18,148.4,101.5,135.8,0.8,20.0,61.4,17.0,35.1,75.0,7.9
Lima,Peru,2018-02-06,124.1,59.6,112.2,2.31,28.5,63.6,14.1,1.3,53.2,8.6
Istanbul,Turkey,2022-08-31,119.4,63.5,107.0,4.04,25.9,77.6,13.9,18.5,21.8,6.5
Buenos Aires,Argentina,2016-09-08,61.7,38.5,55.7,1.26,8.5,27.5,5.0,34.9,78.1,11.2
Paris,France,2015-08-12,64.6,28.5,43.7,3.06,7.8,63.8,5.7,30.3,57.0,3.1
Mexico City,Mexico,2016-01-29,100.1,66.5,110.5,3.94,21.3,53.2,6.2,0.7,59.7,4.4
Mumbai,India,2024-06-12,146.9,65.1,130.2,3.23,27.4,37.3,16.2,-2.8,27.1,1.0
Johannesburg,South Africa,2024-12-08,107.2,62.2,83.6,3.69,15.7,61.1,15.9,26.1,86.2,14.2
Lahore,Pakistan,2022-12-09,193.7,98.2,145.7,4.75,47.5,33.2,18.4,30.8,61.0,9.9
Dhaka,Bangladesh,2015-12-23,188.6,110.7,185.7,3.82,46.3,57.8,16.2,13.3,92.8,2.1
Sydney,Australia,2017-07-02,72.7,32.7,48.8,0.61,17.5,34.3,6.5,15.0,86.8,6.5
Jakarta,Indonesia,2022-05-10,119.1,66.4,131.1,3.16,35.3,70.5,6.4,,41.5,8.6
Los Angeles,USA,2019-04-08,73.5,33.9,64.9,0.44,8.7,71.3,8.3,28.6,35.7,8.3
Beijing,China,2020-03-09,153.4,90.2,147.1,4.81,36.1,74.5,18.9,28.1,26.0,5.7
Karachi,Pakistan,2023-03-29,157.4,78.4,114.0,4.65,43.1,50.0,8.8,27.2,66.8,14.6
Ho Chi Minh City,Vietnam,2015-06-14,121.2,60.7,101.0,4.9,29.0,60.3,9.0,28.5,76.3,5.1
Karachi,Pakistan,2015-12-06,139.1,56.7,85.1,2.9,14.0,37.0,19.2,21.7,65.6,6.3
Lagos,Nigeria,2019-08-27,83.7,54.1,74.7,3.38,14.1,64.9,8.8,15.4,32.7,9.7
London,UK,2018-03-13,65.0,35.8,63.2,4.59,17.9,50.1,6.1,10.3,73.9,4.7
Los Angeles,USA,2021-09-24,49.2,24.9,35.5,3.57,11.0,49.0,4.4,35.9,22.2,11.7
Mexico City,Mexico,2016-02-05,167.0,114.1,165.3,2.74,32.6,35.5,22.0,35.5,78.6,3.3
Istanbul,Turkey,2018-04-24,34.7,20.2,27.0,3.46,7.1,59.8,3.8,14.0,35.1,4.9
Cairo,Egypt,2015-09-10,165.5,104.3,206.5,1.64,18.9,40.7,20.6,14.7,81.3,8.5
Los Angeles,USA,2023-10-23,74.3,50.8,68.5,2.45,16.5,35.4,6.7,,37.0,9.2
Cairo,Egypt,2024-04-17,129.8,62.2,112.4,1.19,36.2,45.9,9.1,14.7,50.7,6.7
Stockholm,Sweden,2023-04-30,5.0,2.8,3.9,0.61,1.2,53.6,0.4,31.4,49.1,12.0
Nairobi,Kenya,2015-03-29,118.9,57.5,100.8,4.4,12.9,69.8,12.7,22.3,59.2,13.2
Beijing,China,2018-09-21,146.0,69.8,133.6,3.84,15.1,51.0,15.0,13.0,42.3,10.4
Lahore,Pakistan,2020-07-28,187.1,98.2,147.1,1.63,36.8,63.2,16.1,22.5,48.7,4.9
Bangkok,Thailand,2017-01-12,116.9,46.9,68.4,2.21,31.6,67.9,9.0,6.0,37.0,5.4
Chengdu,China,2015-04-15,116.5,51.2,67.0,1.02,28.1,34.6,11.3,21.6,86.5,13.4
Lagos,Nigeria,2021-01-21,100.5,41.3,70.3,4.0,10.4,53.0,13.6,16.3,20.3,0.7
Wuhan,China,2023-02-15,173.4,106.2,151.3,4.48,32.7,28.6,21.9,30.5,67.9,12.9
Wuhan,China,2017-04-12,131.9,87.7,140.6,3.81,39.6,63.5,8.1,18.3,64.1,3.0
Tehran,Iran,2018-07-28,127.4,,139.7,0.6,28.0,56.1,7.2,38.8,60.8,8.6
Dhaka,Bangladesh,2018-12-14,162.3,94.7,140.6,1.65,32.8,68.4,8.9,22.2,80.5,2.8
Karachi,Pakistan,2019-04-14,194.0,85.6,136.9,2.9,42.6,36.5,17.5,30.0,90.6,13.0
Delhi,India,2021-07-29,129.0,,103.5,0.89,15.7,61.3,9.8,,94.9,3.2
Tokyo,Japan,2024-06-02,65.2,38.4,59.7,2.82,16.8,69.1,9.5,32.1,62.4,3.1
Cairo,Egypt,2024-11-22,103.7,43.2,76.2,4.1,20.9,23.3,10.7,37.1,64.8,12.2
Tehran,Iran,2024-08-30,115.2,48.2,80.0,0.88,33.7,37.4,15.6,12.4,44.2,14.1
Karachi,Pakistan,2023-09-21,193.1,99.9,137.2,3.45,30.5,55.1,21.1,27.4,75.9,8.0
London,UK,2018-02-12,30.1,16.6,26.3,4.32,5.6,43.2,3.6,22.1,28.0,7.9
Sydney,Australia,2024-07-17,61.4,42.8,74.6,2.04,8.9,72.4,8.1,5.5,35.0,10.9
Ho Chi Minh City,Vietnam,2019-09-26,146.0,80.5,109.3,,24.5,71.4,13.6,3.7,34.3,11.6
São Paulo,Brazil,2021-10-04,82.7,52.1,75.3,1.81,16.0,76.6,11.8,4.3,46.9,2.7
Beijing,China,2018-09-16,187.8,127.5,200.0,2.61,52.4,68.4,9.5,9.4,51.6,3.8
Berlin,Germany,2022-07-22,39.3,16.2,28.3,1.53,4.3,33.9,5.1,33.3,56.2,6.5
Karachi,Pakistan,2020-07-08,151.9,74.1,105.3,2.08,42.9,56.9,13.9,37.0,23.6,3.5
Stockholm,Sweden,2021-12-30,11.0,6.4,8.5,2.19,2.5,61.9,1.3,9.4,27.0,6.7
Berlin,Germany,2020-11-05,40.9,20.3,37.2,2.64,6.6,68.7,5.6,25.3,23.5,8.7
Tokyo,Japan,2021-01-08,79.8,35.2,51.4,4.45,8.3,65.2,7.8,15.1,20.5,12.4
Sydney,Australia,2024-04-28,93.8,57.3,112.8,2.8,16.9,77.2,10.7,8.4,29.5,12.7
Delhi,India,2022-11-17,193.5,101.5,139.9,0.66,41.7,58.6,26.1,8.2,32.6,6.0
Stockholm,Sweden,2023-08-26,52.1,33.9,64.0,1.73,9.7,48.2,3.4,-3.6,91.0,4.0
Lagos,Nigeria,2018-02-28,111.9,47.5,92.7,3.02,26.1,74.7,9.5,23.0,22.9,3.2
Tokyo,Japan,2015-05-13,39.4,20.2,33.9,0.3,5.8,32.5,3.0,31.3,41.0,3.3
Johannesburg,South Africa,2022-09-11,126.7,83.6,122.8,0.67,21.7,64.9,13.3,31.8,92.0,12.0
Mumbai,India,2016-09-12,185.3,108.4,141.2,0.34,48.5,35.6,21.1,15.4,84.8,13.8
Lima,Peru,2019-02-24,65.3,29.1,55.5,1.55,14.3,50.3,3.4,37.0,,10.5
Tokyo,Japan,2023-06-13,58.1,38.5,64.3,4.67,11.4,49.4,3.6,31.1,38.5,13.5
Seoul,South Korea,2024-05-09,41.5,28.3,47.1,3.48,10.6,27.9,4.6,-3.5,57.3,2.7
Lahore,Pakistan,2019-10-17,140.6,82.5,111.6,2.67,19.2,54.4,16.0,20.1,75.4,5.4
Stockholm,Sweden,2016-12-19,5.0,2.7,4.1,0.45,1.1,51.4,0.4,-3.3,94.6,7.5
São Paulo,Brazil,2022-03-09,69.8,40.3,76.0,0.51,10.3,73.4,3.6,4.1,91.9,9.4
Stockholm,Sweden,2024-04-29,5.0,2.1,2.8,1.45,1.4,45.0,0.6,36.3,50.6,3.3
Stockholm,Sweden,2015-04-11,35.5,20.3,39.3,0.88,7.3,72.8,3.2,16.7,25.3,4.5
Lima,Peru,2017-10-06,62.6,42.8,64.1,2.47,14.7,29.7,6.2,28.2,85.0,9.6
Jakarta,Indonesia,2017-06-23,130.5,62.6,122.3,3.68,32.7,33.1,12.3,22.8,77.7,2.0
Nairobi,Kenya,2015-04-28,65.9,42.6,72.8,2.69,10.8,63.9,5.2,28.2,25.3,13.0
Buenos Aires,Argentina,2023-05-21,126.5,74.3,103.4,3.85,19.6,74.3,16.7,10.6,80.6,5.7
Bangkok,Thailand,2022-01-29,66.0,45.4,79.8,2.44,11.8,39.5,9.8,1.1,43.6,7.5
Ho Chi Minh City,Vietnam,2017-09-17,90.8,40.3,59.6,4.6,,65.4,11.4,31.4,86.5,4.3
Karachi,Pakistan,2015-09-28,166.5,113.2,222.2,2.03,21.2,51.1,10.2,37.0,33.8,4.2
Jakarta,Indonesia,2021-03-08,157.7,84.6,120.2,1.56,31.8,28.8,17.5,20.5,73.6,14.1
Istanbul,Turkey,2023-07-16,80.1,54.8,80.6,0.92,12.8,73.7,11.8,33.7,28.3,14.2
Toronto,Canada,2024-12-05,39.2,16.2,27.3,1.89,7.6,56.8,5.4,24.8,52.6,12.4
Sydney,Australia,2019-10-01,28.5,16.5,29.5,4.18,3.2,48.8,2.9,2.6,44.2,6.9
Mexico City,Mexico,2021-06-11,115.7,60.0,88.6,4.92,34.3,75.5,14.9,9.7,81.3,6.4
Lagos,Nigeria,2016-07-21,129.0,80.4,109.0,0.53,24.5,46.7,18.0,0.7,29.2,2.6
Wuhan,China,2016-07-13,166.3,88.0,161.5,4.97,38.5,23.0,10.1,34.6,59.6,12.5
Ho Chi Minh City,Vietnam,2024-08-05,113.2,76.8,150.8,2.91,19.0,77.7,11.9,-2.1,68.2,9.0
Lahore,Pakistan,2020-09-27,131.3,90.6,168.6,3.26,20.8,42.4,15.4,-1.8,39.3,10.9
Toronto,Canada,2017-08-21,79.3,41.3,58.0,2.38,20.1,35.8,4.0,25.1,92.9,9.3
Beijing,China,2017-12-24,184.2,86.5,149.3,2.19,26.1,68.8,22.9,24.8,37.7,1.9
Chengdu,China,2015-08-25,148.2,61.8,83.8,4.97,38.0,75.3,10.3,38.2,30.7,7.9
Lagos,Nigeria,2020-01-20,82.0,35.9,49.8,3.21,,66.6,8.7,24.1,21.0,2.9
Nairobi,Kenya,2023-02-17,24.0,10.1,18.0,1.13,5.8,62.4,1.8,7.1,69.1,6.2
Beijing,China,2022-06-20,156.3,89.7,128.4,4.53,36.7,58.0,9.4,22.2,29.1,1.6
Lahore,Pakistan,2017-10-08,99.9,47.5,84.4,3.51,20.0,66.7,13.4,21.1,66.4,4.6
London,UK,2023-08-18,44.3,27.3,37.1,1.16,9.7,53.6,5.5,31.6,29.6,0.8
Mexico City,Mexico,2017-04-20,107.9,45.3,80.7,2.99,19.5,41.8,7.7,25.1,92.8,3.0
Tokyo,Japan,2023-03-02,15.2,7.2,13.6,2.58,3.2,38.3,1.0,-1.1,73.6,3.3
Karachi,Pakistan,2023-08-06,106.3,55.0,87.4,,18.4,26.0,8.6,24.9,69.9,4.7
Lahore,Pakistan,2020-01-30,153.0,62.3,120.0,1.29,22.3,36.8,9.6,23.8,25.6,2.4
Istanbul,Turkey,2021-09-30,77.0,38.6,,2.92,11.6,59.0,4.7,19.1,52.8,4.4
Bangkok,Thailand,2024-02-21,55.6,26.0,38.5,2.55,9.7,74.8,4.8,11.8,48.8,12.6
Johannesburg,South Africa,2018-08-23,140.2,81.9,125.6,4.14,15.1,72.2,14.2,12.9,57.3,10.2
Wuhan,China,2019-04-26,155.4,78.2,109.2,2.37,31.0,44.2,18.3,13.9,92.1,9.2
São Paulo,Brazil,2024-04-21,111.8,48.4,76.4,1.88,23.9,71.7,6.5,-1.7,83.8,3.6
Mumbai,India,2019-01-26,217.6,95.2,132.4,2.92,62.9,44.9,18.0,22.3,89.8,12.6
Nairobi,Kenya,2019-09-05,84.8,34.5,47.6,3.16,22.4,37.1,6.3,30.4,24.2,5.9
Chengdu,China,2020-11-23,210.2,106.5,184.1,3.05,44.0,58.4,16.0,-1.2,28.9,3.8
Mexico City,Mexico,2016-02-21,123.3,80.4,143.9,4.01,21.0,44.3,11.0,3.6,24.6,9.1
Wuhan,China,2021-12-12,158.5,74.8,146.5,3.14,19.2,54.4,15.9,33.5,,4.2
Ho Chi Minh City,Vietnam,2017-09-19,146.5,82.5,120.7,3.0,38.7,21.7,16.6,10.7,42.0,6.2
Mexico City,Mexico,2021-07-19,94.2,58.4,79.8,4.77,21.1,62.4,7.5,13.5,36.8,14.0
Mexico City,Mexico,2023-07-28,133.3,,144.3,,13.4,27.2,13.8,25.4,51.3,11.1
Istanbul,Turkey,2017-11-22,110.0,73.5,101.6,4.95,15.6,20.7,16.5,7.6,70.1,3.1
Nairobi,Kenya,2023-09-02,102.6,68.9,105.0,3.45,14.1,57.5,8.6,4.5,43.5,3.1
Ho Chi Minh City,Vietnam,2023-11-06,86.9,46.5,70.8,3.8,25.6,46.3,11.8,20.5,31.8,10.5
Ho Chi Minh City,Vietnam,2023-12-30,112.6,67.0,128.9,2.37,31.6,65.0,11.1,22.1,44.4,14.8
London,UK,2022-11-22,41.7,24.5,32.8,0.41,7.9,40.0,3.9,6.8,32.4,10.5
Johannesburg,South Africa,2023-01-12,81.3,37.4,57.0,3.08,9.3,28.8,4.7,31.6,76.4,11.4
Dhaka,Bangladesh,2024-06-06,166.6,98.8,,3.22,42.6,50.0,14.3,7.5,68.2,10.5
Sydney,Australia,2021-05-29,96.6,48.6,89.3,2.94,26.7,51.7,9.8,21.0,76.2,14.5
Los Angeles,USA,2017-02-07,124.6,67.9,92.7,3.91,31.1,38.7,10.0,32.7,25.4,13.3
Berlin,Germany,2015-09-16,60.1,34.7,67.9,3.49,11.0,61.4,5.1,7.5,94.8,11.4
Istanbul,Turkey,2017-02-20,124.4,62.5,81.5,2.55,12.8,25.5,10.3,14.7,41.0,8.9
Karachi,Pakistan,2024-03-04,189.4,88.4,172.1,2.3,56.3,53.2,27.1,-4.8,76.1,13.6
Mumbai,India,2019-04-23,175.1,119.1,200.0,2.78,22.5,20.0,22.9,-1.1,67.5,13.8
Istanbul,Turkey,2021-09-16,68.9,41.3,56.0,3.14,9.1,64.2,5.5,15.9,65.0,3.0
Tehran,Iran,2018-04-27,171.2,76.6,136.5,0.9,31.7,34.8,21.4,6.8,86.1,13.4
Stockholm,Sweden,2016-08-14,5.0,2.9,4.0,2.14,1.2,59.6,0.6,7.7,48.4,2.0
Paris,France,2015-03-28,104.1,49.4,75.4,1.87,10.9,40.5,13.6,35.4,58.9,7.1
Mumbai,India,2015-08-16,181.0,120.2,157.3,4.74,35.8,40.5,25.8,-3.9,63.6,8.5
São Paulo,Brazil,2023-07-02,136.8,84.5,109.9,4.7,18.2,34.0,10.4,-3.3,29.2,14.8
Los Angeles,USA,2018-04-13,28.5,12.4,17.0,3.68,7.7,35.4,1.5,5.0,24.2,2.0
Delhi,India,2015-08-05,182.8,87.0,170.4,,,41.3,16.1,13.5,74.6,7.0
Lima,Peru,2020-10-24,28.1,19.2,29.4,2.94,3.3,32.0,2.6,,85.7,2.8
Delhi,India,2020-04-06,227.7,117.3,223.8,2.97,42.8,24.0,22.0,31.9,66.1,12.6
Sydney,Australia,2016-01-26,61.3,41.3,,3.34,9.2,70.2,6.2,1.1,62.8,6.4
Mumbai,India,2020-03-11,173.2,84.3,110.5,3.0,31.3,42.5,11.8,14.4,93.8,4.8
Toronto,Canada,2018-07-11,68.7,43.5,79.4,1.85,15.3,72.3,3.5,14.6,36.8,6.1
Cairo,Egypt,2015-06-15,118.4,65.6,111.2,2.62,29.2,43.0,17.1,16.7,62.8,12.5
Istanbul,Turkey,2017-01-28,102.0,43.1,77.4,2.57,28.5,79.0,9.2,13.7,50.6,5.2
Berlin,Germany,2020-10-03,38.0,15.7,,1.67,10.0,25.3,5.0,25.1,74.9,6.8
Jakarta,Indonesia,2020-08-10,168.4,98.1,180.4,2.4,32.8,58.6,10.2,14.6,92.9,1.0
Johannesburg,South Africa,2023-07-20,120.9,52.2,90.8,0.75,14.4,63.7,10.0,39.0,22.8,7.0
Berlin,Germany,2015-05-07,5.0,2.5,5.1,4.48,0.5,53.8,0.6,4.4,30.9,13.6
Los Angeles,USA,2015-06-07,18.2,8.2,11.1,3.56,4.7,69.6,2.6,34.6,95.0,4.0
Lima,Peru,2022-07-21,114.0,65.7,97.4,4.91,31.9,27.7,6.0,26.0,65.3,14.1
Karachi,Pakistan,2023-04-23,164.0,66.5,88.1,,27.9,44.6,8.5,7.2,80.4,9.4
Lahore,Pakistan,2020-11-08,159.6,85.3,129.3,2.57,26.3,70.3,12.7,,30.3,10.5
Nairobi,Kenya,2016-12-16,114.2,78.6,136.7,1.52,18.1,62.3,14.1,8.7,45.9,14.9
Bangkok,Thailand,2018-06-26,162.0,84.5,113.5,4.16,19.2,60.4,9.0,25.3,83.2,6.3
Tehran,Iran,2017-10-10,91.6,58.7,87.5,3.7,12.9,35.0,7.7,21.5,54.1,11.3
Beijing,China,2022-12-26,136.1,,101.2,4.16,15.2,56.7,12.0,30.7,85.6,12.8
Lahore,Pakistan,2015-03-23,194.3,108.8,145.5,2.45,56.0,73.3,11.7,28.5,80.4,4.4
Delhi,India,2019-01-19,162.0,99.4,159.7,0.83,39.1,74.7,18.7,,,3.2
Karachi,Pakistan,2015-03-27,232.7,111.0,218.1,1.1,68.2,20.9,22.8,10.0,53.7,8.8
Beijing,China,2023-08-13,184.7,96.8,175.6,3.52,49.2,35.0,20.5,21.3,47.7,7.5
Johannesburg,South Africa,2024-10-18,79.0,34.1,60.6,3.41,22.9,63.8,4.4,34.8,84.7,6.9
Lima,Peru,2018-05-29,61.2,42.4,70.9,4.56,7.1,31.5,5.8,,81.2,14.8
London,UK,2024-05-09,7.0,3.8,7.0,3.92,1.4,38.3,1.0,24.9,50.6,4.6
Jakarta,Indonesia,2019-05-28,133.2,62.9,89.4,2.79,21.0,57.7,8.2,24.5,41.2,0.5
Los Angeles,USA,2022-05-06,77.1,44.9,89.0,2.06,18.2,23.8,6.9,38.4,60.4,4.7
Wuhan,China,2019-07-19,138.8,84.8,148.6,2.06,40.3,21.3,11.2,36.4,44.1,4.2
Berlin,Germany,2020-05-23,59.2,30.5,48.2,3.98,17.3,27.6,5.4,16.6,48.2,5.8
Johannesburg,South Africa,2022-12-20,64.2,38.9,62.4,1.22,16.9,68.2,6.3,8.4,67.9,4.7
Mumbai,India,2020-07-09,166.8,113.6,189.0,2.01,45.8,43.7,13.9,4.3,48.3,5.1
Bangkok,Thailand,2022-07-27,82.1,40.0,68.1,0.61,11.4,44.4,11.8,12.0,69.8,4.2
Delhi,India,2015-11-15,211.9,136.3,270.7,4.65,59.2,63.9,18.4,-0.2,71.6,14.7
Nairobi,Kenya,2021-06-03,77.2,52.4,97.7,1.07,11.6,40.5,5.2,21.2,93.2,11.5
Istanbul,Turkey,2016-01-25,34.7,15.0,24.2,1.49,9.8,26.1,1.9,-4.8,44.6,10.1
Beijing,China,2023-02-04,169.2,90.7,161.3,1.99,39.5,22.4,15.1,30.6,80.2,10.9
Seoul,South Korea,2021-04-10,73.6,34.1,56.2,2.54,20.6,22.1,6.0,21.8,65.4,7.5
Chengdu,China,2024-04-21,135.5,56.7,106.2,2.63,17.2,73.1,15.6,2.4,22.5,2.5
Los Angeles,USA,2021-07-28,38.9,15.9,28.7,4.11,10.1,27.7,5.5,25.3,87.3,7.0
Stockholm,Sweden,2024-12-12,11.2,7.1,9.7,2.75,3.0,69.8,1.6,26.4,35.6,0.8
Wuhan,China,2015-05-17,111.6,48.8,83.5,3.89,33.3,65.5,14.4,22.7,93.9,9.8
Seoul,South Korea,2015-05-26,87.6,59.9,116.8,2.09,10.1,30.3,4.9,-0.3,33.8,5.4
Chengdu,China,2024-05-30,132.1,79.5,142.5,2.93,37.1,26.7,8.9,14.3,29.5,8.7
Buenos Aires,Argentina,2016-05-25,85.5,41.5,58.9,1.88,18.9,54.5,5.7,0.6,22.0,0.7
Delhi,India,2017-11-20,195.6,127.2,209.0,3.88,52.2,40.9,27.2,16.2,59.6,15.0
Bangkok,Thailand,2019-02-05,97.8,49.8,65.0,3.24,23.6,59.0,14.4,33.8,53.7,1.4
Buenos Aires,Argentina,2015-11-04,92.1,51.7,84.2,1.68,14.3,50.0,6.1,10.3,44.3,9.0
Johannesburg,South Africa,2022-05-23,137.5,89.3,151.2,3.45,33.1,37.5,13.3,38.0,,14.6
Berlin,Germany,2022-08-19,5.0,2.4,4.5,2.02,0.8,71.0,0.7,11.0,82.4,12.8
Karachi,Pakistan,2022-02-25,200.5,84.2,109.6,2.76,33.9,79.8,25.5,29.3,91.6,13.4
Mumbai,India,2022-09-16,195.4,100.3,163.6,,55.0,45.1,25.1,7.1,72.3,0.5
Sydney,Australia,2021-04-23,14.1,5.8,10.4,0.52,2.2,49.8,1.3,3.6,45.0,11.1
Stockholm,Sweden,2015-07-26,5.0,3.0,4.7,1.14,1.2,53.9,0.7,0.3,78.9,10.3
Bangkok,Thailand,2023-11-23,79.9,48.6,78.2,4.74,10.3,58.6,7.0,38.1,44.7,14.5
Mumbai,India,2019-03-01,245.4,168.4,230.8,1.75,54.6,77.8,14.6,-4.0,24.2,1.3
Mumbai,India,2023-03-22,195.4,119.5,162.5,3.36,45.1,77.4,9.8,6.2,89.6,14.0
Los Angeles,USA,2021-07-22,47.0,,38.0,1.15,12.3,28.1,4.5,37.2,33.9,14.7
Dhaka,Bangladesh,2021-07-19,180.2,102.1,144.9,1.79,33.3,38.6,14.1,38.8,31.5,11.1
Buenos Aires,Argentina,2017-02-23,88.2,42.9,61.4,3.36,21.4,61.3,7.2,6.3,91.7,13.9
Stockholm,Sweden,2024-11-07,35.4,23.1,37.4,2.29,4.6,45.6,3.7,-4.0,53.3,11.8
Nairobi,Kenya,2019-02-20,36.7,21.0,29.6,1.13,5.8,77.4,4.5,24.8,81.3,2.3
Bangkok,Thailand,2022-08-26,49.0,28.4,43.5,4.13,12.8,70.7,3.0,38.6,92.0,5.7
Tokyo,Japan,2024-03-02,5.0,2.4,3.6,,0.9,77.9,0.6,30.6,42.0,1.6
Dhaka,Bangladesh,2021-02-22,201.0,99.4,143.2,4.78,38.0,30.5,14.0,7.6,94.9,4.4
Nairobi,Kenya,2022-04-21,64.8,31.2,57.3,4.46,9.4,47.8,6.3,34.3,77.2,7.9
Paris,France,2015-09-16,42.6,27.9,36.4,2.19,12.0,64.4,4.4,18.8,46.1,8.0
Lahore,Pakistan,2019-02-27,219.5,144.5,203.5,2.42,39.9,61.2,16.5,23.8,,6.6
Nairobi,Kenya,2020-05-26,61.1,42.7,58.6,1.4,,77.5,3.7,-4.3,32.1,14.9
Mexico City,Mexico,2015-08-08,146.1,59.3,102.2,1.6,39.8,37.0,17.3,25.3,36.6,1.0
Los Angeles,USA,2017-03-13,55.3,35.5,66.1,2.45,12.2,56.3,7.3,14.1,40.7,4.3
Ho Chi Minh City,Vietnam,2015-04-08,143.8,82.9,131.4,3.36,36.5,77.6,14.4,0.0,53.1,7.4
Stockholm,Sweden,2020-03-25,23.7,12.3,24.2,2.58,7.0,20.5,3.3,36.9,92.1,0.7
Buenos Aires,Argentina,2017-02-21,62.2,26.1,37.9,2.71,13.0,22.1,4.2,17.5,64.5,2.7
Berlin,Germany,2019-02-17,42.9,28.8,57.6,4.94,11.9,43.7,5.1,13.7,68.6,5.0
Jakarta,Indonesia,2022-10-20,106.7,68.0,89.0,1.68,10.8,42.6,6.0,36.1,,7.2
Chengdu,China,2019-12-07,160.7,94.5,174.8,3.35,40.1,74.4,21.9,25.3,36.1,9.7
Tehran,Iran,2020-10-08,164.1,102.2,193.4,0.6,17.4,35.5,23.0,32.1,71.2,10.7
Tehran,Iran,2019-10-27,155.7,106.3,200.1,3.23,36.3,32.8,18.0,14.1,31.5,12.2
Mumbai,India,2016-03-23,96.6,42.1,67.4,,12.8,36.9,7.1,28.0,22.3,9.5
Dhaka,Bangladesh,2020-06-09,144.0,78.4,153.0,,35.9,31.8,18.4,,47.1,3.6
Cairo,Egypt,2016-09-23,113.9,70.7,97.6,4.09,17.2,34.9,12.4,-1.8,22.0,4.3
Chengdu,China,2023-07-16,206.8,98.5,146.2,2.91,37.7,76.9,13.0,38.8,37.3,11.7
Tehran,Iran,2024-08-19,172.1,98.1,159.9,2.63,,25.3,20.1,35.3,,2.5
Stockholm,Sweden,2020-08-29,5.0,2.6,3.6,2.68,0.6,48.6,0.6,6.6,56.1,14.9
London,UK,2024-08-28,36.4,22.9,30.5,0.88,5.1,44.1,4.9,10.6,69.1,10.8
Nairobi,Kenya,2023-01-05,114.5,58.1,99.0,1.91,13.4,79.6,7.2,-1.7,85.9,4.9
Mexico City,Mexico,2018-08-04,79.4,38.0,58.6,2.23,19.4,50.7,11.5,-3.1,57.7,9.0
Lima,Peru,2015-09-02,26.8,11.1,18.9,4.31,4.0,72.6,1.4,28.0,90.0,10.0
Ho Chi Minh City,Vietnam,2023-07-01,115.6,70.2,114.9,0.88,16.5,23.9,12.4,23.0,57.9,12.3
Mumbai,India,2017-12-05,179.1,104.7,137.1,3.57,,53.9,20.6,10.8,88.8,2.4
Paris,France,2018-02-11,14.2,6.6,,2.38,1.5,39.2,1.9,26.0,74.4,10.6
Paris,France,2024-02-14,5.0,2.1,3.2,4.21,1.5,49.6,0.3,1.3,44.2,8.9
Johannesburg,South Africa,2020-08-30,85.2,57.4,106.0,3.85,18.9,57.6,9.7,23.3,61.5,14.8
Beijing,China,2020-01-21,175.8,111.3,212.7,1.31,20.5,49.0,17.8,,53.3,8.8
Sydney,Australia,2022-04-02,38.2,24.8,35.0,3.09,8.4,29.9,2.4,39.1,49.5,3.8
Beijing,China,2020-04-09,147.1,88.3,152.4,3.32,17.3,73.6,13.1,9.1,54.7,6.2
Lahore,Pakistan,2021-10-13,164.0,108.1,199.7,4.67,24.5,54.6,12.7,32.1,20.4,8.7
Karachi,Pakistan,2024-10-20,183.1,90.9,159.3,4.3,40.6,71.2,14.0,18.4,53.8,0.7
Ho Chi Minh City,Vietnam,2016-08-23,159.5,99.0,168.4,0.61,19.7,55.8,12.4,-1.4,52.2,8.5
Dhaka,Bangladesh,2021-04-18,226.9,139.8,244.7,1.86,56.9,58.9,25.8,19.9,20.9,10.6
London,UK,2021-10-18,5.0,2.3,3.5,2.54,0.8,50.9,0.3,39.0,28.1,14.0
Karachi,Pakistan,2020-07-26,186.0,103.7,187.5,2.35,42.0,40.4,14.9,21.0,57.4,8.9
Cairo,Egypt,2016-12-18,191.1,128.9,175.7,3.92,42.7,55.9,15.1,25.8,79.6,2.1
Dhaka,Bangladesh,2016-08-18,159.0,68.4,130.8,,41.6,42.1,9.9,-3.1,41.1,4.0
Berlin,Germany,2019-12-06,42.5,22.0,37.5,3.6,9.6,79.1,2.7,14.3,51.9,6.5
Chengdu,China,2020-06-09,147.5,80.7,134.1,2.33,44.0,75.7,11.9,0.0,83.0,15.0
Paris,France,2015-03-22,63.6,39.0,58.8,3.03,18.4,68.7,7.9,28.2,33.4,12.5
Lagos,Nigeria,2018-03-10,105.0,71.3,110.9,4.33,16.1,50.9,6.4,24.7,82.7,10.9
Tehran,Iran,2021-01-07,170.7,109.0,,2.37,42.1,57.5,23.1,31.1,23.1,6.0
São Paulo,Brazil,2022-05-29,105.7,45.5,78.3,4.41,13.1,47.1,14.9,31.6,59.0,11.7
Cairo,Egypt,2020-05-01,114.3,77.6,144.3,2.33,22.7,35.9,13.8,31.1,37.9,1.1
Istanbul,Turkey,2020-01-14,62.1,35.3,55.8,3.33,13.0,35.0,5.6,14.3,,14.4
Cairo,Egypt,2015-07-24,148.8,90.3,176.8,1.47,,61.4,17.6,6.4,64.0,12.0
Johannesburg,South Africa,2018-06-19,138.6,88.4,137.2,4.71,28.7,55.8,7.4,2.7,67.5,6.6
Lima,Peru,2022-12-30,57.0,33.6,63.0,3.31,9.2,59.4,4.0,9.3,38.0,8.6
Cairo,Egypt,2021-09-15,146.3,99.5,152.6,1.33,29.2,36.6,15.1,10.7,29.9,4.4
London,UK,2020-04-08,86.1,48.6,83.2,4.69,8.8,22.9,6.0,2.5,33.6,10.2
Chengdu,China,2018-09-03,209.4,146.1,213.1,1.76,62.2,69.9,20.3,20.0,83.2,7.5
Cairo,Egypt,2015-09-05,151.6,103.6,166.9,3.12,29.6,76.0,8.7,17.6,71.5,12.0
Tehran,Iran,2017-08-07,194.6,130.9,256.5,0.6,35.1,21.4,16.1,19.2,88.3,12.8
Los Angeles,USA,2016-03-03,60.5,33.9,50.3,4.53,,44.2,8.4,12.3,75.3,7.4
Lahore,Pakistan,2015-03-25,145.0,98.3,159.1,3.75,25.1,21.1,8.7,17.3,71.7,5.4
Los Angeles,USA,2021-07-17,87.3,47.8,92.7,2.6,16.6,32.0,7.0,-3.1,67.5,4.1
São Paulo,Brazil,2021-10-14,111.4,71.5,130.9,1.98,33.2,35.8,8.4,29.8,52.6,5.3
Bangkok,Thailand,2017-09-02,121.9,69.5,136.9,1.8,17.5,60.6,15.3,5.1,25.7,12.3
Dhaka,Bangladesh,2020-07-12,195.3,115.9,173.2,4.98,54.4,50.8,25.9,31.7,90.1,12.7
Buenos Aires,Argentina,2024-09-03,44.1,25.9,48.2,4.85,8.5,54.4,4.2,25.1,67.2,0.8
Lahore,Pakistan,2015-10-31,239.9,102.3,134.9,4.02,36.4,40.4,13.5,3.1,77.4,7.7
Lagos,Nigeria,2016-06-12,64.8,32.7,58.7,2.91,18.2,56.1,6.4,30.4,91.1,5.7
Stockholm,Sweden,2019-08-09,9.9,5.8,9.5,4.95,1.9,24.5,1.5,33.0,33.4,13.6
Paris,France,2021-06-08,37.9,23.3,36.6,1.29,8.6,78.6,3.1,15.7,70.6,8.4
Ho Chi Minh City,Vietnam,2018-03-06,175.7,110.4,148.1,4.99,44.0,71.8,20.2,33.5,28.4,5.5
Johannesburg,South Africa,2024-02-11,121.4,67.3,115.0,1.14,,31.3,7.4,19.6,73.2,1.2
São Paulo,Brazil,2024-09-08,48.7,31.2,58.3,1.45,10.9,46.6,5.5,33.8,26.0,11.8
Paris,France,2021-05-18,106.0,71.8,96.1,0.44,14.4,79.2,12.9,22.7,23.5,13.2
Sydney,Australia,2015-03-08,59.2,35.5,54.5,0.63,12.8,63.2,3.5,23.5,41.5,11.6
Lagos,Nigeria,2020-03-19,112.3,58.3,83.1,4.26,11.5,38.7,5.8,-0.7,42.3,1.3
Johannesburg,South Africa,2018-06-07,57.4,24.5,43.8,0.55,6.4,38.3,8.0,23.9,77.8,2.6
Cairo,Egypt,2017-03-23,84.4,58.7,77.6,4.99,19.0,53.5,4.7,7.3,89.3,5.6
Ho Chi Minh City,Vietnam,2017-08-28,172.4,120.7,179.1,,41.3,29.9,11.2,15.5,48.9,10.9
Sydney,Australia,2021-05-15,72.8,32.1,45.1,4.03,20.2,37.0,6.8,11.0,25.4,10.3
Nairobi,Kenya,2016-12-31,141.1,84.5,130.1,3.51,14.7,64.1,13.9,31.6,91.6,13.9
Dhaka,Bangladesh,2024-04-19,107.6,58.1,103.5,4.45,15.2,75.1,14.2,39.0,86.0,4.6
Los Angeles,USA,2016-01-13,60.9,26.4,39.7,3.19,15.9,74.0,6.8,-4.7,34.0,1.9
Mumbai,India,2017-05-17,161.9,81.7,116.5,3.34,31.2,49.7,15.0,38.0,36.1,8.0
Toronto,Canada,2022-02-26,40.1,22.7,44.3,2.08,7.7,25.3,4.4,8.0,32.0,8.4
Los Angeles,USA,2023-07-17,61.5,36.1,51.7,2.51,15.0,51.8,5.5,9.5,65.8,14.1
Istanbul,Turkey,2020-07-30,81.1,34.2,55.6,4.49,9.6,79.3,11.7,-1.5,90.0,5.8
Lahore,Pakistan,2015-03-16,125.4,74.0,136.4,0.46,27.4,31.2,10.6,10.7,55.2,5.3
Karachi,Pakistan,2023-12-31,108.5,57.0,92.0,4.19,13.0,62.2,9.1,8.9,89.9,4.1
Delhi,India,2021-10-09,181.7,115.5,221.5,,39.3,34.9,21.1,26.9,20.8,6.9
Dhaka,Bangladesh,2016-11-10,121.4,66.4,100.8,4.4,15.9,32.4,14.4,10.9,73.5,2.8
Lima,Peru,2017-10-30,23.7,9.6,13.5,2.28,2.7,50.6,2.3,29.5,69.5,7.0
Cairo,Egypt,2018-10-23,100.2,61.9,111.2,1.02,28.4,23.9,5.6,3.4,88.2,8.0
Bangkok,Thailand,2023-01-19,98.3,49.9,93.8,0.41,14.6,29.2,13.4,16.0,50.3,7.0
Istanbul,Turkey,2018-05-01,48.3,,56.7,1.67,6.4,75.3,4.5,7.5,55.3,13.8
Karachi,Pakistan,2017-06-17,210.7,111.3,162.9,4.97,61.4,70.6,25.0,8.3,88.5,4.5
Karachi,Pakistan,2024-02-13,178.4,120.5,207.5,4.07,46.1,31.6,20.8,-0.8,58.1,2.9
Johannesburg,South Africa,2020-03-26,100.3,,109.3,2.55,24.1,75.3,8.8,35.6,88.8,14.0
Cairo,Egypt,2023-06-20,71.0,37.0,70.6,1.99,15.6,27.1,4.0,13.5,63.4,6.2
Berlin,Germany,2016-03-29,15.8,7.1,11.2,3.03,4.6,24.1,1.6,9.8,58.1,0.8
Ho Chi Minh City,Vietnam,2017-06-28,176.3,113.9,192.2,2.42,27.7,37.9,15.6,,92.5,6.9
Los Angeles,USA,2018-12-25,47.7,27.0,39.5,3.79,9.9,68.5,6.1,4.7,73.7,12.1
Buenos Aires,Argentina,2015-05-22,99.5,44.9,58.5,2.42,17.0,53.3,6.8,,39.3,3.8
Los Angeles,USA,2021-02-03,10.0,4.8,6.8,3.68,2.5,47.7,1.2,28.1,30.4,14.5
Bangkok,Thailand,2017-09-26,99.8,,65.9,0.89,12.7,64.9,9.7,30.2,76.0,9.3
Johannesburg,South Africa,2019-02-17,48.4,30.5,48.7,2.45,9.8,69.9,5.6,10.7,70.3,9.8
Chengdu,China,2023-12-15,208.5,136.0,,1.91,53.4,54.5,31.0,6.1,26.0,1.5
Chengdu,China,2022-09-09,186.5,115.6,179.0,4.16,20.3,65.3,14.3,16.5,81.7,4.4
Nairobi,Kenya,2023-05-25,118.1,71.4,119.4,2.72,17.9,22.1,10.7,-0.2,87.9,1.1
Stockholm,Sweden,2023-09-16,67.3,27.6,35.9,0.67,17.0,55.1,3.6,17.0,73.4,13.1
São Paulo,Brazil,2018-07-08,120.3,,123.1,3.99,16.8,27.9,14.1,20.2,,11.2
Wuhan,China,2023-10-18,160.7,69.7,131.0,1.48,41.0,77.4,19.2,21.8,54.5,5.8
Dhaka,Bangladesh,2018-01-07,184.5,109.0,199.1,3.49,25.8,49.6,23.8,16.4,60.2,11.7
Sydney,Australia,2023-01-24,61.7,27.7,55.3,0.86,6.4,73.4,4.6,,80.8,13.0
Seoul,South Korea,2015-06-23,78.9,38.5,69.2,0.84,14.3,70.9,6.8,21.6,57.8,9.9
Lagos,Nigeria,2022-06-06,113.2,74.6,122.1,0.67,24.0,39.9,7.4,,59.1,14.0
Stockholm,Sweden,2021-11-26,10.9,6.6,8.6,2.31,1.5,74.6,0.7,7.9,58.8,4.3
Lagos,Nigeria,2016-12-06,109.2,57.4,105.9,3.75,23.5,69.3,11.6,38.4,36.3,10.9
Los Angeles,USA,2021-11-26,5.0,2.4,3.4,2.9,0.7,32.0,0.7,31.1,76.1,12.0
Los Angeles,USA,2020-05-31,12.1,7.9,14.4,2.25,2.3,44.7,1.7,10.5,92.3,13.7
Stockholm,Sweden,2019-08-07,41.2,23.7,36.9,0.39,,65.3,4.0,1.7,39.8,14.2
São Paulo,Brazil,2020-08-24,29.6,19.5,33.7,3.19,6.1,25.5,2.8,40.0,82.6,13.5
Tehran,Iran,2018-03-30,125.0,53.9,78.6,0.31,20.1,26.5,12.2,25.5,85.6,11.4
Tokyo,Japan,2020-02-28,28.0,18.9,,2.98,8.0,51.8,2.4,30.9,53.2,5.1
Wuhan,China,2021-10-28,153.6,98.4,182.5,4.9,39.5,66.2,20.9,-5.0,47.2,11.2
Toronto,Canada,2020-07-15,23.5,11.8,20.0,4.21,6.7,65.0,3.2,16.2,49.2,6.2
Johannesburg,South Africa,2022-01-22,62.8,31.8,54.8,1.77,17.7,72.2,6.6,9.6,42.0,1.0
London,UK,2018-01-31,5.0,2.7,5.1,0.89,1.4,73.9,0.7,12.9,36.3,5.9
Dhaka,Bangladesh,2023-07-06,158.5,106.9,195.2,4.69,25.9,76.4,13.8,-2.6,77.2,10.7
Tokyo,Japan,2019-01-19,44.6,26.2,41.7,2.93,8.3,78.0,4.9,28.7,90.2,9.1
Johannesburg,South Africa,2015-10-17,89.7,36.8,65.9,1.61,19.4,32.1,6.9,17.7,,9.4
Delhi,India,2022-10-12,202.8,98.9,167.5,0.77,57.7,28.4,14.7,20.1,77.3,9.5
Mumbai,India,2023-01-19,171.0,68.5,125.3,4.93,44.8,47.6,24.0,13.4,59.4,7.4
Los Angeles,USA,2016-09-29,59.5,29.4,43.6,0.48,12.9,33.8,3.9,24.4,71.1,11.4
Beijing,China,2023-05-01,206.0,137.6,269.1,4.09,46.8,38.2,30.5,7.3,35.2,6.9
Lahore,Pakistan,2024-01-10,209.1,131.7,209.6,0.38,46.8,23.8,12.7,24.3,43.4,5.5
Tehran,Iran,2020-06-15,112.9,78.3,154.7,2.26,17.3,38.2,8.7,19.0,65.5,7.6
Johannesburg,South Africa,2024-04-07,87.3,43.9,,3.47,19.8,47.7,9.2,7.8,21.8,9.6
Beijing,China,2017-03-17,115.7,69.5,126.7,4.6,33.7,20.6,17.2,25.7,68.3,0.7
Paris,France,2016-06-08,54.1,21.9,38.3,2.34,7.6,26.5,5.1,0.5,56.5,9.6
Bangkok,Thailand,2015-03-25,93.6,56.5,76.0,1.74,14.8,74.9,12.8,11.7,25.3,13.5
Toronto,Canada,2022-01-30,44.2,24.1,34.3,2.54,8.8,49.4,4.6,,47.5,6.8
Chengdu,China,2017-03-30,164.4,105.7,198.7,2.23,33.5,22.0,19.3,13.2,53.4,13.2
Ho Chi Minh City,Vietnam,2016-03-25,52.5,34.6,58.1,3.54,10.2,46.4,5.0,13.5,60.4,4.1
Lagos,Nigeria,2024-01-17,85.0,42.5,59.6,0.75,8.7,45.4,5.8,-4.0,59.0,10.4
Stockholm,Sweden,2022-11-03,79.8,55.5,98.1,1.45,19.4,55.9,5.7,33.3,52.1,14.4
Mumbai,India,2020-12-26,172.0,102.1,184.7,,34.6,71.1,20.3,35.4,86.8,14.7
Buenos Aires,Argentina,2017-03-16,26.8,16.4,24.7,1.63,4.0,72.5,3.7,23.4,55.5,10.2
Toronto,Canada,2023-09-15,40.3,20.7,32.4,3.07,9.2,47.1,5.9,-1.2,46.0,6.6
Ho Chi Minh City,Vietnam,2018-11-15,86.2,46.8,71.3,1.55,25.3,29.6,11.1,39.3,21.5,10.6
Delhi,India,2021-04-11,187.1,119.3,232.2,3.43,27.5,73.7,12.8,4.6,40.3,4.9
Sydney,Australia,2017-09-19,46.7,19.9,39.2,4.63,5.2,41.6,6.1,22.5,78.4,10.9
Chengdu,China,2016-10-28,165.9,68.4,116.9,0.53,36.6,68.0,18.0,39.9,54.2,11.4
Ho Chi Minh City,Vietnam,2023-08-15,116.4,69.5,133.4,3.01,19.9,69.3,14.9,19.5,31.6,4.1
Paris,France,2019-10-26,53.2,,51.0,2.03,6.1,62.8,2.7,-2.9,20.3,9.9
Tehran,Iran,2020-04-15,155.6,71.2,112.0,4.72,28.9,53.3,9.0,30.6,51.7,12.1
London,UK,2022-03-22,37.3,19.7,,4.88,4.2,68.7,3.0,19.8,41.8,9.4
Los Angeles,USA,2021-09-21,47.4,21.1,40.9,4.99,12.1,37.2,4.3,28.3,92.6,7.1
Dhaka,Bangladesh,2017-04-11,172.3,,228.0,1.37,17.5,49.5,17.8,4.1,41.4,11.6
Ho Chi Minh City,Vietnam,2016-05-22,160.3,95.5,175.6,1.04,39.8,56.0,8.9,30.0,48.7,5.3
Wuhan,China,2016-03-16,114.9,57.9,,4.1,14.3,78.2,12.1,3.2,29.8,9.1
Lahore,Pakistan,2016-06-09,182.2,96.7,149.1,0.39,48.3,28.6,14.8,20.6,38.4,7.7
Nairobi,Kenya,2018-11-26,107.5,58.2,114.3,4.28,17.9,44.0,9.9,23.2,41.5,14.6
Ho Chi Minh City,Vietnam,2016-05-18,180.3,93.5,175.1,2.97,19.5,30.6,24.6,20.3,91.3,1.6
Dhaka,Bangladesh,2021-05-16,140.1,64.2,108.3,2.1,18.4,58.6,14.5,7.4,56.0,11.3
Nairobi,Kenya,2017-11-27,117.5,76.8,120.1,1.69,32.6,80.0,13.7,39.5,69.5,11.1
Istanbul,Turkey,2021-10-06,71.6,38.0,53.2,4.17,20.5,57.4,6.0,1.9,,4.2
Ho Chi Minh City,Vietnam,2021-10-13,136.4,84.4,165.9,4.22,38.3,68.9,13.1,6.3,47.8,0.8
Chengdu,China,2015-07-10,159.7,88.1,146.9,4.88,45.1,29.7,13.9,14.1,47.0,12.1
Beijing,China,2023-04-10,193.7,124.3,173.1,3.66,36.2,37.7,10.7,16.9,46.7,4.1
Berlin,Germany,2019-03-23,48.9,30.8,45.4,0.53,13.2,20.6,7.0,23.2,44.1,4.1
Stockholm,Sweden,2021-08-13,14.0,8.2,11.6,2.78,3.1,37.9,0.8,-3.3,22.0,11.2
Johannesburg,South Africa,2021-08-11,78.3,50.1,80.2,2.43,15.9,62.8,6.1,0.5,61.7,5.2
Chengdu,China,2017-04-26,157.3,92.2,155.0,3.78,38.0,52.1,18.5,34.3,52.4,6.5
Toronto,Canada,2018-01-27,106.3,61.1,82.5,4.49,11.3,64.9,13.4,37.9,24.1,9.2
São Paulo,Brazil,2023-06-20,60.8,34.6,56.5,0.79,13.5,64.3,7.7,35.7,50.7,14.3
Johannesburg,South Africa,2019-11-17,82.0,38.0,59.6,2.85,15.9,27.6,9.4,-1.7,48.4,10.8
Delhi,India,2022-12-17,124.1,50.0,71.6,4.72,25.3,79.8,12.7,19.5,49.4,5.0
Beijing,China,2021-11-26,183.6,120.0,181.0,,51.6,74.1,27.1,35.6,29.6,12.4
Delhi,India,2018-12-22,179.6,101.7,169.9,1.81,20.7,73.7,23.4,1.3,78.3,9.6
Lahore,Pakistan,2016-11-28,177.8,84.7,161.0,3.59,37.3,56.6,10.5,16.3,34.5,3.5
Lima,Peru,2016-12-05,69.4,32.1,56.3,4.39,17.3,72.1,7.2,28.8,30.5,5.5
Mexico City,Mexico,2015-04-02,134.0,74.2,144.6,4.41,17.0,30.4,11.5,8.1,66.1,13.6
Paris,France,2018-07-10,77.8,43.4,62.7,2.77,16.4,64.5,5.6,11.6,47.3,14.4
Chengdu,China,2016-11-24,173.5,108.7,198.5,1.55,37.2,73.7,16.9,37.5,36.1,1.6
Chengdu,China,2017-04-23,173.3,112.3,212.4,2.97,30.6,76.1,16.2,19.2,53.5,8.7
Seoul,South Korea,2018-11-02,90.5,37.5,71.9,2.39,19.7,28.4,4.6,,72.8,1.9
Sydney,Australia,2019-05-28,15.8,7.2,9.4,3.93,,56.8,1.1,7.8,55.7,14.3
Jakarta,Indonesia,2018-09-27,101.5,68.8,94.4,2.12,14.7,70.8,8.2,39.6,22.9,2.4
Istanbul,Turkey,2024-11-06,101.6,42.8,56.6,3.8,12.9,28.0,5.3,-2.8,39.8,1.4
Lima,Peru,2017-12-28,80.4,52.3,79.9,3.72,9.6,59.6,6.6,28.7,30.2,13.5
Bangkok,Thailand,2019-06-02,113.3,65.0,101.1,4.76,18.8,25.7,17.0,7.1,83.8,2.9
Istanbul,Turkey,2022-02-12,90.7,50.5,100.4,2.9,9.5,56.2,5.9,30.9,84.2,7.5
Bangkok,Thailand,2022-02-24,80.2,36.1,66.5,1.38,16.5,47.1,8.7,34.5,85.1,7.0
Ho Chi Minh City,Vietnam,2017-02-06,112.2,59.2,,2.92,25.8,29.2,12.9,3.2,76.3,5.4
Tokyo,Japan,2024-08-02,56.6,34.6,50.5,4.04,12.8,55.3,4.8,16.7,64.8,7.4
Lagos,Nigeria,2017-03-15,93.3,,71.9,1.57,21.8,68.4,6.2,14.9,57.0,5.0
Buenos Aires,Argentina,2023-06-08,96.0,40.9,59.4,0.34,23.4,40.7,12.4,10.3,81.5,2.4
Nairobi,Kenya,2018-02-03,108.8,54.7,86.7,1.94,27.5,25.8,9.3,32.7,25.0,14.2
Jakarta,Indonesia,2018-06-24,112.3,57.5,105.9,3.1,25.7,65.5,6.9,32.5,72.9,8.9
Lahore,Pakistan,2018-05-31,154.8,94.5,136.1,2.32,30.8,23.3,22.5,0.8,,7.8
Dhaka,Bangladesh,2023-11-15,128.4,56.0,87.1,1.5,25.8,78.0,13.8,35.0,68.8,7.4
Beijing,China,2015-12-26,164.2,88.9,169.6,1.67,20.6,71.3,17.9,35.0,90.3,1.3
Toronto,Canada,2018-04-27,83.3,53.2,,2.92,20.1,28.1,10.9,22.3,91.2,5.4
Ho Chi Minh City,Vietnam,2020-05-29,87.0,48.0,,4.86,9.4,65.2,8.9,11.6,24.9,9.5
Tokyo,Japan,2023-10-12,74.2,36.5,58.9,2.86,8.9,75.9,6.5,-1.4,49.0,9.2
Bangkok,Thailand,2020-07-11,92.4,56.2,75.3,1.64,24.4,24.8,12.5,-0.9,,5.7
Sydney,Australia,2022-08-27,22.8,11.2,18.7,3.07,5.9,59.4,2.5,13.5,55.5,6.5
Karachi,Pakistan,2023-03-24,160.7,75.4,98.3,3.36,22.6,73.4,21.8,-1.5,28.0,7.7
Toronto,Canada,2018-03-11,54.3,32.8,42.8,2.56,9.9,26.4,7.7,31.2,37.3,4.2
Stockholm,Sweden,2020-10-03,28.9,14.2,24.2,2.28,8.5,23.4,3.2,33.6,56.1,0.5
Nairobi,Kenya,2021-08-10,83.4,56.1,110.3,4.18,14.2,74.4,12.4,10.8,39.5,8.4
Stockholm,Sweden,2015-04-02,28.7,11.8,23.1,4.65,3.8,44.5,3.8,24.7,49.6,11.3
Beijing,China,2016-09-30,154.3,69.8,135.2,0.74,37.7,28.4,13.7,13.5,31.9,13.9
Seoul,South Korea,2017-01-31,105.1,71.6,130.0,2.45,22.5,61.6,11.5,34.5,46.8,4.8
Mumbai,India,2015-07-03,191.5,114.6,198.2,4.29,37.6,72.2,16.5,36.7,72.4,4.2
Cairo,Egypt,2015-07-30,154.0,104.0,174.9,2.68,22.2,52.7,9.9,34.1,,14.9
Mexico City,Mexico,2019-08-11,124.7,64.7,105.2,4.35,,31.6,17.4,-3.6,87.2,1.2
Dhaka,Bangladesh,2016-01-07,164.9,69.5,,0.46,44.3,48.0,9.8,26.8,56.7,3.3
Berlin,Germany,2016-11-14,65.3,36.5,49.2,4.85,18.1,35.6,4.1,37.4,54.6,5.0
Karachi,Pakistan,2015-11-17,128.5,81.2,115.1,3.91,32.1,52.4,17.6,0.9,64.7,7.0
Delhi,India,2023-02-14,158.9,68.7,101.5,1.58,38.8,22.9,18.3,5.0,26.1,4.9
Beijing,China,2015-08-07,119.2,67.4,104.5,4.84,34.9,46.6,15.4,-4.4,61.1,11.3
Los Angeles,USA,2017-09-13,64.6,33.2,53.4,2.51,16.4,26.3,8.2,26.0,75.6,11.1
London,UK,2017-03-24,5.0,2.3,3.9,4.8,1.1,20.7,0.3,39.7,25.4,1.2
Johannesburg,South Africa,2023-06-30,75.1,,80.0,1.67,17.4,58.5,5.3,-3.6,52.5,8.8
Los Angeles,USA,2016-10-25,63.8,43.3,72.3,3.84,12.0,64.8,4.5,11.7,67.6,0.8
Lima,Peru,2021-04-11,64.7,34.6,65.5,3.95,10.2,39.4,7.6,20.3,32.2,5.0
Seoul,South Korea,2017-04-03,119.3,60.7,112.4,0.87,,32.3,7.0,22.9,31.1,2.8
Berlin,Germany,2020-08-31,60.5,27.1,49.3,2.34,8.9,57.3,4.1,29.1,23.6,14.4
Dhaka,Bangladesh,2023-11-22,191.7,110.0,212.5,0.36,38.3,41.0,20.7,5.1,24.9,9.6
Seoul,South Korea,2015-09-28,47.4,23.8,40.2,3.09,8.3,36.8,3.7,2.9,44.4,3.4
Dhaka,Bangladesh,2018-12-31,190.9,109.0,170.8,1.83,28.2,52.1,27.1,25.9,75.8,12.6
Sydney,Australia,2015-05-12,6.7,3.2,6.1,1.84,1.3,76.5,0.5,12.5,65.5,11.5
London,UK,2019-05-24,54.2,36.6,67.5,1.37,5.7,43.0,3.5,27.0,69.6,1.1
Johannesburg,South Africa,2015-12-31,77.4,46.5,74.4,2.37,8.8,44.1,9.8,36.2,51.0,6.6
Los Angeles,USA,2023-12-16,8.2,5.6,8.3,2.37,2.1,56.6,0.5,23.2,34.0,7.9
Mexico City,Mexico,2015-08-02,57.0,26.7,51.1,1.1,10.5,31.2,7.3,16.3,,5.7
Cairo,Egypt,2019-08-29,121.0,68.5,123.5,,33.9,39.7,17.6,-3.9,48.3,13.5
Karachi,Pakistan,2017-11-19,141.9,82.8,133.1,3.72,39.6,60.5,10.0,37.0,39.8,2.7
Seoul,South Korea,2015-05-24,52.7,30.0,41.4,0.95,8.4,36.9,5.8,31.8,77.1,4.3
Berlin,Germany,2021-06-07,35.3,24.2,37.2,2.37,8.5,55.3,2.9,19.9,74.8,1.1
Chengdu,China,2023-10-14,168.5,74.0,130.7,1.31,31.4,31.9,17.7,0.2,21.7,1.2
Wuhan,China,2019-05-04,173.1,72.8,100.1,2.69,33.4,77.1,25.0,,,7.1
Nairobi,Kenya,2018-01-09,57.5,36.3,69.1,0.36,13.6,21.1,6.9,23.6,31.1,11.6
London,UK,2015-10-29,28.7,17.4,33.9,1.9,5.8,47.8,1.9,21.6,75.7,13.8
Wuhan,China,2015-12-26,182.4,100.9,181.9,4.06,36.2,26.9,17.1,32.9,64.7,11.0
Wuhan,China,2020-01-15,157.2,93.7,123.1,0.9,40.3,78.1,12.9,-3.3,47.1,0.8
Mexico City,Mexico,2022-10-08,123.5,77.3,151.2,0.71,26.1,35.2,7.9,4.9,63.3,1.4
Karachi,Pakistan,2021-01-10,157.7,,138.3,3.63,43.1,43.0,12.8,12.1,21.4,11.0
Delhi,India,2021-03-13,160.2,79.1,136.0,2.35,47.4,41.4,17.8,9.0,94.3,7.0
Johannesburg,South Africa,2022-09-04,101.4,48.7,78.6,4.45,29.8,45.5,13.5,-2.6,83.6,9.6
Jakarta,Indonesia,2015-09-11,101.8,67.9,128.5,1.7,26.3,26.0,13.5,25.4,26.6,10.4
Chengdu,China,2015-12-29,111.8,53.6,98.4,1.51,21.2,61.7,6.5,21.8,64.2,10.4
Buenos Aires,Argentina,2024-01-14,86.8,46.4,71.1,4.1,10.9,77.8,9.9,34.9,52.0,5.3
Lagos,Nigeria,2020-09-15,135.3,82.7,131.7,3.86,24.2,69.6,10.4,7.5,59.2,6.7
London,UK,2021-02-17,107.1,56.4,85.5,4.55,29.3,34.3,6.2,23.2,45.2,10.2
Tokyo,Japan,2015-04-27,72.0,33.4,63.5,0.58,10.3,79.9,6.7,26.6,33.7,9.3
Jakarta,Indonesia,2015-06-05,96.4,,89.6,3.14,17.1,53.5,10.4,2.4,50.2,5.5
Wuhan,China,2015-08-10,156.8,106.9,161.0,2.25,40.4,52.8,16.4,-2.6,49.9,4.4
Nairobi,Kenya,2023-01-23,128.2,89.6,136.8,2.72,35.4,41.3,7.8,37.7,56.6,7.8
Johannesburg,South Africa,2016-11-13,53.1,24.0,37.6,4.08,13.8,76.1,4.8,26.9,58.0,12.2
Toronto,Canada,2016-12-05,5.0,2.6,3.9,1.49,1.1,77.8,0.4,-0.7,29.0,11.9
Buenos Aires,Argentina,2017-01-05,45.6,27.1,45.6,3.79,7.7,47.1,2.7,-1.7,54.7,4.9
Ho Chi Minh City,Vietnam,2015-07-27,93.7,38.7,53.6,4.37,20.0,62.7,12.6,15.9,77.1,8.1
Karachi,Pakistan,2015-06-27,166.2,82.3,126.3,1.89,20.7,25.1,9.1,-0.0,45.8,9.1
Johannesburg,South Africa,2023-07-16,26.5,16.6,24.8,2.39,3.1,37.2,3.4,1.8,68.5,13.8
Stockholm,Sweden,2016-01-09,28.7,13.7,26.3,3.66,6.5,59.8,2.6,-3.0,78.8,10.3
Buenos Aires,Argentina,2022-11-08,66.0,44.2,67.9,1.68,18.1,67.8,6.7,0.9,36.1,10.0
Sydney,Australia,2015-04-21,20.6,13.1,20.3,1.09,2.2,43.1,2.9,5.8,35.5,14.6
Lahore,Pakistan,2020-11-03,206.0,131.0,199.7,0.48,58.4,28.4,21.7,7.3,24.9,1.2
Jakarta,Indonesia,2019-05-01,55.8,29.3,57.2,4.58,13.6,73.1,4.6,12.1,,9.5
Los Angeles,USA,2017-08-11,49.1,25.5,50.8,4.16,9.2,63.6,3.8,-0.5,46.4,6.3
São Paulo,Brazil,2015-04-24,65.1,37.4,50.5,1.12,18.1,56.5,9.4,39.9,47.9,4.8
Tehran,Iran,2022-06-11,173.4,121.3,211.1,4.04,44.4,41.3,18.6,32.5,71.6,0.8
Tokyo,Japan,2021-03-02,47.7,32.0,42.4,1.33,7.7,57.0,4.9,4.8,32.3,3.9
Chengdu,China,2021-07-25,143.6,69.1,135.7,2.48,16.0,63.8,11.9,24.4,41.0,8.8
Tehran,Iran,2022-10-12,94.2,65.5,110.7,3.41,15.7,42.9,10.3,-1.9,39.2,3.4
Lahore,Pakistan,2023-11-02,244.1,148.2,235.0,1.27,44.1,24.6,29.2,6.4,43.4,2.3
Buenos Aires,Argentina,2024-09-17,148.1,84.5,134.1,1.2,36.9,27.6,8.9,27.0,35.7,4.9
Nairobi,Kenya,2019-12-15,72.5,38.7,69.6,3.23,16.6,62.8,5.7,9.5,52.8,5.0
Berlin,Germany,2020-05-25,29.3,11.8,15.6,1.45,3.6,52.0,4.0,28.2,36.2,6.3
Delhi,India,2022-12-05,191.9,123.4,232.9,4.58,38.7,61.7,11.7,20.4,38.7,6.8
Sydney,Australia,2023-02-26,12.2,8.5,12.9,0.9,2.6,71.5,1.4,8.3,62.1,10.9
São Paulo,Brazil,2016-09-11,58.7,35.2,67.3,4.39,12.7,45.8,6.7,31.8,,14.9
Jakarta,Indonesia,2022-11-14,152.3,71.2,116.4,0.92,27.3,30.6,13.2,11.8,94.5,14.9
Buenos Aires,Argentina,2019-12-16,62.4,28.0,50.4,3.6,18.3,38.0,7.8,14.5,61.9,12.3
Los Angeles,USA,2021-10-07,90.3,51.6,70.4,2.32,19.6,74.6,6.2,31.3,29.8,4.0
London,UK,2020-07-15,24.7,16.4,,4.0,,79.9,3.3,28.3,85.3,9.7
London,UK,2022-01-21,31.7,18.5,29.7,2.3,6.5,41.7,3.6,-3.6,92.7,13.9
Mumbai,India,2021-12-01,172.1,87.7,146.6,4.78,48.3,67.4,15.6,20.4,79.5,4.5
Ho Chi Minh City,Vietnam,2019-09-21,146.1,79.5,135.9,4.95,32.2,67.1,17.9,26.6,73.7,7.1
Tokyo,Japan,2022-03-02,85.5,50.2,94.3,4.7,22.3,45.6,9.7,33.5,56.8,3.6
Los Angeles,USA,2020-06-10,46.2,22.6,38.3,2.17,10.9,23.3,2.9,17.5,45.3,4.8
Lahore,Pakistan,2019-01-15,156.6,104.7,186.9,0.87,17.7,78.5,18.5,13.8,72.6,11.5
Tehran,Iran,2024-04-02,60.8,24.5,47.8,3.14,8.5,75.2,8.6,39.5,85.6,15.0
Tehran,Iran,2022-08-06,115.0,75.1,140.8,1.39,13.8,78.8,9.2,34.2,20.3,0.8
Mumbai,India,2021-06-16,203.3,115.8,156.9,1.06,36.1,31.1,26.3,13.7,27.0,7.5
Lagos,Nigeria,2021-05-24,77.9,35.6,,3.83,13.6,30.4,4.7,9.7,30.2,2.8
Sydney,Australia,2021-10-10,38.2,24.8,47.0,3.49,11.1,50.7,5.4,38.6,,5.0
Dhaka,Bangladesh,2021-02-12,167.5,94.5,152.9,,20.1,35.5,21.0,-0.7,44.1,6.1
Dhaka,Bangladesh,2015-06-28,178.4,95.3,185.1,2.5,27.7,28.5,9.0,18.9,28.0,6.2
São Paulo,Brazil,2016-04-15,76.7,37.0,52.7,3.94,22.2,26.0,5.0,38.2,22.8,14.7
Mumbai,India,2016-06-01,168.6,114.9,174.8,3.38,19.6,34.5,21.5,18.8,89.6,6.7
Beijing,China,2018-06-21,182.2,97.4,193.4,4.81,30.2,73.2,24.6,,66.8,1.6
Mexico City,Mexico,2015-06-22,153.0,100.4,199.1,2.37,17.2,64.9,16.3,15.2,43.2,7.8
Lima,Peru,2020-06-30,19.2,,20.2,4.42,4.0,34.3,2.6,20.1,35.5,9.5
Nairobi,Kenya,2020-09-17,75.1,46.4,63.5,2.16,22.3,68.5,5.0,7.5,44.7,9.9
Wuhan,China,2023-03-15,195.9,122.4,,4.11,36.7,27.4,20.8,37.9,79.5,8.9
Chengdu,China,2018-02-12,156.4,78.1,154.9,4.36,25.7,47.8,14.3,1.7,91.8,6.4
Tehran,Iran,2020-12-03,161.8,73.9,124.4,0.41,,54.9,18.2,-2.7,35.8,1.6
Buenos Aires,Argentina,2020-11-09,95.9,56.0,94.3,1.58,14.3,28.2,12.9,22.7,34.0,3.1
Wuhan,China,2019-12-14,219.5,136.7,240.8,2.21,33.4,78.8,28.5,8.6,83.6,11.5
Delhi,India,2017-10-07,141.3,61.2,110.6,1.56,37.3,79.7,8.1,16.3,80.2,11.9
Istanbul,Turkey,2015-09-01,86.0,,70.2,3.1,25.3,39.7,12.2,7.1,94.2,10.2
Bangkok,Thailand,2019-09-22,55.8,26.9,37.1,0.84,9.5,65.8,6.2,-0.4,83.9,9.2
Wuhan,China,2019-06-06,182.0,115.1,166.5,2.43,23.9,77.5,23.3,28.2,71.8,6.6
Jakarta,Indonesia,2019-12-04,100.0,55.6,102.7,4.24,,44.2,14.5,6.1,80.2,9.4
Sydney,Australia,2019-11-17,5.0,3.1,5.3,2.0,0.9,72.8,0.3,39.5,69.8,10.4
Berlin,Germany,2024-01-03,31.4,13.5,20.2,4.48,6.6,44.8,1.8,27.1,72.7,9.4
Stockholm,Sweden,2020-05-14,103.8,55.0,94.4,1.4,29.9,55.3,8.4,15.2,80.4,2.8
Los Angeles,USA,2024-01-03,55.1,24.9,43.9,4.88,15.1,71.7,7.9,,78.2,10.9
Jakarta,Indonesia,2020-05-03,135.1,79.2,131.9,4.35,26.8,27.7,6.8,25.5,61.2,5.3
Paris,France,2018-09-30,19.9,10.0,15.6,2.49,3.9,35.4,2.7,11.0,37.2,3.0
Nairobi,Kenya,2021-10-21,77.7,32.6,43.2,3.14,17.4,51.8,9.8,-3.2,90.2,1.9
Sydney,Australia,2022-10-11,9.6,5.6,7.3,3.95,2.2,32.8,0.8,-4.6,72.0,5.2
Lagos,Nigeria,2021-08-10,110.7,76.0,114.8,4.95,25.1,34.5,10.4,28.3,53.5,1.5
Wuhan,China,2017-07-02,177.8,101.5,143.8,4.24,51.9,22.5,10.3,34.8,81.2,9.5
Bangkok,Thailand,2022-08-06,134.9,80.1,116.2,3.72,30.9,79.1,9.6,,78.5,5.4
London,UK,2015-04-09,38.2,22.4,43.1,1.29,11.3,62.1,3.8,14.4,,3.5
Istanbul,Turkey,2017-03-26,122.6,60.4,90.7,2.5,36.5,73.3,10.1,14.0,70.2,0.7
Lagos,Nigeria,2015-04-16,89.8,36.2,,2.46,25.3,73.6,13.2,34.8,20.6,9.8
Mumbai,India,2023-08-06,113.5,54.7,93.2,3.59,26.2,22.9,6.9,0.8,26.9,3.1
Berlin,Germany,2015-12-14,32.2,19.6,28.2,4.87,5.5,70.8,4.7,33.9,25.0,9.9
Istanbul,Turkey,2024-01-05,130.5,52.4,70.0,4.61,36.8,33.5,13.7,38.0,57.3,6.2
Cairo,Egypt,2024-03-13,126.6,80.4,128.8,1.48,20.9,24.7,12.6,1.7,80.9,6.6
Mumbai,India,2018-05-27,224.0,93.0,146.7,2.04,35.2,74.7,28.0,-2.1,73.6,8.1
Sydney,Australia,2016-05-09,56.1,30.9,50.7,,7.9,65.3,5.3,38.1,39.6,10.4
Mexico City,Mexico,2017-03-27,56.8,34.0,65.0,4.19,9.8,56.0,3.7,19.1,37.3,11.3
Lahore,Pakistan,2023-09-26,123.1,86.1,116.2,0.5,17.7,78.3,18.2,24.5,86.0,3.6
Tehran,Iran,2023-08-20,122.0,55.3,72.0,4.31,29.6,61.4,12.8,26.5,90.2,10.2
Istanbul,Turkey,2021-05-30,90.3,52.2,77.6,3.34,26.8,22.9,12.5,20.3,38.9,14.3
Paris,France,2020-05-17,85.7,42.8,61.1,1.45,22.8,56.9,12.1,5.4,29.1,0.6
Delhi,India,2016-01-02,201.9,128.1,167.9,4.14,32.3,29.0,14.7,16.1,51.9,4.7
Paris,France,2019-06-15,36.9,23.2,46.2,3.96,5.9,34.7,2.6,1.2,61.3,9.3
Ho Chi Minh City,Vietnam,2017-05-11,95.0,47.4,84.2,1.94,13.5,42.5,7.3,-1.0,82.3,12.9
Sydney,Australia,2015-05-10,65.4,27.4,49.9,1.29,,23.8,4.8,30.7,80.3,3.5
Beijing,China,2017-01-07,206.7,134.8,251.3,0.38,28.4,59.3,18.1,39.2,69.9,14.4
Los Angeles,USA,2023-01-20,62.4,41.1,62.7,4.95,8.2,51.0,8.1,14.5,55.1,14.8
Johannesburg,South Africa,2022-07-05,72.6,47.4,83.1,2.2,7.5,55.5,3.7,-4.9,66.2,3.2
Dhaka,Bangladesh,2024-08-25,179.1,106.7,142.8,1.77,23.3,54.8,20.8,27.5,39.1,1.8
Johannesburg,South Africa,2018-03-02,135.5,66.2,105.4,4.06,21.9,48.2,7.0,28.0,51.3,8.1
Buenos Aires,Argentina,2023-04-16,107.2,62.6,104.6,3.51,24.4,72.9,11.6,30.0,38.7,10.3
Lahore,Pakistan,2017-08-20,209.5,129.3,173.5,,26.4,78.0,27.5,-0.1,29.1,9.1
Chengdu,China,2015-11-27,143.8,59.0,,2.12,17.3,68.1,20.4,29.0,81.7,3.6
Karachi,Pakistan,2016-06-09,188.8,111.7,175.6,2.3,21.7,21.9,22.6,14.7,61.4,8.6
Bangkok,Thailand,2016-09-18,110.7,60.1,97.9,2.13,,47.1,12.2,35.3,85.0,13.4
Mexico City,Mexico,2018-02-28,124.1,73.8,100.2,0.94,16.3,57.8,15.3,33.7,90.5,3.4
Wuhan,China,2024-11-28,152.4,71.9,111.6,4.6,32.8,64.3,15.1,-3.7,24.8,8.3
Tehran,Iran,2024-03-18,161.1,103.6,164.5,3.81,29.1,60.7,20.4,39.6,45.9,6.5
Bangkok,Thailand,2023-03-13,73.0,33.7,60.1,4.61,13.1,30.8,5.7,15.5,41.8,3.9
Berlin,Germany,2020-11-06,42.5,27.1,40.3,3.14,9.9,59.3,4.0,,82.7,11.5
Wuhan,China,2019-07-14,153.3,66.0,89.2,0.74,33.2,23.1,12.8,28.9,42.1,11.6
Nairobi,Kenya,2018-06-22,104.7,65.4,103.2,1.29,21.4,75.3,11.9,2.8,71.2,6.7
Berlin,Germany,2023-05-08,14.5,8.1,15.1,3.69,3.2,29.0,1.9,37.1,30.3,7.6
Mexico City,Mexico,2019-06-30,134.7,59.6,114.0,1.15,34.9,47.4,11.2,2.1,32.6,10.1
Buenos Aires,Argentina,2024-05-26,93.4,63.0,116.2,0.56,19.1,25.0,12.5,22.6,32.9,0.8
Chengdu,China,2019-01-04,212.2,92.6,134.7,1.84,30.5,43.5,22.5,25.8,92.3,14.0
Berlin,Germany,2023-03-29,43.6,27.1,53.2,0.69,4.4,21.8,4.6,29.3,47.5,8.4
Lima,Peru,2018-05-08,66.6,27.0,37.2,4.12,,68.1,8.2,30.7,70.3,10.2
Buenos Aires,Argentina,2016-01-27,45.9,25.4,39.5,3.73,7.3,52.6,4.3,7.4,93.1,4.3
Jakarta,Indonesia,2022-05-28,130.7,75.3,130.2,4.16,22.0,31.6,9.1,28.0,66.1,3.5
Bangkok,Thailand,2022-08-09,88.8,38.7,67.4,0.3,9.2,43.4,10.6,26.3,52.3,10.5
Beijing,China,2024-02-16,153.4,70.3,128.3,1.59,27.1,42.5,11.4,14.4,55.5,11.3
Seoul,South Korea,2022-07-06,160.6,71.9,123.3,4.51,19.6,48.4,20.1,22.5,27.5,6.3
Buenos Aires,Argentina,2018-08-09,64.1,29.5,46.9,3.19,9.1,37.5,8.7,,43.9,2.7
Stockholm,Sweden,2019-05-25,33.6,19.5,26.7,4.75,3.9,57.5,3.1,20.0,36.0,10.5
Istanbul,Turkey,2019-09-11,139.5,65.8,126.7,4.86,35.9,52.6,20.3,1.9,55.9,8.3
Lima,Peru,2023-09-04,5.0,3.2,5.7,0.9,0.8,40.3,0.5,8.1,28.8,10.0
Toronto,Canada,2023-02-13,25.8,16.9,26.8,3.73,5.3,69.7,2.4,-2.2,61.8,3.0
São Paulo,Brazil,2018-08-16,91.1,50.8,85.8,4.56,20.5,38.2,7.2,17.6,85.0,12.0
Chengdu,China,2024-06-19,155.3,65.9,120.3,0.96,18.6,53.7,14.2,27.2,56.5,6.7
Stockholm,Sweden,2022-06-30,21.4,14.1,22.3,1.87,3.6,31.8,2.9,1.6,88.1,4.6
Ho Chi Minh City,Vietnam,2020-01-22,141.6,85.1,130.0,3.0,22.4,44.1,17.9,6.0,82.9,6.0
Mexico City,Mexico,2016-07-03,151.0,103.1,183.1,3.33,,75.1,11.3,22.6,50.0,0.7
Paris,France,2022-11-07,41.4,26.7,44.7,1.89,9.6,63.1,4.4,-2.5,32.7,4.6
São Paulo,Brazil,2023-12-01,121.7,73.3,96.2,3.85,18.6,38.6,12.5,4.7,86.3,1.7
Dhaka,Bangladesh,2017-12-29,185.4,90.4,144.2,3.62,54.6,73.6,15.6,39.9,20.3,0.9
Karachi,Pakistan,2023-10-23,201.5,119.8,167.1,3.07,43.0,78.3,27.9,37.5,28.5,13.1
Sydney,Australia,2015-08-08,76.9,34.5,60.1,0.55,12.2,75.3,5.2,-2.1,53.3,12.8
Paris,France,2020-05-11,73.3,37.1,71.7,0.86,11.9,66.7,7.6,32.5,28.4,13.8
Delhi,India,2015-02-03,179.7,102.7,177.8,4.01,47.2,31.6,13.2,34.5,81.5,9.5
Sydney,Australia,2016-01-27,43.5,27.0,39.1,4.28,7.9,22.2,3.6,29.4,92.0,4.5
Stockholm,Sweden,2021-02-17,69.5,43.4,73.4,3.27,10.3,46.0,5.3,34.8,28.4,10.4
Nairobi,Kenya,2015-05-09,88.1,47.8,72.1,1.82,13.4,65.2,7.6,27.7,54.2,8.4
Mexico City,Mexico,2020-05-25,108.2,50.0,97.0,1.12,28.9,29.0,12.5,1.8,89.2,8.7
Lahore,Pakistan,2017-08-07,176.3,77.9,121.6,3.61,31.2,34.8,19.0,13.8,32.4,2.7
Bangkok,Thailand,2020-04-03,94.8,48.8,80.7,1.56,19.5,73.0,13.7,-0.5,40.4,14.7
Beijing,China,2015-12-28,163.4,99.3,146.8,1.97,22.6,71.4,22.6,8.4,81.8,5.7
Toronto,Canada,2022-04-06,56.2,27.1,40.0,4.89,15.3,68.6,3.5,29.0,36.1,14.7
Buenos Aires,Argentina,2023-03-30,108.4,54.8,87.7,4.17,27.4,42.5,11.5,32.6,21.4,12.1
Los Angeles,USA,2015-03-18,35.0,19.0,34.5,2.96,4.9,59.3,4.2,37.0,31.0,10.5
Paris,France,2024-04-23,40.5,22.3,34.6,1.1,11.1,43.7,5.8,33.1,48.2,8.8
Beijing,China,2015-05-10,186.9,112.8,174.5,4.1,27.5,47.7,18.2,10.3,91.6,10.6
Stockholm,Sweden,2023-01-20,5.0,,3.9,2.05,1.2,75.5,0.7,8.5,52.5,1.7
Lagos,Nigeria,2024-10-09,177.1,84.9,148.5,3.61,28.3,65.5,12.5,19.5,80.3,8.3
Seoul,South Korea,2018-08-03,18.9,7.9,13.5,2.94,,70.0,2.3,30.6,41.7,6.1
Lahore,Pakistan,2015-10-02,186.2,84.9,131.3,2.99,51.0,75.8,15.6,-2.0,51.6,6.2
London,UK,2018-12-25,46.9,24.8,37.6,2.02,8.4,69.3,2.7,9.2,92.5,2.7
Lahore,Pakistan,2015-10-20,201.2,86.5,131.0,2.65,29.4,52.5,14.5,,87.8,1.7
Istanbul,Turkey,2018-01-17,40.1,26.2,45.7,0.67,7.9,32.6,2.8,37.3,77.1,10.6
Nairobi,Kenya,2019-10-02,95.8,45.5,69.1,4.3,,28.7,11.8,4.3,52.5,9.9
Tokyo,Japan,2024-07-16,10.0,,9.4,4.71,2.1,20.6,0.8,12.9,45.4,6.8
Buenos Aires,Argentina,2015-04-22,54.1,29.9,45.5,4.96,,72.2,7.6,32.6,23.5,14.2
Stockholm,Sweden,2024-02-19,11.9,7.4,11.4,3.44,2.9,54.9,1.7,-4.0,75.4,14.4
Lima,Peru,2024-05-14,60.1,27.1,46.7,3.65,9.8,52.4,7.2,14.0,84.1,11.7
Los Angeles,USA,2022-05-04,26.4,15.5,22.7,2.92,7.7,72.7,2.4,8.1,37.6,8.2
Mumbai,India,2021-08-28,163.2,97.2,188.5,2.08,43.7,38.8,17.5,24.2,70.8,13.3
Sydney,Australia,2018-04-13,40.3,19.3,34.6,1.13,7.8,21.2,2.6,25.5,76.1,2.2
Delhi,India,2024-04-12,175.5,76.9,123.4,3.74,,36.8,20.6,36.7,46.1,5.3
Cairo,Egypt,2023-08-05,103.1,48.8,85.7,4.21,19.8,60.8,11.9,-3.3,33.8,13.5
Los Angeles,USA,2018-08-28,23.0,11.9,15.9,4.11,6.8,69.4,2.4,8.3,34.8,5.8
London,UK,2018-03-27,20.4,10.9,21.3,4.31,2.5,27.9,2.4,5.4,79.3,9.1
Toronto,Canada,2017-09-13,5.0,3.3,4.4,4.51,1.2,64.3,0.3,23.3,64.1,8.3
Beijing,China,2023-01-21,143.0,81.0,153.9,1.39,37.3,30.8,18.8,37.3,45.2,8.2
Wuhan,China,2015-11-26,111.0,54.7,94.3,1.17,,30.4,6.3,9.9,37.3,13.4
Los Angeles,USA,2024-11-11,5.0,2.8,5.2,2.04,1.2,44.6,0.4,22.4,71.5,7.2
Tehran,Iran,2019-03-09,171.2,114.5,177.3,4.77,38.9,67.3,20.5,4.3,25.4,11.0
Istanbul,Turkey,2020-12-10,117.6,71.8,117.4,1.77,18.5,63.8,9.1,27.2,48.8,11.7
Tehran,Iran,2023-01-24,159.2,90.4,130.5,4.54,24.7,45.3,11.2,12.5,56.9,4.8
Lima,Peru,2020-10-21,44.5,23.1,41.8,1.27,7.8,20.5,5.6,23.2,81.3,7.1
Seoul,South Korea,2017-08-06,83.7,49.0,66.0,3.61,17.5,51.5,6.6,21.8,22.1,1.4
Paris,France,2024-04-28,5.0,,3.8,1.28,0.9,23.1,0.4,18.7,54.9,15.0
Ho Chi Minh City,Vietnam,2023-09-10,132.3,60.5,115.7,2.99,18.3,67.6,7.1,39.2,84.9,8.9
Delhi,India,2016-11-14,106.9,49.7,74.3,1.43,21.3,76.7,10.1,24.8,71.6,13.1
Dhaka,Bangladesh,2023-11-23,218.0,102.0,179.4,1.07,24.2,27.3,31.2,19.8,79.7,5.3
Tehran,Iran,2020-07-14,113.4,62.2,122.0,3.81,27.9,22.8,11.9,16.0,89.6,4.2
Dhaka,Bangladesh,2024-01-08,180.0,109.8,152.2,4.41,20.1,39.1,26.8,14.0,29.8,14.6
Nairobi,Kenya,2020-05-03,92.9,44.2,69.0,4.06,24.8,38.3,9.0,34.3,24.0,13.4
Lima,Peru,2017-08-11,99.3,56.2,106.9,0.78,16.8,52.3,13.0,4.7,80.2,6.3
São Paulo,Brazil,2020-06-25,132.6,56.7,94.1,0.6,22.7,56.1,14.0,13.2,52.2,3.8
Bangkok,Thailand,2016-10-21,95.6,58.8,101.7,1.64,22.1,59.3,10.4,-0.5,,6.3
Stockholm,Sweden,2018-12-02,48.6,32.3,51.6,3.94,14.3,41.5,4.4,35.8,32.0,0.9
Cairo,Egypt,2021-01-28,139.4,81.1,125.9,0.57,31.8,54.2,8.5,35.9,34.9,11.3
Los Angeles,USA,2015-10-14,34.7,19.9,29.4,1.75,9.6,37.9,4.3,39.6,95.0,8.2
Delhi,India,2018-05-20,165.1,73.0,138.6,3.07,45.4,67.4,19.4,22.4,23.6,13.1
Mumbai,India,2015-07-01,170.4,96.8,127.3,4.7,47.8,52.6,18.4,26.7,39.9,3.7
Mexico City,Mexico,2016-10-30,106.7,58.5,91.6,1.17,18.3,40.3,10.7,25.4,92.6,2.6
Karachi,Pakistan,2016-04-02,141.6,68.7,117.7,2.87,29.9,63.4,12.5,9.4,84.0,3.7
Lagos,Nigeria,2015-04-19,194.8,92.8,125.3,3.8,49.0,79.9,27.3,36.7,79.9,9.4
Seoul,South Korea,2018-04-24,125.8,73.8,98.8,4.46,24.7,61.8,6.9,19.0,42.6,4.6
Seoul,South Korea,2024-06-09,118.9,63.5,98.8,4.98,25.5,48.4,11.8,,45.6,6.1
Paris,France,2017-03-30,46.7,19.7,37.6,2.32,10.1,65.4,3.6,35.1,93.4,7.7
Lima,Peru,2021-05-08,41.4,19.4,29.5,1.3,11.6,73.9,2.5,1.4,84.7,6.3
Dhaka,Bangladesh,2020-11-17,141.3,78.2,124.5,1.33,34.5,57.9,8.5,36.6,61.9,4.1
Tokyo,Japan,2017-10-02,53.4,23.5,37.4,1.0,12.3,67.1,5.6,,90.4,9.8
Cairo,Egypt,2019-09-12,98.0,52.4,99.7,0.91,16.2,54.6,11.5,29.4,43.9,2.6
Toronto,Canada,2019-11-25,80.2,50.7,99.2,0.97,14.0,36.9,10.9,17.0,22.0,10.8
Los Angeles,USA,2022-01-16,54.4,30.4,58.6,1.51,8.0,35.8,4.6,-0.2,72.3,3.5
Lahore,Pakistan,2021-12-05,149.0,72.9,134.0,2.31,39.3,67.1,21.3,29.0,23.9,12.6
Ho Chi Minh City,Vietnam,2016-04-12,105.6,73.7,102.3,3.18,14.8,35.8,13.2,,64.6,12.8
Sydney,Australia,2022-11-09,37.9,19.6,37.6,1.72,7.1,51.7,2.9,35.9,54.8,6.7
Chengdu,China,2016-02-04,146.3,72.2,135.2,0.87,20.0,77.1,19.6,12.5,67.9,14.2
Nairobi,Kenya,2022-03-08,81.8,36.2,51.8,4.49,8.3,69.0,8.3,20.2,70.4,6.8
Johannesburg,South Africa,2020-03-18,69.1,29.8,54.4,1.34,7.3,78.8,10.2,12.0,21.9,11.0
Karachi,Pakistan,2015-02-27,151.7,79.4,136.6,1.05,21.6,37.0,15.3,18.0,81.1,11.4
Buenos Aires,Argentina,2017-10-12,82.8,53.8,79.5,1.86,16.6,20.9,11.6,-3.0,44.2,8.8
Los Angeles,USA,2022-05-12,66.3,31.1,44.8,,10.1,36.9,6.1,1.3,58.0,10.1
Mumbai,India,2020-08-14,243.6,149.4,209.7,2.44,26.2,21.1,22.9,6.4,71.3,11.0
Dhaka,Bangladesh,2024-05-18,132.9,68.5,96.8,0.76,27.1,63.2,16.0,15.3,59.2,8.0
Berlin,Germany,2021-10-07,18.2,7.5,13.5,3.04,2.5,22.9,1.1,18.6,76.9,5.4
Nairobi,Kenya,2021-03-10,71.2,44.4,77.2,2.25,20.9,64.1,4.0,28.5,21.8,9.9
Ho Chi Minh City,Vietnam,2020-05-12,107.7,65.6,99.5,4.4,18.0,57.2,8.5,36.3,78.6,4.0
Beijing,China,2024-06-28,200.9,125.1,164.7,4.81,33.9,31.4,27.1,26.6,26.5,2.2
Buenos Aires,Argentina,2016-02-21,26.6,17.9,32.6,1.88,4.6,50.4,2.3,30.3,93.1,9.0
Delhi,India,2021-11-10,183.7,84.8,142.5,3.9,51.3,67.4,12.8,22.0,44.9,0.6
Wuhan,China,2020-07-27,207.9,135.7,201.0,1.64,60.7,42.7,10.6,7.8,28.9,2.0
Lahore,Pakistan,2022-04-05,150.5,63.5,98.3,0.43,31.7,32.7,11.8,36.0,57.7,4.4
Toronto,Canada,2018-12-01,15.0,6.9,9.3,0.4,4.4,63.5,2.0,39.1,89.9,11.2
Buenos Aires,Argentina,2022-06-18,43.2,24.7,42.1,4.78,8.1,61.4,4.6,3.0,64.4,8.3
Seoul,South Korea,2022-03-05,76.0,42.1,59.6,2.48,16.8,49.4,7.5,-1.5,34.3,5.2
Delhi,India,2015-12-24,211.1,94.5,123.9,2.41,39.4,53.1,28.1,31.1,27.5,14.0
Cairo,Egypt,2017-11-09,138.0,81.5,144.3,3.5,21.1,39.8,14.5,4.0,21.5,8.7
Nairobi,Kenya,2020-12-13,52.2,,47.7,4.49,9.9,53.0,7.3,8.5,33.6,7.0
Delhi,India,2020-03-02,192.3,108.4,154.6,1.93,55.1,28.8,21.8,21.7,29.1,5.2
Stockholm,Sweden,2017-11-19,45.7,31.6,45.8,1.18,8.7,64.9,3.6,-4.1,60.6,14.4
Bangkok,Thailand,2019-01-28,83.7,44.0,87.1,3.56,20.4,53.8,12.3,26.0,87.1,10.6
Sydney,Australia,2021-04-24,5.0,3.2,4.8,2.95,0.7,69.0,0.3,32.3,65.2,3.2
Lagos,Nigeria,2015-06-15,77.4,37.5,57.3,1.95,8.7,79.2,4.1,24.8,47.8,9.9
Paris,France,2023-09-07,83.6,50.7,70.0,3.39,13.0,21.7,7.6,14.5,55.0,10.7
Lima,Peru,2021-07-11,101.9,45.4,67.2,1.02,28.3,63.9,10.8,5.1,58.3,8.1
Sydney,Australia,2024-07-30,12.9,5.8,10.1,4.4,2.3,30.2,1.6,32.5,86.0,9.3
Wuhan,China,2024-04-13,147.0,59.5,81.8,0.74,35.7,24.2,14.6,16.3,43.3,13.1
Sydney,Australia,2017-06-06,71.4,29.2,51.7,4.14,20.4,72.6,5.8,21.4,25.8,4.2
Stockholm,Sweden,2022-01-07,10.4,5.2,9.9,1.93,2.2,46.0,1.0,38.6,42.2,9.6
Istanbul,Turkey,2019-11-02,94.5,60.8,83.3,0.63,12.4,65.9,11.6,20.4,55.1,13.4
Lima,Peru,2015-10-05,53.4,34.3,64.2,3.32,10.2,71.9,7.6,-3.9,23.9,14.4
Cairo,Egypt,2017-07-28,131.8,58.1,98.6,3.25,35.8,53.1,12.0,32.7,93.6,9.9
Jakarta,Indonesia,2018-01-11,149.1,82.8,108.1,0.31,17.8,26.1,18.0,4.2,87.1,14.0
Berlin,Germany,2017-07-26,39.2,21.7,30.8,4.09,10.9,71.1,3.7,29.1,27.3,1.1
Berlin,Germany,2017-12-21,47.4,25.0,50.0,0.76,12.9,48.8,6.3,31.8,88.7,4.8
São Paulo,Brazil,2023-02-01,117.1,63.5,119.4,3.73,16.6,76.9,6.6,35.4,42.8,7.8
Lagos,Nigeria,2021-09-10,102.3,46.2,71.6,1.21,14.4,31.2,10.1,30.9,62.7,13.5
Berlin,Germany,2020-08-10,48.4,30.1,50.4,1.97,14.3,62.2,6.4,-3.2,37.7,5.9
Delhi,India,2017-06-28,147.3,62.1,90.6,2.81,35.2,66.4,8.0,14.3,29.2,6.8
Beijing,China,2016-05-09,189.5,121.5,212.2,4.46,44.7,69.1,20.2,18.6,74.3,0.8
Lima,Peru,2015-12-06,74.9,50.9,91.7,0.47,,68.6,10.9,11.7,,13.0
Tokyo,Japan,2018-04-14,46.3,,44.9,3.42,11.5,46.5,6.4,,78.9,7.1
Stockholm,Sweden,2017-10-28,57.0,30.6,46.7,1.16,7.3,76.7,8.5,-3.0,31.3,6.6
Paris,France,2024-04-11,20.7,11.1,16.5,1.95,2.5,45.7,3.1,9.8,85.7,12.7
Chengdu,China,2024-10-02,150.0,87.3,145.5,4.74,20.2,35.5,18.8,29.9,50.4,14.3
Karachi,Pakistan,2015-04-06,154.3,66.1,122.3,2.44,30.6,31.2,17.9,19.8,35.5,5.4
Sydney,Australia,2024-06-24,65.6,42.2,,2.02,10.5,20.5,8.7,-1.1,67.3,7.8
Lahore,Pakistan,2020-11-25,167.7,70.2,130.1,2.79,,22.4,18.7,31.3,52.8,8.5
Tehran,Iran,2019-04-26,124.5,72.6,105.8,3.18,28.1,64.0,14.0,38.6,34.8,14.3
London,UK,2022-01-18,24.6,12.6,23.2,3.62,2.7,52.8,1.4,39.8,87.3,0.8
Berlin,Germany,2018-05-14,50.8,34.3,53.1,3.68,9.6,59.3,4.3,9.5,51.8,2.6
Lima,Peru,2015-06-19,41.7,27.9,45.9,2.86,12.2,73.2,2.8,16.3,92.8,5.9
Nairobi,Kenya,2023-05-18,29.6,13.6,18.7,3.78,7.5,78.1,3.8,6.0,23.0,14.8
Nairobi,Kenya,2020-12-20,98.2,56.5,81.9,4.48,29.3,25.2,13.4,12.6,59.3,13.8
Paris,France,2016-02-25,39.6,19.0,27.5,0.68,8.4,20.8,3.6,-1.7,50.4,1.1
Delhi,India,2021-05-17,160.8,106.3,193.7,1.33,18.4,62.9,14.3,29.5,53.4,5.5
Sydney,Australia,2017-02-06,5.0,3.1,6.0,0.53,1.0,22.0,0.5,34.8,47.1,14.0
Mexico City,Mexico,2024-05-31,103.0,,75.8,2.63,20.0,77.4,9.6,30.4,90.6,13.2
Lagos,Nigeria,2016-05-03,99.7,54.7,84.5,2.18,17.2,69.6,9.5,18.6,93.7,1.4
Delhi,India,2018-09-16,190.2,89.7,171.2,1.84,31.5,55.9,13.0,,51.2,5.6
Karachi,Pakistan,2021-12-06,138.1,80.1,135.9,3.37,22.3,27.6,17.4,33.3,39.3,6.4
Lagos,Nigeria,2019-03-14,172.2,71.0,128.2,0.59,33.3,69.7,16.4,1.7,93.9,13.4
Mumbai,India,2016-08-23,193.0,101.0,144.3,4.72,39.8,71.1,16.3,10.1,93.9,8.1
Los Angeles,USA,2023-02-18,52.1,21.5,34.9,2.27,13.3,41.3,7.7,3.1,64.3,1.8
Dhaka,Bangladesh,2022-05-22,129.5,90.5,169.5,2.91,25.5,70.1,18.6,39.5,49.7,14.9
Lahore,Pakistan,2021-03-22,159.4,76.8,141.0,4.31,40.8,57.9,16.2,26.9,49.3,12.7
Beijing,China,2018-07-15,153.6,93.6,156.8,4.46,23.1,42.9,19.6,17.2,86.7,5.5
Los Angeles,USA,2015-03-17,5.0,2.1,3.9,0.51,1.2,38.8,0.3,25.0,63.1,5.1
Tehran,Iran,2015-05-08,121.6,57.6,109.7,1.77,18.1,65.1,6.3,7.1,48.2,13.3
Lagos,Nigeria,2021-02-25,108.1,64.0,101.8,1.7,31.4,26.9,9.2,35.5,74.2,0.9
Mexico City,Mexico,2024-09-09,164.8,,149.9,2.38,26.5,79.2,12.7,17.1,50.4,3.0
Delhi,India,2017-04-27,189.1,87.5,152.2,,52.2,23.1,20.0,30.1,28.8,6.4
Mexico City,Mexico,2017-01-31,102.7,62.1,94.1,2.93,29.4,38.4,5.6,25.4,79.0,14.4
London,UK,2017-02-25,77.7,49.9,86.7,1.57,12.2,27.4,11.1,2.8,63.0,9.0
Chengdu,China,2015-04-12,149.7,75.7,133.9,2.12,22.6,43.9,19.6,38.5,67.7,11.8
Mumbai,India,2023-04-25,158.4,108.8,201.9,2.17,47.0,40.7,13.8,22.4,40.6,10.6
Ho Chi Minh City,Vietnam,2022-08-25,126.9,54.9,91.9,2.91,15.4,77.9,13.6,1.8,43.4,12.1
Johannesburg,South Africa,2024-06-07,79.5,53.1,91.0,4.09,14.7,26.8,7.4,15.6,61.3,2.0
Mumbai,India,2017-01-13,207.1,98.0,141.0,2.78,,46.4,26.3,18.2,65.7,11.0
Johannesburg,South Africa,2021-07-08,119.3,48.3,76.6,4.65,20.4,47.5,17.7,4.0,24.9,13.0
London,UK,2022-07-23,50.4,27.3,45.3,4.23,12.5,35.9,2.6,16.6,84.4,13.5
Berlin,Germany,2023-11-11,48.2,25.7,47.4,3.78,10.0,25.2,6.9,15.5,47.3,9.6
Johannesburg,South Africa,2019-04-15,119.6,55.4,104.5,1.66,16.4,44.4,14.7,38.4,80.7,14.1
Sydney,Australia,2023-02-19,38.0,18.5,34.8,3.46,11.2,35.3,3.8,17.6,37.9,9.1
Jakarta,Indonesia,2015-10-27,97.4,52.0,80.8,0.38,19.9,40.1,4.9,8.9,40.9,6.2
Stockholm,Sweden,2019-08-17,88.6,52.2,97.2,2.42,18.0,68.6,8.2,26.6,52.6,6.6
Seoul,South Korea,2021-02-20,87.3,39.5,60.7,1.35,15.0,33.8,9.4,30.9,79.0,5.8
Karachi,Pakistan,2015-07-14,120.2,78.2,141.6,3.82,16.7,48.1,16.4,17.7,71.3,9.0
Tokyo,Japan,2022-06-15,106.5,55.1,83.9,1.01,16.8,34.0,15.2,28.3,43.7,11.6
Johannesburg,South Africa,2016-12-21,35.8,,41.0,3.15,3.7,75.9,4.2,-3.5,81.4,3.4
Dhaka,Bangladesh,2024-10-27,135.4,,116.6,4.48,25.4,24.5,19.6,36.4,,7.3
São Paulo,Brazil,2023-03-07,82.0,36.7,47.9,2.29,10.4,29.6,4.7,4.2,73.7,12.2
Sydney,Australia,2024-07-20,12.3,6.8,9.0,0.63,1.9,52.6,1.5,22.2,49.4,2.2
Nairobi,Kenya,2021-09-14,120.5,66.7,121.3,4.56,34.2,52.1,12.2,7.0,90.2,7.1
Lima,Peru,2016-05-22,51.6,27.4,38.0,2.66,11.0,40.3,3.0,37.5,78.0,12.7
Berlin,Germany,2016-02-04,39.3,18.1,25.1,1.92,5.0,79.9,2.2,14.9,53.9,4.9
Dhaka,Bangladesh,2022-04-07,223.3,99.4,183.7,1.86,48.7,62.9,31.0,32.6,65.6,6.1
São Paulo,Brazil,2024-08-12,99.1,57.7,81.4,2.66,27.0,60.3,13.3,6.3,86.6,11.5
Mumbai,India,2015-03-05,175.7,88.6,,3.3,47.5,41.7,11.3,10.0,54.1,8.2
Lima,Peru,2023-04-07,111.3,,76.3,4.48,23.6,55.0,10.9,19.7,34.9,8.4
Nairobi,Kenya,2024-01-04,84.9,48.4,64.4,4.04,15.2,29.2,11.6,3.9,89.1,6.9
Johannesburg,South Africa,2018-01-06,40.7,24.4,48.2,3.92,9.0,79.4,3.1,-2.2,22.4,10.8
Tokyo,Japan,2023-08-13,69.5,41.1,79.4,3.58,12.1,30.9,9.9,-0.3,60.7,5.1
Wuhan,China,2017-01-03,123.0,83.0,,3.48,30.2,61.0,17.3,5.4,26.5,1.3
Chengdu,China,2021-12-13,180.1,124.6,188.4,3.56,18.3,31.3,21.4,-2.0,55.1,10.1
Mexico City,Mexico,2021-08-19,174.1,97.8,130.8,,23.4,21.9,16.6,34.0,31.3,0.7
Cairo,Egypt,2018-02-12,107.3,54.6,93.2,1.21,27.9,65.2,12.8,16.9,47.4,5.9
São Paulo,Brazil,2016-08-21,86.8,43.9,64.0,1.61,11.8,74.1,5.8,34.7,62.9,13.1
Stockholm,Sweden,2017-05-29,14.2,9.6,13.9,2.91,1.8,46.8,1.5,22.3,47.4,1.6
Seoul,South Korea,2019-05-16,96.9,45.3,,0.9,18.9,53.5,9.2,-1.9,56.4,7.3
Beijing,China,2018-08-01,147.2,95.4,168.8,4.5,16.4,55.8,15.7,-3.4,58.5,9.3
Tokyo,Japan,2024-07-21,90.0,,95.3,4.84,15.5,59.1,10.5,13.2,43.8,14.0
Beijing,China,2021-12-04,186.2,80.9,111.9,4.64,21.7,61.3,13.5,-3.4,24.5,5.9
Karachi,Pakistan,2021-01-25,170.6,103.1,151.9,3.12,25.8,40.0,16.1,18.8,53.7,7.7
Toronto,Canada,2020-03-05,5.0,2.2,3.0,1.22,1.1,67.2,0.3,-0.1,76.2,4.9
Jakarta,Indonesia,2022-05-05,90.9,44.2,73.7,0.67,11.2,30.6,11.6,,20.8,10.3
Jakarta,Indonesia,2021-04-21,156.0,86.3,125.1,2.89,46.2,24.4,12.2,5.9,38.6,6.0
Lima,Peru,2016-12-28,139.0,77.3,124.0,1.2,27.5,44.1,18.0,29.4,30.0,1.8
Buenos Aires,Argentina,2017-10-20,85.1,41.5,79.4,1.63,22.2,32.6,6.7,3.7,39.8,12.6
Tehran,Iran,2020-10-10,151.6,81.8,161.9,1.22,42.6,20.8,15.9,14.0,59.4,8.5
Stockholm,Sweden,2018-06-09,27.7,11.9,19.3,2.07,6.0,46.3,1.4,39.7,60.8,7.4
Paris,France,2022-01-18,37.0,23.7,35.2,4.06,5.7,22.0,3.8,3.9,76.8,9.8
Beijing,China,2015-12-20,147.8,93.8,133.8,4.06,33.7,60.1,19.7,20.8,55.0,9.7
Tehran,Iran,2021-01-09,152.9,71.9,97.5,0.3,33.9,41.7,19.2,11.9,56.5,6.4
Dhaka,Bangladesh,2024-08-29,139.8,96.3,,4.29,39.7,46.9,14.5,28.4,72.2,13.4
Johannesburg,South Africa,2018-06-26,105.5,64.1,97.9,3.99,29.5,33.1,11.9,12.6,94.2,7.4
Ho Chi Minh City,Vietnam,2022-10-27,156.1,80.3,141.2,0.66,34.5,75.9,21.1,-2.0,94.5,10.6
Paris,France,2017-05-24,18.9,11.8,15.5,2.09,3.4,49.1,2.2,11.6,36.0,13.3
Tokyo,Japan,2015-05-14,29.5,12.0,20.2,1.91,4.6,40.1,3.4,3.6,88.5,7.3
Beijing,China,2017-01-11,102.0,51.2,78.6,0.45,13.3,28.5,15.2,-4.0,32.5,14.6
Berlin,Germany,2020-10-14,14.7,7.9,10.7,3.45,1.9,60.3,2.2,18.9,36.1,9.6
Ho Chi Minh City,Vietnam,2023-01-04,77.4,46.6,79.2,4.94,20.5,35.9,9.5,4.6,78.7,2.6
Lahore,Pakistan,2019-01-29,249.7,159.1,238.0,4.23,57.1,43.9,23.1,36.7,36.3,10.6
Delhi,India,2018-07-31,186.3,107.2,207.1,4.2,45.3,22.0,16.3,23.4,59.2,5.1
Mumbai,India,2015-07-21,192.6,109.0,163.5,1.4,34.6,67.1,19.0,4.7,28.8,7.7
London,UK,2015-11-26,8.8,4.7,8.8,1.13,1.8,41.4,0.5,-2.8,61.7,0.8
Bangkok,Thailand,2024-05-03,120.7,60.9,81.0,2.18,15.2,41.0,15.6,23.2,53.4,1.8
Tehran,Iran,2021-03-23,159.3,85.7,113.9,4.44,18.1,72.1,14.2,11.4,60.7,14.4
Sydney,Australia,2015-02-26,42.7,23.1,41.3,3.03,10.2,69.8,2.3,9.7,91.9,14.3
Stockholm,Sweden,2021-02-19,112.8,50.7,97.7,1.39,15.6,33.7,16.0,26.6,77.6,6.0
Tehran,Iran,2023-06-22,131.9,,153.3,4.86,22.8,56.7,18.6,30.6,62.3,1.6
Tehran,Iran,2017-05-12,99.6,66.2,102.0,2.12,23.4,49.3,5.9,12.4,27.1,3.3
Mumbai,India,2015-04-16,183.4,83.3,127.6,2.83,52.1,52.4,22.1,11.1,76.4,9.5
Los Angeles,USA,2018-07-11,36.7,21.5,34.4,4.48,5.4,24.4,4.0,34.9,47.4,9.9
Tehran,Iran,2019-05-04,111.5,63.3,117.1,4.38,13.5,41.4,12.7,-3.4,71.8,8.2
Wuhan,China,2024-01-02,142.4,99.3,185.9,3.63,16.0,74.3,18.4,5.3,49.4,4.4
São Paulo,Brazil,2015-03-27,106.4,69.8,136.2,4.01,20.3,32.3,7.5,1.8,61.0,13.8
Bangkok,Thailand,2024-03-03,130.1,75.3,123.7,3.43,22.7,76.7,15.7,28.9,38.2,2.9
Johannesburg,South Africa,2016-02-01,57.5,36.3,71.0,2.31,14.7,48.2,4.6,28.3,79.9,3.4
São Paulo,Brazil,2016-04-26,61.9,29.7,43.5,2.72,10.2,29.2,5.9,34.3,62.8,13.2
Lahore,Pakistan,2023-06-12,188.9,85.0,144.8,2.48,43.8,67.7,23.6,37.4,49.9,3.5
Ho Chi Minh City,Vietnam,2021-07-08,120.0,55.5,,0.82,12.8,59.4,13.3,26.9,69.5,2.2
Sydney,Australia,2020-07-20,16.6,8.1,13.8,3.39,3.2,68.2,1.0,-1.2,23.3,8.3
Mumbai,India,2020-05-29,190.3,103.3,205.7,3.67,44.0,54.2,28.5,39.1,60.4,7.1
Jakarta,Indonesia,2016-12-14,92.7,49.0,81.9,1.59,26.5,49.4,12.4,16.4,73.9,5.4
Berlin,Germany,2024-05-12,5.0,3.3,4.6,2.59,0.7,71.7,0.4,23.5,32.4,6.4
Johannesburg,South Africa,2024-08-20,89.2,40.1,70.8,1.26,16.3,52.4,9.6,22.1,68.0,4.4
Ho Chi Minh City,Vietnam,2020-01-31,152.7,72.1,130.5,1.48,27.3,79.0,11.4,11.9,42.6,2.1
Mumbai,India,2019-05-11,158.2,81.3,145.2,4.14,33.0,21.9,17.7,-2.5,66.2,10.4
Lagos,Nigeria,2019-01-09,92.5,53.3,103.4,1.81,24.4,20.6,4.7,29.2,77.1,11.9
Istanbul,Turkey,2023-08-05,123.1,53.6,,4.55,16.7,60.9,12.7,-1.3,41.4,8.0
Bangkok,Thailand,2021-05-10,126.0,69.1,104.3,0.86,22.9,21.7,9.0,14.5,51.4,1.1
Berlin,Germany,2019-09-03,86.2,48.7,66.0,4.73,10.3,71.3,4.3,34.7,21.5,11.5
Sydney,Australia,2020-06-16,16.4,6.9,12.7,0.63,,23.1,1.6,27.5,49.5,3.6
Seoul,South Korea,2016-01-29,130.2,82.7,160.9,2.07,26.2,41.8,9.9,28.8,45.5,6.7
Lima,Peru,2018-03-11,88.6,53.1,86.6,3.96,20.2,23.6,5.3,-3.3,54.3,12.5
Ho Chi Minh City,Vietnam,2016-01-27,136.9,70.5,136.6,4.23,31.9,36.0,8.4,-4.3,28.0,4.7
Bangkok,Thailand,2015-12-06,92.8,54.7,94.7,2.89,13.9,42.3,5.5,5.2,87.3,14.7
Chengdu,China,2020-12-18,151.8,102.5,179.3,0.46,45.4,25.9,18.0,6.4,49.4,9.9
São Paulo,Brazil,2019-07-31,56.2,28.3,55.7,4.05,10.8,32.0,7.4,2.1,35.8,5.8
Lima,Peru,2018-10-26,39.2,18.6,32.6,3.21,10.4,30.7,4.7,-3.8,72.2,14.4
Sydney,Australia,2019-04-10,57.7,35.8,55.1,3.42,16.2,63.6,7.0,12.2,88.4,4.5
Sydney,Australia,2022-12-03,5.0,2.5,,4.35,0.6,68.8,0.7,21.4,77.0,3.1
Dhaka,Bangladesh,2024-01-22,174.8,82.8,147.6,,39.6,40.8,17.2,28.9,25.1,3.6
Los Angeles,USA,2016-03-22,89.0,51.7,79.5,1.7,9.6,22.0,6.9,18.9,61.7,7.7
Beijing,China,2023-09-10,142.3,62.8,86.8,1.71,42.6,39.6,20.4,12.7,52.9,12.1
Tokyo,Japan,2024-05-04,15.9,7.2,14.3,2.68,1.7,22.8,2.2,34.3,54.4,2.9
Lagos,Nigeria,2021-07-21,85.5,51.7,80.0,3.25,23.7,67.8,7.5,8.0,41.4,5.6
Los Angeles,USA,2017-05-10,5.0,2.6,3.7,1.07,0.8,53.7,0.5,16.9,75.4,11.2
Beijing,China,2017-05-31,162.6,83.6,116.8,4.91,28.3,57.5,16.1,1.4,24.2,9.6
Jakarta,Indonesia,2024-12-27,88.2,41.7,82.2,2.47,9.3,40.4,9.6,9.8,,6.9
Bangkok,Thailand,2017-12-20,144.3,59.3,89.2,2.24,30.3,37.8,11.4,39.2,23.1,14.8
Los Angeles,USA,2016-08-30,99.1,48.2,79.4,0.97,12.6,35.4,14.6,12.1,62.4,10.7
São Paulo,Brazil,2023-05-14,47.2,20.4,30.6,1.29,6.0,21.5,6.8,36.4,23.8,3.0
Tehran,Iran,2022-11-08,177.9,86.1,124.3,4.75,20.8,32.7,10.3,39.1,88.9,10.9
Beijing,China,2024-03-23,142.9,76.1,139.9,1.54,23.2,56.0,10.5,21.3,49.0,1.0
Tehran,Iran,2022-01-26,120.9,81.7,123.0,1.82,13.7,56.9,16.3,10.9,38.0,14.4
Buenos Aires,Argentina,2019-06-01,11.6,5.4,9.7,2.75,2.4,24.4,1.2,,91.0,2.0
Johannesburg,South Africa,2022-01-06,108.5,61.9,119.0,3.83,31.8,77.6,7.9,27.6,59.8,3.6
Beijing,China,2016-02-19,161.1,82.8,110.2,1.88,28.7,79.4,11.4,19.5,94.0,12.0
Los Angeles,USA,2018-01-05,33.5,23.1,38.0,3.57,4.1,46.5,4.4,17.7,,11.3
Lahore,Pakistan,2023-09-19,166.6,77.2,147.0,2.26,41.7,52.9,14.7,31.4,63.8,6.2
Beijing,China,2022-11-06,191.6,128.1,169.7,4.36,32.9,58.4,27.2,1.8,62.5,11.6
London,UK,2016-03-17,113.7,71.3,134.7,3.88,19.4,79.8,10.6,-3.9,47.2,2.4
Wuhan,China,2023-06-25,174.1,84.4,112.8,3.54,20.0,32.2,10.3,-2.2,40.1,8.8
Toronto,Canada,2020-09-26,23.4,9.9,18.2,0.63,4.9,34.9,1.7,39.6,76.8,12.6
Buenos Aires,Argentina,2017-07-02,42.1,27.8,48.8,4.75,6.6,55.7,5.0,12.7,86.0,14.7
Los Angeles,USA,2017-03-05,36.8,24.1,42.3,0.51,7.7,21.0,4.7,,55.4,12.1
Istanbul,Turkey,2022-02-23,24.1,10.8,17.0,1.38,4.0,79.9,3.2,34.8,90.3,5.4
Johannesburg,South Africa,2018-12-03,109.0,65.8,96.4,2.07,21.9,51.7,15.1,12.1,88.1,6.9
Wuhan,China,2018-12-29,144.7,70.5,139.7,2.42,17.7,61.1,11.7,1.7,51.7,14.5
Beijing,China,2021-09-14,138.3,55.8,77.8,4.29,40.9,29.5,14.3,38.5,31.7,3.2
Karachi,Pakistan,2020-10-30,110.2,67.4,94.8,2.15,12.3,46.0,14.1,19.9,68.6,5.2
Tehran,Iran,2018-03-12,102.1,53.7,99.9,2.83,16.3,36.0,7.3,32.1,63.6,10.8
Sydney,Australia,2015-08-16,54.1,37.7,55.6,1.15,10.4,22.1,7.0,34.8,71.5,4.4
Beijing,China,2018-07-11,193.3,97.5,129.1,1.59,57.6,60.6,27.1,29.9,60.5,2.7
London,UK,2017-08-12,33.2,19.1,36.5,1.56,4.1,53.5,2.2,22.5,39.8,3.8
London,UK,2022-02-13,5.0,2.5,4.4,0.92,1.2,78.8,0.7,33.7,47.0,5.2
Bangkok,Thailand,2024-05-06,97.4,49.0,96.3,1.44,18.9,76.3,12.6,38.4,65.6,5.3
Stockholm,Sweden,2020-10-18,5.2,3.2,5.6,4.43,1.5,71.4,0.3,24.9,78.9,14.7
Lagos,Nigeria,2018-12-30,94.6,42.7,80.9,1.79,20.8,43.4,8.5,28.0,47.1,10.5
Jakarta,Indonesia,2017-05-06,84.3,52.7,,3.28,20.0,59.5,9.3,13.6,48.0,8.7
Berlin,Germany,2016-09-07,7.4,4.9,9.3,1.93,1.6,75.9,0.6,28.4,26.2,8.1
Mexico City,Mexico,2020-06-30,174.1,117.1,210.8,3.57,37.8,58.0,22.7,39.1,79.6,10.8
Cairo,Egypt,2024-10-15,158.5,102.3,185.6,3.92,23.2,74.2,9.5,6.4,69.7,10.3
Jakarta,Indonesia,2021-02-04,94.3,37.7,53.4,4.45,13.6,26.8,11.2,14.8,79.7,13.0
Lima,Peru,2016-01-04,121.1,66.8,117.3,1.81,13.1,49.7,6.2,37.8,79.8,3.3
Dhaka,Bangladesh,2015-11-25,174.4,110.7,178.6,4.36,42.0,21.4,13.9,20.1,89.5,2.0
Lagos,Nigeria,2017-12-27,112.4,56.6,87.4,2.85,19.9,20.1,13.8,28.8,76.0,5.5
Tokyo,Japan,2020-02-06,29.2,12.4,22.6,0.34,8.5,50.9,4.3,-2.4,63.8,5.6
Lagos,Nigeria,2021-08-02,115.1,58.5,86.7,4.33,20.1,21.0,10.2,,39.1,6.8
Stockholm,Sweden,2021-01-17,74.4,39.0,62.2,0.71,10.4,29.3,7.3,18.8,91.2,1.6
Ho Chi Minh City,Vietnam,2022-06-24,145.3,81.0,134.7,4.4,20.5,22.4,17.0,10.5,21.3,4.1
Lagos,Nigeria,2022-09-22,100.4,54.7,88.7,4.88,11.0,77.1,10.9,30.8,52.3,7.1
Mexico City,Mexico,2024-03-28,73.8,49.4,72.4,1.24,14.7,74.0,6.1,24.3,73.1,11.8
Delhi,India,2017-08-03,192.7,112.4,203.5,1.92,45.1,35.5,14.4,27.2,59.1,10.4
Lahore,Pakistan,2022-12-22,167.3,97.0,156.2,3.11,26.5,62.9,21.9,6.7,42.5,10.1
Wuhan,China,2024-07-09,191.0,98.9,156.0,1.5,25.1,61.6,11.3,37.2,82.0,12.9
Tehran,Iran,2019-04-04,174.7,91.3,172.8,1.04,18.2,67.1,10.0,39.5,70.6,11.4
Stockholm,Sweden,2024-11-22,21.5,14.0,19.9,3.58,3.1,24.1,2.1,2.6,74.7,3.9
São Paulo,Brazil,2019-03-23,83.2,47.5,71.2,,21.9,30.8,4.8,9.8,51.8,8.4
Seoul,South Korea,2018-02-05,25.8,15.3,30.3,2.7,7.7,38.1,1.4,2.5,49.6,5.1
Tokyo,Japan,2021-10-09,25.7,13.6,20.9,0.88,4.1,73.2,2.1,27.1,65.9,6.7
Los Angeles,USA,2017-10-24,91.8,46.4,67.3,0.85,25.3,46.4,10.3,17.1,85.4,8.4
Paris,France,2019-09-30,5.0,3.4,6.1,0.82,0.7,67.2,0.7,19.5,61.6,9.7
Tehran,Iran,2024-02-26,119.0,81.9,149.5,3.27,19.4,29.7,10.8,24.8,67.5,6.0
Berlin,Germany,2017-04-26,51.7,33.3,43.9,,13.0,52.8,5.9,,94.4,1.3
Karachi,Pakistan,2015-11-02,138.0,95.1,,1.88,31.4,52.0,18.1,23.2,20.0,11.6
Wuhan,China,2016-11-08,149.1,66.6,121.0,4.62,16.2,43.7,22.3,28.0,91.5,2.9
Chengdu,China,2021-03-28,145.7,90.0,127.3,2.76,22.4,69.8,7.4,5.0,65.4,1.9
London,UK,2020-09-05,20.1,9.7,12.9,2.01,3.5,68.3,2.3,14.7,68.9,1.3
Lahore,Pakistan,2018-06-14,213.9,135.2,214.0,,50.7,77.8,15.3,19.8,65.1,15.0
Mexico City,Mexico,2023-12-18,149.4,83.2,128.4,2.77,21.9,22.9,16.0,10.1,33.6,5.2
Seoul,South Korea,2017-06-25,88.2,56.8,90.7,4.55,17.3,54.4,8.7,28.0,62.5,4.4
Ho Chi Minh City,Vietnam,2024-04-16,147.6,85.9,141.0,0.75,,50.9,19.6,-1.6,46.1,12.4
Ho Chi Minh City,Vietnam,2021-06-25,153.6,84.2,138.8,4.89,44.5,41.5,9.8,9.7,22.3,0.8
Los Angeles,USA,2021-06-01,40.6,27.7,52.9,2.7,8.7,20.4,2.9,-3.9,76.6,2.6
Seoul,South Korea,2021-06-12,47.9,21.4,37.2,4.53,11.7,40.9,5.2,9.0,,11.4
Istanbul,Turkey,2019-12-13,114.7,60.4,104.7,1.91,12.1,43.7,16.4,23.2,26.3,13.3
Tokyo,Japan,2015-05-05,35.7,20.5,34.4,2.61,8.7,39.0,4.6,2.9,78.7,10.1
Ho Chi Minh City,Vietnam,2023-10-29,99.3,54.1,95.6,0.68,26.9,23.3,6.4,21.0,75.5,1.6
Lagos,Nigeria,2023-04-26,112.3,61.1,111.2,1.84,22.3,75.0,16.3,36.7,39.7,3.9
Delhi,India,2018-10-07,190.1,101.2,153.8,2.06,42.6,65.8,23.5,31.6,22.4,1.2
Beijing,China,2018-07-15,233.6,97.1,143.6,3.3,63.5,75.0,23.4,19.5,82.5,8.3
Beijing,China,2017-05-04,191.2,128.4,237.8,4.57,27.5,51.5,25.7,0.0,79.6,3.2
Cairo,Egypt,2023-12-14,93.2,50.5,89.8,3.28,17.3,74.0,9.5,17.8,24.7,13.9
London,UK,2016-12-09,58.4,32.6,60.8,1.31,12.0,34.4,7.4,20.4,84.2,13.5
Lahore,Pakistan,2021-10-08,181.3,93.4,163.8,4.57,33.2,38.9,16.1,14.6,25.5,7.7
São Paulo,Brazil,2015-10-29,131.6,76.4,108.0,2.88,,50.9,15.6,-1.6,53.7,1.9
Lima,Peru,2015-06-06,45.6,19.3,29.3,2.68,9.9,24.0,5.3,17.0,60.3,12.6
Sydney,Australia,2024-02-13,5.0,3.1,4.2,3.5,1.2,74.4,0.4,21.3,20.9,5.3
Sydney,Australia,2022-06-24,75.2,34.8,58.0,1.26,9.3,50.7,4.4,21.4,22.4,2.0
Dhaka,Bangladesh,2022-12-15,177.8,102.6,135.5,2.99,47.6,63.3,11.2,21.7,70.4,1.0
Beijing,China,2018-05-03,176.4,104.1,184.8,4.09,41.0,39.7,15.5,35.4,21.3,10.6
Tokyo,Japan,2018-09-30,81.8,50.0,99.8,3.53,8.7,69.6,6.4,15.1,43.4,4.4
Beijing,China,2020-08-27,204.8,131.9,198.9,1.3,47.8,60.2,28.7,-4.3,84.0,8.1
Stockholm,Sweden,2017-07-12,5.0,2.1,3.4,1.37,0.8,50.2,0.7,28.5,64.3,8.3
Karachi,Pakistan,2018-09-01,171.7,81.7,119.4,3.17,35.1,20.5,22.8,26.7,69.6,1.5
Tokyo,Japan,2019-06-11,73.1,49.7,94.7,1.64,9.6,46.9,6.3,25.7,92.5,5.8
Buenos Aires,Argentina,2020-08-30,73.4,30.1,58.1,0.48,14.9,22.9,4.2,34.9,77.4,3.4
Lahore,Pakistan,2015-04-22,208.0,132.8,255.3,2.5,58.1,50.5,24.7,39.1,37.7,2.9
Cairo,Egypt,2024-09-24,103.0,42.4,60.1,2.43,15.4,35.5,14.2,18.2,74.7,1.0
Beijing,China,2015-10-06,145.1,78.9,112.9,0.86,39.8,76.4,8.4,10.7,91.9,1.7
Nairobi,Kenya,2015-11-02,42.7,19.6,37.8,4.58,9.5,66.0,5.3,24.8,82.0,10.4
Bangkok,Thailand,2023-06-21,96.8,56.8,97.3,4.86,10.9,26.5,9.7,18.7,23.0,12.5
Johannesburg,South Africa,2018-07-17,98.5,62.8,97.2,4.78,26.6,37.7,5.0,8.3,41.1,13.4
Tokyo,Japan,2022-02-17,38.3,16.1,26.3,2.88,4.5,42.6,3.1,19.1,69.6,10.7
Paris,France,2023-05-30,65.0,43.4,70.0,4.5,,46.3,5.7,37.0,73.6,14.0
Lahore,Pakistan,2021-10-24,199.8,116.5,160.8,1.67,,39.2,11.9,26.8,75.1,4.6
Tokyo,Japan,2024-10-04,47.7,30.4,46.2,4.31,12.4,59.7,3.9,18.2,53.4,5.4
Mexico City,Mexico,2016-08-11,109.2,59.5,112.1,0.79,14.0,78.6,11.9,17.9,59.2,3.6
Nairobi,Kenya,2017-01-27,84.3,48.2,93.4,2.77,10.7,54.4,5.0,4.2,22.3,7.9
Beijing,China,2021-06-22,135.6,73.3,143.2,3.68,15.7,33.5,15.9,35.3,22.5,12.3
Tehran,Iran,2017-10-31,151.4,93.6,144.8,4.16,31.5,38.3,14.2,-2.0,90.9,9.5
Sydney,Australia,2023-03-25,46.0,27.7,49.0,0.38,9.4,69.3,2.5,38.0,51.8,4.7
Toronto,Canada,2021-11-18,36.4,21.6,35.7,3.27,4.7,22.3,2.3,7.9,39.0,9.4
Lima,Peru,2018-06-17,117.4,79.1,143.3,4.19,29.3,57.8,10.9,35.6,68.8,6.3
Wuhan,China,2016-08-28,171.3,82.7,120.3,2.78,22.9,68.0,16.9,,31.1,5.2
Dhaka,Bangladesh,2022-05-31,120.9,77.7,142.8,1.35,27.0,34.6,18.0,37.8,62.2,10.6
Buenos Aires,Argentina,2017-11-10,94.0,64.6,111.0,3.29,25.4,60.2,11.6,5.5,47.8,2.6
Lagos,Nigeria,2015-01-19,142.0,76.2,152.3,3.17,36.5,40.0,18.9,22.7,72.3,4.8
Seoul,South Korea,2017-01-10,120.4,81.2,156.6,4.86,28.1,78.3,16.0,7.2,52.1,4.0
Johannesburg,South Africa,2016-03-30,143.2,65.4,85.2,3.68,26.5,38.8,18.1,32.5,93.1,9.8
Stockholm,Sweden,2017-03-01,5.0,2.3,3.7,4.96,0.5,31.8,0.3,27.3,46.4,7.1
Seoul,South Korea,2015-03-04,63.5,33.1,45.5,2.81,7.6,67.4,6.8,27.6,51.4,6.0
Lahore,Pakistan,2016-08-20,222.9,120.5,219.1,4.21,55.8,28.6,25.0,-1.4,,6.0
Seoul,South Korea,2022-02-03,172.1,,196.1,1.97,18.3,52.2,24.5,21.8,92.9,2.5
Jakarta,Indonesia,2018-09-03,123.7,,90.3,3.18,30.4,65.7,15.7,24.9,36.2,6.4
Mexico City,Mexico,2022-04-27,152.8,85.2,125.9,1.03,21.6,44.0,19.0,6.5,72.4,7.6
Ho Chi Minh City,Vietnam,2020-05-07,121.5,52.1,80.0,2.68,30.0,31.9,8.7,23.4,48.7,7.5
Paris,France,2023-01-26,5.0,2.7,4.8,3.39,1.3,58.3,0.3,10.4,94.2,3.3
Mumbai,India,2021-04-25,188.6,96.5,130.9,2.0,25.7,77.7,22.9,28.7,52.7,2.1
Lima,Peru,2019-01-02,109.2,52.2,85.6,2.47,20.4,49.8,16.2,8.4,66.1,4.0
Toronto,Canada,2016-06-11,48.0,23.0,30.5,4.13,6.0,42.1,4.7,14.5,,9.2
Los Angeles,USA,2018-01-22,13.7,5.7,10.4,1.96,3.8,43.7,1.7,37.3,68.8,6.5
Delhi,India,2017-12-21,248.8,110.5,197.6,0.98,25.6,57.5,15.3,29.7,84.9,14.2
Delhi,India,2015-02-25,215.2,117.2,181.3,2.61,29.7,40.9,26.2,4.8,39.8,11.4
Karachi,Pakistan,2018-11-09,193.6,117.8,170.8,3.53,42.5,42.0,18.2,20.6,57.0,9.8
Jakarta,Indonesia,2020-05-31,164.1,97.9,137.9,1.56,29.3,36.8,11.9,31.2,67.9,8.7
Nairobi,Kenya,2021-12-03,44.7,20.6,31.5,0.33,10.6,36.1,5.9,11.2,56.0,14.5
Sydney,Australia,2017-07-12,53.9,33.2,60.7,1.34,10.8,41.0,6.9,23.0,55.7,11.8
Berlin,Germany,2016-04-04,58.9,39.1,72.2,2.22,17.4,42.8,6.7,2.2,93.5,10.7
Johannesburg,South Africa,2019-03-02,101.7,42.7,78.3,3.94,23.8,37.5,10.1,-0.0,55.4,4.0
Karachi,Pakistan,2024-12-04,201.3,89.0,139.9,2.4,59.8,41.1,23.0,1.2,24.9,13.1
Mumbai,India,2015-08-13,116.7,57.8,95.5,0.94,28.2,24.2,14.7,19.6,40.9,13.0
Istanbul,Turkey,2015-04-17,118.0,73.8,134.5,4.8,23.3,60.5,15.6,16.6,56.1,5.1
Sydney,Australia,2019-10-10,16.5,9.2,14.0,2.29,4.9,29.4,1.7,-0.6,43.9,8.1
Nairobi,Kenya,2021-01-09,60.8,31.4,44.0,1.38,13.6,24.0,5.9,22.4,51.6,0.8
Berlin,Germany,2019-02-26,37.2,19.0,35.0,1.83,7.3,43.3,3.1,-4.0,47.0,13.4
Stockholm,Sweden,2021-07-24,38.3,,45.8,1.0,,38.1,3.7,18.7,83.8,14.0
Stockholm,Sweden,2021-03-07,5.0,2.0,3.9,0.56,0.8,50.9,0.5,22.2,56.0,14.0
Tokyo,Japan,2023-01-08,70.1,31.9,54.7,3.04,14.4,48.8,4.1,,87.7,9.6
Karachi,Pakistan,2017-10-25,181.4,87.7,151.5,2.21,34.1,23.6,11.6,12.7,72.5,1.2
Stockholm,Sweden,2024-03-15,59.7,27.3,49.4,4.79,16.8,67.4,7.2,5.6,67.5,9.8
Stockholm,Sweden,2022-10-11,49.8,27.3,48.7,,7.9,34.8,5.5,0.9,63.7,1.8
Cairo,Egypt,2017-03-04,110.6,51.1,78.4,2.03,26.0,51.7,9.8,,21.0,11.7
Nairobi,Kenya,2023-12-10,85.4,55.4,93.1,2.78,20.6,71.6,12.3,19.5,31.3,13.2
São Paulo,Brazil,2023-04-05,97.7,65.6,126.5,0.55,21.7,27.5,5.7,15.2,27.3,11.1
Delhi,India,2021-03-19,210.1,119.9,175.7,4.26,56.9,64.0,23.4,34.1,32.2,14.0
Ho Chi Minh City,Vietnam,2019-02-02,118.9,78.2,128.9,3.1,31.9,21.8,10.3,31.7,81.0,12.8
Lahore,Pakistan,2015-01-25,186.5,114.1,160.1,3.99,27.8,64.3,17.8,39.4,63.5,9.7
Ho Chi Minh City,Vietnam,2017-05-21,128.9,52.2,90.2,4.2,19.0,33.3,14.3,31.8,38.7,14.0
Karachi,Pakistan,2015-02-08,222.2,106.5,190.6,4.77,53.8,46.7,14.9,15.7,65.5,5.3
Nairobi,Kenya,2022-08-06,75.8,32.4,43.2,4.33,10.7,54.5,4.9,6.8,47.1,2.6
Delhi,India,2018-01-11,147.8,98.0,128.2,0.59,38.6,36.9,18.1,1.6,37.8,8.8
Ho Chi Minh City,Vietnam,2020-04-17,125.0,,74.3,4.57,14.9,71.4,8.5,33.8,60.4,13.2
Mexico City,Mexico,2016-12-17,88.7,55.8,99.1,2.85,23.3,58.9,12.2,12.1,64.2,13.1
Beijing,China,2018-09-11,177.1,96.0,141.8,1.95,49.1,77.3,25.7,26.5,58.2,3.1
Los Angeles,USA,2023-04-22,54.5,22.8,29.9,4.43,14.3,54.1,8.2,37.9,69.1,7.2
Mumbai,India,2020-08-21,143.1,,145.8,1.91,18.7,54.9,15.8,3.7,34.7,14.8
Paris,France,2018-01-17,49.7,32.4,52.7,2.34,,66.4,6.9,6.8,27.1,2.5
São Paulo,Brazil,2016-10-11,48.1,24.1,40.1,4.3,11.0,30.6,3.2,13.6,25.6,11.5
Chengdu,China,2015-09-27,154.4,77.7,128.6,3.63,33.0,68.1,17.4,30.5,72.3,3.3
Mexico City,Mexico,2020-02-16,138.3,66.5,111.7,4.96,37.5,38.3,11.1,16.8,50.3,5.9
Los Angeles,USA,2023-04-05,83.6,33.7,61.9,3.78,22.2,70.5,8.9,30.1,56.9,14.3
Jakarta,Indonesia,2018-01-23,114.0,49.1,79.0,3.19,16.7,53.3,14.9,6.6,63.5,5.4
Ho Chi Minh City,Vietnam,2018-02-20,140.3,80.0,128.0,0.38,20.7,37.1,8.6,23.4,38.2,4.5
Lima,Peru,2019-06-02,5.0,3.1,6.0,0.42,0.9,56.6,0.4,,92.9,14.2
Cairo,Egypt,2016-09-30,108.7,50.8,100.2,2.46,15.4,62.4,8.5,7.0,85.9,2.9
Bangkok,Thailand,2017-04-25,120.7,52.8,86.0,3.25,32.6,33.8,15.9,5.6,70.8,6.7
Lahore,Pakistan,2022-04-26,125.2,76.9,,1.13,21.5,59.2,9.2,3.3,20.7,7.3
Mexico City,Mexico,2016-02-26,117.9,54.9,79.3,2.86,21.0,54.4,17.6,33.7,20.6,1.2
Dhaka,Bangladesh,2016-01-28,133.1,67.4,127.4,3.81,39.7,56.8,12.8,-0.9,94.7,8.5
London,UK,2018-06-15,74.3,51.9,74.2,,20.6,54.6,8.5,13.3,70.6,6.2
Beijing,China,2016-04-17,171.4,73.9,96.4,0.56,23.7,47.4,8.9,2.0,78.6,11.6
Lagos,Nigeria,2020-03-01,95.8,64.6,119.1,1.82,11.3,57.0,7.2,18.9,90.6,8.8
Lagos,Nigeria,2015-06-06,81.2,53.8,89.3,2.11,9.1,42.8,11.4,-4.1,55.6,14.0
Lagos,Nigeria,2023-02-16,165.1,89.0,126.1,,36.6,75.2,10.0,4.5,47.8,12.2
Stockholm,Sweden,2016-08-30,5.0,3.3,4.4,4.72,1.1,59.5,0.4,30.2,32.5,1.2
Paris,France,2023-05-31,61.0,33.9,57.6,0.91,16.4,67.2,7.1,16.0,92.3,13.2
Tokyo,Japan,2021-10-28,78.0,35.5,48.5,3.86,21.7,63.0,10.2,39.6,30.1,14.5
Los Angeles,USA,2015-08-13,70.7,40.3,,1.81,,26.9,5.8,-3.6,40.3,3.7
Delhi,India,2023-09-20,212.6,116.4,189.6,0.67,32.4,77.2,13.0,8.7,22.7,2.7
Tokyo,Japan,2022-04-16,37.2,16.6,29.6,3.83,5.1,22.7,2.2,24.6,30.2,7.7
Istanbul,Turkey,2018-06-07,31.6,14.2,18.6,1.81,3.7,43.6,3.5,11.5,72.9,11.3
Karachi,Pakistan,2019-02-03,182.9,105.8,175.3,0.32,38.6,76.0,15.3,38.5,46.8,2.5
London,UK,2021-03-13,8.4,5.1,10.1,4.17,2.1,32.5,1.2,18.7,86.7,5.3
Tehran,Iran,2015-10-08,87.6,53.8,106.1,3.55,24.3,47.2,11.1,,73.3,7.9
São Paulo,Brazil,2018-06-09,74.5,45.5,67.2,4.11,21.6,47.9,9.0,28.2,69.7,8.4
Seoul,South Korea,2016-10-31,64.0,41.8,74.1,4.29,8.2,21.8,9.2,1.6,80.7,12.4
Johannesburg,South Africa,2022-12-29,87.6,38.5,68.0,4.48,16.2,44.8,8.3,-1.3,86.9,13.1
Mumbai,India,2022-09-14,225.2,103.8,183.4,3.35,63.1,69.8,32.4,34.1,85.2,1.4
Beijing,China,2022-01-07,175.3,102.1,159.9,0.57,41.3,39.7,17.0,25.7,,12.5
Lahore,Pakistan,2016-05-02,128.5,65.7,90.6,4.86,27.6,27.7,11.0,19.6,60.0,1.0
Karachi,Pakistan,2021-09-21,152.1,73.4,96.3,0.66,32.9,28.3,8.2,12.1,66.7,2.1
Mumbai,India,2024-02-29,221.2,112.6,214.0,4.18,25.6,55.0,25.2,-5.0,93.5,6.4
Dhaka,Bangladesh,2015-10-08,169.7,77.8,134.4,4.11,36.9,67.3,20.9,5.7,52.7,2.7
Chengdu,China,2022-06-30,136.9,89.0,146.6,3.22,28.5,62.6,11.2,1.2,21.3,7.0
Karachi,Pakistan,2023-06-22,160.1,78.7,113.1,4.65,19.4,23.1,22.1,26.5,51.7,11.4
Los Angeles,USA,2018-04-12,57.6,34.1,67.4,4.84,10.1,55.4,3.7,-2.0,52.5,10.5
Lima,Peru,2018-05-22,68.1,36.0,67.5,4.03,16.8,24.6,8.8,36.4,24.5,6.3
Paris,France,2023-09-18,58.3,26.4,44.8,2.36,7.3,47.9,3.9,27.9,93.0,7.3
Buenos Aires,Argentina,2015-03-30,140.4,74.3,103.8,4.86,17.7,26.7,13.5,,46.6,3.3
Buenos Aires,Argentina,2016-09-08,30.3,15.5,22.4,2.74,7.1,68.0,2.2,2.5,21.5,3.8
Jakarta,Indonesia,2021-12-30,104.5,52.6,73.8,3.03,18.5,25.6,9.4,4.4,71.0,5.8
Ho Chi Minh City,Vietnam,2019-07-13,94.1,60.1,119.5,0.42,22.4,35.8,5.3,-4.4,86.1,5.6
Istanbul,Turkey,2015-12-15,75.4,38.3,50.3,,11.9,59.6,4.5,20.2,29.0,3.6
Chengdu,China,2017-09-14,165.9,89.4,168.3,0.76,21.4,38.4,21.0,8.8,50.6,4.9
Ho Chi Minh City,Vietnam,2021-03-18,115.1,62.3,91.3,2.94,14.4,77.0,15.6,2.0,32.9,7.9
Lagos,Nigeria,2021-04-12,166.3,78.7,143.1,4.77,21.2,50.7,9.3,4.3,26.7,6.4
Lahore,Pakistan,2020-06-21,183.4,105.1,153.0,0.49,38.6,28.0,15.5,,87.8,1.7
Tokyo,Japan,2018-05-07,73.4,43.4,62.1,1.1,20.1,45.2,8.5,17.7,74.6,7.4
Johannesburg,South Africa,2022-12-23,70.8,36.0,68.5,2.5,10.1,76.1,9.2,-2.5,94.9,10.6
Seoul,South Korea,2022-02-01,108.2,68.6,100.6,1.51,17.5,55.9,7.3,-0.3,70.9,11.8
Tehran,Iran,2018-10-10,108.3,55.1,88.4,2.13,31.6,66.1,7.7,12.3,60.8,9.4
Bangkok,Thailand,2022-12-05,117.5,64.8,123.0,3.83,30.0,77.4,9.0,7.0,86.7,11.7
Los Angeles,USA,2022-10-12,75.3,31.5,54.9,0.98,15.1,29.3,4.7,-4.5,67.3,5.7
Chengdu,China,2017-05-26,131.7,89.9,137.0,1.87,35.3,58.9,15.9,23.6,91.0,3.5
Paris,France,2023-05-10,32.8,21.3,36.5,3.41,7.5,23.5,2.4,38.3,60.1,6.0
Lagos,Nigeria,2016-11-15,109.8,54.2,105.4,2.82,26.3,25.0,5.9,6.7,43.2,10.5
Beijing,China,2017-01-19,106.3,54.4,95.7,1.07,12.0,71.3,11.3,24.2,43.0,5.9
Istanbul,Turkey,2015-04-22,103.3,43.9,81.8,2.39,26.1,20.8,5.5,2.7,35.8,11.6
Seoul,South Korea,2017-10-10,117.0,68.5,131.4,1.46,32.9,74.6,10.9,-0.8,74.5,5.4
São Paulo,Brazil,2019-06-22,84.4,46.6,63.9,2.01,9.9,47.9,11.3,7.2,77.4,3.2
Beijing,China,2018-08-16,122.8,82.8,126.5,4.53,24.7,39.0,17.1,-3.6,22.1,9.2
Johannesburg,South Africa,2016-01-17,82.7,56.6,101.5,4.76,13.7,61.6,11.2,12.1,92.4,4.3
Sydney,Australia,2019-07-17,39.4,26.6,52.7,1.64,5.0,65.5,5.6,22.0,67.6,11.6
Jakarta,Indonesia,2017-02-21,118.0,69.4,113.0,2.5,28.4,79.7,13.7,30.7,22.1,12.3
Karachi,Pakistan,2020-09-23,177.1,111.9,181.1,4.45,22.9,50.5,20.3,18.3,86.7,14.8
London,UK,2021-07-29,42.8,19.7,36.9,3.8,,32.9,3.9,39.2,31.9,10.2
Dhaka,Bangladesh,2024-03-26,188.8,103.9,193.2,2.6,49.3,45.6,28.3,14.6,31.2,6.3
Lima,Peru,2024-01-10,70.9,41.0,77.6,4.12,16.4,68.9,7.6,-4.8,23.1,14.7
Delhi,India,2017-03-25,215.6,107.6,193.6,2.7,28.5,73.7,17.1,27.9,78.5,14.5
Beijing,China,2023-11-30,113.2,68.3,111.0,2.36,30.7,23.0,15.6,33.3,58.0,7.6
Lahore,Pakistan,2022-07-15,202.8,141.6,195.1,3.07,47.9,76.1,26.0,24.0,28.8,5.9
Chengdu,China,2022-11-03,170.0,106.6,187.3,2.68,22.1,39.8,10.8,27.6,32.0,10.7
Chengdu,China,2022-09-19,175.3,94.3,131.5,1.78,28.8,62.0,10.8,,77.1,3.2
Stockholm,Sweden,2016-05-02,65.5,29.9,42.2,1.41,11.3,67.6,8.1,36.6,24.4,0.7
Lahore,Pakistan,2024-09-01,194.1,93.9,144.0,2.87,23.4,58.6,16.0,23.5,82.6,3.0
Paris,France,2020-02-16,72.3,33.4,57.6,2.2,18.4,56.4,7.2,36.1,48.3,3.7
Paris,France,2019-06-24,49.8,29.2,47.0,2.59,14.5,64.0,3.0,4.5,93.2,11.0
Johannesburg,South Africa,2023-09-30,122.1,75.0,112.9,2.89,27.5,48.9,16.2,32.5,83.8,12.1
Mumbai,India,2016-09-10,154.0,79.2,149.1,2.6,23.0,50.4,9.9,26.1,45.2,4.3
Buenos Aires,Argentina,2024-02-13,85.5,50.2,94.8,3.87,18.8,77.7,5.9,37.5,50.1,8.2
Mexico City,Mexico,2015-09-14,129.8,73.0,126.1,4.99,38.3,78.0,11.0,,54.2,12.9
Tokyo,Japan,2020-08-04,75.9,51.9,92.4,4.05,10.3,63.3,8.5,-0.9,28.5,2.1
Stockholm,Sweden,2015-12-22,30.2,,21.7,1.98,6.3,62.4,3.6,18.2,54.8,6.3
Los Angeles,USA,2017-12-03,8.6,5.3,8.6,3.49,2.3,52.1,0.7,29.6,39.9,13.4
Lagos,Nigeria,2019-01-14,119.7,77.5,138.7,4.85,31.4,24.6,14.5,19.1,21.2,4.1
Jakarta,Indonesia,2024-09-18,120.6,78.9,150.2,3.2,34.4,50.0,16.7,15.4,40.8,13.8
Chengdu,China,2016-11-04,114.5,63.1,,,34.2,21.5,16.0,-4.8,47.3,2.9
Tokyo,Japan,2021-06-03,62.2,,42.4,3.93,8.9,33.4,4.8,,69.5,0.8
Sydney,Australia,2022-08-16,16.2,8.0,11.9,4.76,2.2,62.4,0.9,3.9,45.4,12.0
Sydney,Australia,2020-05-10,67.8,28.9,54.3,1.05,11.3,21.7,4.2,15.1,81.4,11.7
Tehran,Iran,2022-02-07,135.6,60.4,95.0,4.45,16.0,52.6,8.0,16.2,29.5,1.7
Buenos Aires,Argentina,2019-03-18,39.1,23.2,31.0,0.68,5.4,72.3,4.4,27.9,47.8,3.6
Seoul,South Korea,2018-11-10,56.6,30.9,52.7,4.52,15.7,45.5,5.2,2.3,39.3,13.9
Tehran,Iran,2016-01-20,127.0,85.0,150.8,3.2,30.6,69.7,17.5,23.9,86.8,8.3
Lahore,Pakistan,2017-01-02,118.5,78.7,132.1,4.56,12.8,43.9,17.2,6.2,90.6,14.3
Los Angeles,USA,2017-05-04,113.7,75.2,138.6,3.26,33.7,61.1,16.8,-2.4,30.4,7.0
Delhi,India,2017-07-16,205.5,130.4,184.2,4.89,33.5,45.7,15.9,21.1,24.4,2.7
Sydney,Australia,2015-10-23,17.8,11.3,15.5,2.36,1.9,40.8,2.1,-0.9,86.6,13.7
Lahore,Pakistan,2017-07-18,149.6,104.3,157.3,0.7,15.1,44.5,16.9,9.9,82.8,10.9
Toronto,Canada,2024-02-15,42.5,18.2,27.5,2.48,8.5,52.5,3.4,25.0,68.4,8.9
Jakarta,Indonesia,2021-06-23,121.3,65.9,102.1,2.61,34.5,48.8,6.2,14.7,81.5,11.8
Wuhan,China,2019-02-18,153.2,87.2,174.3,3.33,36.6,49.5,13.1,31.6,57.1,14.9
Johannesburg,South Africa,2022-12-15,40.9,17.2,30.6,0.52,6.1,41.2,5.1,17.2,22.1,9.4
Karachi,Pakistan,2024-10-14,170.0,104.1,,3.88,41.5,74.2,9.1,15.1,70.9,1.9
Lagos,Nigeria,2019-05-04,134.7,92.0,147.6,4.93,15.0,63.1,14.6,17.5,,2.4
Los Angeles,USA,2022-04-06,22.2,14.9,23.9,4.13,4.0,71.1,2.5,1.3,68.7,3.3
Cairo,Egypt,2024-04-29,156.0,70.4,92.6,1.3,32.3,48.9,15.6,6.1,71.4,10.7
Ho Chi Minh City,Vietnam,2020-11-13,139.6,85.7,128.0,0.3,38.1,69.3,8.7,11.8,69.6,10.0
Los Angeles,USA,2023-09-18,80.4,35.5,56.9,0.76,14.3,20.9,11.2,18.7,83.7,1.4
Buenos Aires,Argentina,2021-08-27,44.7,,45.0,,5.0,24.8,5.6,15.0,74.5,10.4
Jakarta,Indonesia,2024-03-20,76.9,34.0,62.3,3.69,13.5,24.6,3.9,8.0,,3.8
Mexico City,Mexico,2023-05-14,115.8,78.8,121.5,3.48,16.3,57.1,7.3,-4.9,89.9,8.5
Istanbul,Turkey,2018-06-05,121.8,60.9,93.2,2.18,29.4,53.9,17.4,-3.9,73.1,5.3
Berlin,Germany,2021-09-29,52.8,36.7,72.0,4.87,15.3,20.5,6.6,7.2,72.9,14.7
Buenos Aires,Argentina,2019-05-07,98.8,56.3,102.2,1.49,14.3,23.6,5.9,24.6,57.9,0.9
São Paulo,Brazil,2017-10-24,86.4,41.6,73.3,2.01,20.8,61.0,5.1,35.9,56.5,6.2
Wuhan,China,2023-04-13,224.3,96.4,182.9,2.68,56.8,32.9,29.8,36.6,67.7,2.0
Toronto,Canada,2018-04-12,59.9,24.6,45.8,0.95,8.7,54.6,4.6,24.8,65.6,2.1
Sydney,Australia,2015-03-17,58.2,39.4,55.7,3.11,9.8,47.6,4.6,10.9,22.2,14.7
Dhaka,Bangladesh,2017-11-17,102.5,57.6,90.2,,19.8,36.6,7.0,20.0,83.2,2.7
London,UK,2021-05-06,45.4,21.5,42.8,4.2,10.0,75.8,4.3,39.2,42.2,4.0
Mumbai,India,2017-01-02,199.1,110.5,184.1,3.12,30.6,43.0,21.0,37.4,68.2,5.3
São Paulo,Brazil,2017-02-24,76.2,52.9,87.1,4.71,16.0,56.3,9.2,9.4,72.4,8.1
Johannesburg,South Africa,2021-10-10,78.3,45.7,61.1,0.78,18.4,24.3,8.6,4.9,42.8,2.4
Ho Chi Minh City,Vietnam,2022-05-15,142.5,92.1,160.9,4.76,15.6,67.5,17.1,6.7,74.7,10.9
Karachi,Pakistan,2023-04-07,153.7,76.9,125.1,4.51,27.2,44.2,17.0,28.9,75.1,0.8
Karachi,Pakistan,2023-09-09,225.6,120.7,201.3,2.94,55.6,69.9,25.9,20.4,48.0,2.5
Los Angeles,USA,2019-02-10,126.2,78.9,106.4,4.32,32.7,66.5,6.6,18.7,24.1,8.5
Berlin,Germany,2020-07-06,5.0,2.2,3.9,2.41,1.3,52.0,0.4,9.9,87.3,7.1
Los Angeles,USA,2020-09-21,51.5,33.8,61.9,1.34,9.4,31.8,7.5,21.9,76.6,10.9
São Paulo,Brazil,2024-02-12,68.3,,61.9,4.88,18.7,43.0,9.1,28.1,79.5,3.7
Bangkok,Thailand,2016-07-23,104.2,57.7,104.3,1.83,23.5,63.1,6.7,1.3,73.7,6.8
Paris,France,2016-06-04,59.6,29.4,39.1,3.35,14.1,53.2,7.1,18.6,71.9,1.1
Tokyo,Japan,2020-05-27,54.7,25.7,36.9,4.87,8.6,33.9,7.3,13.9,51.6,6.9
Tokyo,Japan,2018-06-17,56.2,28.0,42.0,4.45,7.4,30.9,6.0,10.5,51.6,12.2
Johannesburg,South Africa,2021-05-19,70.2,,75.7,1.09,14.0,63.5,4.1,23.5,84.4,4.3
London,UK,2021-08-26,66.7,41.1,82.1,1.52,16.5,53.1,5.4,2.2,87.2,9.1
Nairobi,Kenya,2019-03-30,35.4,17.7,27.8,4.87,3.6,79.1,5.2,39.8,55.7,14.5
Stockholm,Sweden,2019-01-14,37.2,15.2,22.1,4.74,3.8,52.8,2.1,7.9,26.6,13.0
Sydney,Australia,2020-03-22,43.8,30.3,50.1,3.3,9.4,49.1,5.9,24.0,80.1,11.9
Jakarta,Indonesia,2019-06-09,138.7,82.5,118.8,3.04,,79.8,7.4,-0.9,25.8,6.3
Delhi,India,2023-03-13,194.4,130.1,198.5,0.71,21.7,71.1,23.9,26.4,45.5,6.0
Delhi,India,2016-11-02,200.9,84.2,155.1,1.76,21.7,64.6,16.7,27.5,73.1,8.3
Toronto,Canada,2020-09-19,5.0,,5.3,0.36,1.4,52.7,0.7,34.7,53.4,7.9
Toronto,Canada,2021-03-06,58.9,31.5,60.7,4.0,7.4,56.6,8.8,21.8,78.9,11.7
Beijing,China,2016-10-13,202.3,111.3,189.1,3.65,51.7,36.3,13.1,8.1,58.1,5.5
Buenos Aires,Argentina,2024-11-21,40.8,16.5,22.6,0.99,4.7,73.8,5.8,37.2,92.0,7.6
São Paulo,Brazil,2019-06-06,95.7,60.8,114.6,1.6,18.5,47.6,14.3,37.7,,2.5
São Paulo,Brazil,2024-11-02,92.1,46.9,89.6,1.1,13.3,41.0,13.1,17.7,68.5,6.1
Dhaka,Bangladesh,2022-11-11,194.7,130.0,213.9,1.98,50.9,60.4,10.5,10.8,,8.8
Chengdu,China,2017-12-12,142.0,93.7,125.7,3.71,23.8,60.9,15.9,17.6,84.0,10.8
Nairobi,Kenya,2021-11-13,52.8,31.0,61.2,2.05,5.6,46.8,5.5,31.0,74.6,14.5
Seoul,South Korea,2022-05-06,45.9,22.5,39.3,3.46,13.7,28.3,3.2,2.0,64.2,2.5
Mumbai,India,2020-04-30,171.1,97.2,188.5,2.98,24.2,40.6,17.6,2.0,65.9,15.0
Mexico City,Mexico,2018-12-10,150.4,76.9,117.9,4.68,41.2,48.3,12.8,27.0,43.6,2.2
Lagos,Nigeria,2018-03-28,62.2,28.9,37.7,3.26,13.9,31.3,9.0,13.4,21.9,3.7
Lahore,Pakistan,2019-09-04,157.2,72.4,96.8,3.2,32.0,65.7,20.0,38.2,24.3,1.1
Toronto,Canada,2016-01-16,80.3,34.5,46.5,1.05,14.9,26.6,7.6,20.3,20.0,2.2
Seoul,South Korea,2018-11-02,112.1,65.4,104.2,4.46,28.1,55.8,5.7,34.6,53.4,14.0
Los Angeles,USA,2024-11-04,42.0,26.2,40.2,1.95,5.2,28.8,2.9,9.8,86.9,5.8
Istanbul,Turkey,2024-06-08,100.9,42.9,73.4,2.56,29.8,70.8,9.6,29.9,34.5,8.7
Wuhan,China,2022-03-26,124.1,76.4,125.6,3.83,25.2,25.2,15.3,32.5,87.8,8.8
London,UK,2016-05-15,25.1,15.7,22.1,1.07,2.9,39.2,2.4,39.9,52.3,11.0
Sydney,Australia,2024-08-31,37.4,17.8,31.5,4.92,7.3,29.7,2.3,7.1,62.7,14.2
Lagos,Nigeria,2015-12-10,173.4,85.2,139.5,4.62,31.9,33.4,11.5,15.6,80.1,4.7
Lahore,Pakistan,2021-07-26,138.4,63.3,123.2,2.96,34.0,58.2,20.7,15.5,51.9,5.7
Buenos Aires,Argentina,2019-10-25,130.7,63.1,125.3,4.39,21.3,38.3,7.9,34.5,47.9,8.8
Mexico City,Mexico,2023-02-07,148.4,78.5,140.6,2.33,26.5,79.4,16.5,11.5,39.3,1.1
Wuhan,China,2018-11-16,148.5,80.4,,0.66,15.0,42.8,16.4,23.3,55.7,2.3
Lagos,Nigeria,2015-09-11,145.4,84.2,121.4,2.31,34.8,52.2,7.5,37.9,83.4,4.3
Jakarta,Indonesia,2020-08-25,157.5,106.6,145.7,2.66,30.1,44.6,21.0,12.1,24.8,1.5
Lagos,Nigeria,2017-08-22,157.9,72.8,127.6,3.53,23.9,56.0,18.7,16.0,45.3,9.5
Karachi,Pakistan,2024-03-17,150.1,79.2,124.7,2.48,17.3,53.2,12.4,0.5,55.0,0.5
Stockholm,Sweden,2019-07-18,35.8,17.3,28.5,2.35,5.5,62.0,2.2,-2.6,77.6,10.2
Mexico City,Mexico,2020-07-07,66.8,36.1,59.5,2.35,,50.0,6.9,26.1,73.3,6.0
Buenos Aires,Argentina,2015-01-13,84.3,45.2,86.8,3.57,23.6,62.5,12.4,23.6,92.3,2.8
Sydney,Australia,2024-08-02,5.0,2.9,5.7,2.26,0.7,51.3,0.6,9.2,73.6,14.6
Nairobi,Kenya,2021-09-12,50.0,25.6,40.3,0.77,12.6,41.9,6.9,,21.8,14.8
Bangkok,Thailand,2019-08-22,63.9,35.5,55.9,2.74,10.5,57.4,3.8,23.0,40.7,0.8
Tokyo,Japan,2022-01-25,9.2,3.9,7.4,3.17,1.1,50.7,0.9,-2.3,65.5,12.2
Lahore,Pakistan,2015-11-21,224.3,103.4,196.8,1.91,64.9,24.3,22.1,21.9,38.6,11.7
São Paulo,Brazil,2017-06-23,81.5,44.6,64.1,4.98,22.8,37.6,8.5,9.2,78.2,14.0
Cairo,Egypt,2022-01-09,123.5,79.3,130.7,2.16,35.5,50.6,12.0,25.3,39.6,5.2
Lima,Peru,2016-03-27,103.6,49.9,83.8,4.87,,29.6,10.5,12.5,32.0,13.4
Lahore,Pakistan,2018-09-08,185.6,105.9,195.1,4.34,44.6,22.6,12.2,-1.8,20.7,4.9
Toronto,Canada,2015-09-07,5.0,3.2,4.2,4.26,,63.0,0.6,37.0,35.7,14.9
Buenos Aires,Argentina,2022-02-23,71.9,44.5,69.0,2.87,16.6,57.2,8.7,-1.3,46.7,6.8
Tokyo,Japan,2019-08-06,52.9,27.0,44.4,0.6,15.3,65.9,6.5,2.8,65.3,8.2
Tokyo,Japan,2019-01-29,53.6,33.4,56.9,4.3,7.0,20.9,6.4,-0.6,28.7,11.3
Tehran,Iran,2023-09-11,161.1,79.7,115.8,0.8,20.3,23.7,9.5,14.4,44.1,10.7
Berlin,Germany,2023-07-01,48.5,30.8,51.5,0.78,11.7,41.8,2.8,32.9,45.4,3.7
Mexico City,Mexico,2019-01-15,73.3,42.1,76.3,0.6,16.0,77.2,5.6,35.9,91.3,4.4
Paris,France,2016-12-27,7.3,3.4,6.2,4.05,1.1,63.0,1.0,11.1,32.6,1.8
Stockholm,Sweden,2017-06-01,5.0,2.2,3.4,3.56,0.7,66.2,0.3,14.8,72.7,2.5
Seoul,South Korea,2022-10-03,66.1,42.3,72.6,2.7,17.7,79.1,4.5,26.1,26.0,1.1
Stockholm,Sweden,2017-02-16,36.4,17.6,30.5,3.57,6.0,68.9,3.8,34.1,77.2,13.1
Sydney,Australia,2019-12-23,23.8,11.3,15.4,2.38,6.6,48.1,3.2,9.7,45.5,13.5
Dhaka,Bangladesh,2021-09-01,155.0,106.2,180.7,3.87,18.3,49.6,21.7,34.5,23.5,4.9
Tehran,Iran,2020-04-18,162.0,73.2,132.5,1.17,27.4,59.8,15.9,28.2,92.1,2.2
Sydney,Australia,2023-10-13,21.3,8.7,12.2,1.8,3.6,74.0,2.6,38.7,64.9,4.0
Buenos Aires,Argentina,2018-01-15,21.8,15.0,28.6,1.9,2.7,49.9,1.2,1.7,37.5,10.2
Lagos,Nigeria,2022-06-04,127.5,55.8,102.0,3.65,18.3,56.4,12.8,-2.3,40.9,15.0
Lagos,Nigeria,2018-12-24,56.6,31.2,59.2,1.71,8.6,73.4,4.6,24.3,75.5,11.9
Istanbul,Turkey,2023-03-22,112.0,74.9,144.9,4.87,28.6,31.7,13.6,-1.6,43.8,2.2
London,UK,2016-03-15,77.9,39.1,70.3,2.99,9.5,53.7,9.0,34.7,25.3,4.8
Lahore,Pakistan,2016-02-16,190.1,92.3,158.8,4.84,49.2,40.0,18.5,4.0,21.2,4.7
Wuhan,China,2024-12-09,126.7,72.1,141.4,4.75,,56.9,6.9,24.2,28.8,14.2
Delhi,India,2023-06-12,177.7,103.2,183.1,4.46,45.0,54.5,23.5,39.4,42.5,2.2
Lima,Peru,2021-03-13,143.4,99.5,137.4,2.33,16.1,66.6,20.8,17.5,50.7,13.7
Bangkok,Thailand,2022-06-02,92.7,52.7,87.9,3.2,26.7,77.1,12.3,3.6,45.0,7.6
Ho Chi Minh City,Vietnam,2015-11-09,156.4,87.0,,4.92,34.4,72.6,23.4,33.2,69.3,12.8
London,UK,2024-10-07,8.0,3.5,6.7,3.31,1.2,43.2,1.2,33.8,21.2,14.7
Lagos,Nigeria,2017-05-02,127.6,77.6,139.7,4.58,35.3,36.9,14.6,12.7,59.4,8.5
Los Angeles,USA,2016-03-25,11.6,6.8,12.4,2.32,3.4,23.4,1.3,21.3,22.7,3.8
Mumbai,India,2018-12-21,174.6,98.4,157.9,2.25,48.5,42.0,23.7,8.9,59.9,2.6
Nairobi,Kenya,2019-09-05,86.5,35.3,57.8,1.36,15.8,71.4,11.0,5.9,93.9,13.6
Berlin,Germany,2021-12-18,93.3,52.2,100.7,3.29,19.3,64.9,6.9,34.5,59.9,9.3
Nairobi,Kenya,2019-07-10,59.6,31.2,57.6,1.63,8.1,55.0,6.6,0.5,20.2,13.8
Lagos,Nigeria,2016-08-04,57.0,38.1,60.3,3.37,7.8,69.4,3.9,12.4,37.9,12.6
Wuhan,China,2016-12-03,116.1,73.4,140.5,,33.1,43.0,7.6,3.1,70.2,6.4
Nairobi,Kenya,2019-01-08,50.8,24.8,41.4,0.87,5.1,75.0,4.1,5.0,72.4,12.9
Bangkok,Thailand,2019-04-26,118.2,65.4,102.4,3.14,28.4,55.6,16.8,23.3,85.9,9.0
London,UK,2022-07-01,32.6,17.6,26.9,2.2,8.6,55.6,4.9,30.4,40.5,4.3
Berlin,Germany,2016-04-13,50.2,29.7,,1.33,13.7,73.6,3.8,13.9,82.6,11.7
Johannesburg,South Africa,2017-06-25,84.5,46.9,91.0,1.83,11.1,62.5,8.8,33.5,26.1,12.7
Nairobi,Kenya,2021-07-25,70.2,,73.7,2.03,10.0,52.3,9.4,9.6,38.9,4.5
São Paulo,Brazil,2020-02-02,83.3,42.3,55.1,3.97,20.0,27.7,12.4,22.4,57.6,6.0
Cairo,Egypt,2015-04-18,105.5,46.1,84.4,3.1,23.4,33.1,12.1,29.4,46.8,12.1
Delhi,India,2018-05-21,150.8,94.6,125.2,2.89,44.3,78.9,11.8,14.9,24.7,13.2
Johannesburg,South Africa,2022-06-30,63.4,43.4,72.5,1.63,10.8,36.2,7.0,36.8,84.3,7.2
Istanbul,Turkey,2016-04-28,87.1,45.9,67.8,,14.0,39.4,13.0,1.0,77.0,14.1
Cairo,Egypt,2017-11-25,119.4,71.9,,0.33,20.0,47.2,12.7,25.8,24.6,7.3
Cairo,Egypt,2021-01-18,104.5,71.5,111.0,0.77,11.3,35.9,7.1,24.2,83.5,5.0
Lahore,Pakistan,2015-09-13,150.0,,92.0,4.45,,25.2,10.9,29.6,56.4,11.5
Seoul,South Korea,2023-06-16,130.5,89.5,165.4,1.23,27.6,26.8,11.2,24.7,44.8,10.0
London,UK,2019-09-05,19.2,12.2,17.0,2.0,3.7,45.4,1.8,15.0,94.2,3.3
Tehran,Iran,2020-11-21,180.7,102.2,162.5,3.28,48.9,48.0,24.7,-0.8,69.0,5.3
Lahore,Pakistan,2015-09-06,147.4,75.9,115.0,3.21,29.6,39.4,10.4,29.9,80.0,3.6
Delhi,India,2015-03-05,259.9,122.6,235.3,3.94,29.9,70.0,14.0,6.4,88.9,13.0
Nairobi,Kenya,2024-09-14,21.6,14.3,25.2,1.69,4.2,72.9,3.0,24.7,74.9,1.1
Seoul,South Korea,2016-12-02,71.1,43.1,56.7,4.27,20.3,34.3,9.6,24.9,63.6,12.7
Jakarta,Indonesia,2021-09-07,100.3,63.8,103.2,0.85,17.7,34.0,6.0,,78.5,13.3
Sydney,Australia,2020-10-28,65.8,,81.2,0.62,17.0,67.0,4.2,24.8,53.9,13.6
Stockholm,Sweden,2022-11-28,7.7,4.2,6.7,3.65,1.8,31.1,0.5,6.3,33.4,10.0
Sydney,Australia,2024-04-10,34.4,20.5,35.3,2.23,5.6,74.7,5.1,17.4,41.8,11.7
Paris,France,2019-10-19,67.9,29.7,58.9,4.93,19.5,49.8,5.1,21.2,51.5,3.5
Beijing,China,2015-01-21,176.6,105.8,142.8,1.87,18.3,65.0,20.1,-2.2,92.4,0.8
Johannesburg,South Africa,2018-05-16,110.6,45.4,87.7,4.62,23.5,48.9,6.0,20.3,50.7,11.7
Istanbul,Turkey,2016-06-07,114.7,69.4,95.2,0.92,14.7,22.7,11.9,30.7,65.8,8.8
Istanbul,Turkey,2023-03-07,58.7,29.0,52.2,1.06,6.0,55.8,8.5,22.4,78.7,10.3
Chengdu,China,2024-05-15,117.8,72.5,136.1,1.36,19.7,33.4,11.2,34.8,45.9,5.9
Delhi,India,2023-06-10,268.1,176.5,290.0,3.5,31.4,30.7,24.2,17.3,92.4,14.6
Bangkok,Thailand,2018-10-24,138.2,68.4,135.0,3.54,24.7,62.1,7.1,,82.2,9.9
Karachi,Pakistan,2022-09-22,197.5,116.4,183.8,0.87,31.4,78.7,18.5,16.2,57.4,13.3
Ho Chi Minh City,Vietnam,2023-10-01,130.0,79.1,124.4,0.44,37.2,76.9,18.8,37.5,81.1,10.4
Mexico City,Mexico,2016-04-01,79.6,41.2,81.5,1.95,21.8,25.6,6.6,10.8,23.9,2.2
Wuhan,China,2023-02-10,168.4,109.7,147.4,1.7,17.2,61.7,18.9,24.0,48.1,3.5
Chengdu,China,2020-09-13,150.1,82.0,120.8,1.09,37.1,52.3,10.8,9.0,92.5,12.8
Johannesburg,South Africa,2022-12-14,98.5,53.0,92.1,2.07,11.4,44.1,10.8,7.9,83.6,2.7
Seoul,South Korea,2022-10-19,77.5,31.9,47.6,2.18,15.2,52.6,6.0,18.5,58.2,5.1
Delhi,India,2021-06-11,150.6,84.9,130.1,4.75,40.5,79.0,18.0,12.0,41.1,10.1
Los Angeles,USA,2019-08-16,81.6,40.7,64.5,4.56,20.5,78.9,10.4,15.2,59.8,13.6
Lima,Peru,2023-03-08,83.8,40.0,64.1,2.73,10.0,64.6,5.1,13.2,80.3,7.3
Lima,Peru,2021-02-21,101.9,,70.5,2.4,21.0,52.6,6.9,29.6,61.7,4.4
Istanbul,Turkey,2017-05-03,52.2,26.1,43.7,2.43,5.6,35.6,3.7,34.0,64.9,11.6
Paris,France,2015-02-20,19.2,10.0,16.3,4.51,,37.5,2.4,17.8,32.2,8.9
Delhi,India,2022-08-30,162.7,106.2,,2.07,19.1,48.2,20.4,11.2,37.7,14.0
Delhi,India,2015-08-12,151.9,67.3,92.4,3.2,18.7,70.6,22.7,11.5,54.0,10.8
Chengdu,China,2016-02-24,170.7,114.1,152.9,1.09,42.8,61.3,10.8,17.6,78.6,3.7
Lagos,Nigeria,2024-09-04,63.7,39.3,72.5,4.69,11.1,61.2,7.0,18.6,86.8,0.5
Toronto,Canada,2021-09-10,69.0,30.2,49.7,2.58,,67.4,4.1,4.2,20.1,5.9
Mumbai,India,2019-01-01,191.8,81.6,148.3,3.47,30.0,20.9,11.8,6.2,81.2,7.2
Lagos,Nigeria,2016-07-13,127.6,61.8,105.8,4.97,35.2,52.2,19.0,26.6,35.7,6.4
Lima,Peru,2020-11-02,86.6,51.6,74.4,4.59,20.0,57.5,12.2,35.8,30.2,2.6
Delhi,India,2018-11-12,120.2,57.4,99.2,0.49,35.3,75.1,10.6,18.2,55.0,13.3
Toronto,Canada,2022-10-30,27.6,14.6,28.8,1.12,3.3,72.8,3.9,34.2,58.3,10.1
São Paulo,Brazil,2015-11-02,28.3,,20.5,0.36,4.7,75.9,2.3,37.3,38.8,5.1
Sydney,Australia,2023-06-13,35.3,23.4,,4.63,4.9,73.1,3.2,32.5,70.4,3.1
Dhaka,Bangladesh,2020-10-19,223.3,105.8,155.6,4.13,27.1,33.3,22.4,32.4,31.1,8.4
Sydney,Australia,2024-02-01,53.8,28.5,39.3,3.64,16.0,64.2,2.8,17.3,66.1,10.5
Los Angeles,USA,2020-01-28,89.9,51.0,74.3,4.73,21.5,34.2,7.4,36.5,86.6,6.4
Paris,France,2024-01-29,83.5,49.3,88.9,0.39,,41.6,5.5,-1.6,68.1,12.3
Paris,France,2023-09-26,102.5,66.1,116.8,3.76,15.8,79.6,7.0,4.7,41.7,14.6
Chengdu,China,2020-09-22,167.5,80.0,140.9,0.98,30.1,26.1,13.1,-1.0,92.8,6.2
Delhi,India,2018-12-16,160.5,111.0,214.9,2.44,41.1,29.2,9.5,34.5,22.3,14.6
London,UK,2016-08-04,20.8,14.0,21.0,1.52,5.9,68.3,1.3,29.6,88.5,1.6
Lagos,Nigeria,2019-09-12,102.2,57.7,102.0,2.62,24.5,22.0,12.9,-3.5,54.1,2.7
Tokyo,Japan,2018-02-21,46.0,24.3,44.7,2.56,11.8,24.4,3.2,19.8,91.0,1.6
Mumbai,India,2016-06-08,123.0,55.0,96.1,2.18,32.6,24.3,8.6,8.5,67.0,10.4
Mumbai,India,2015-03-05,175.1,107.5,179.2,1.35,47.1,69.1,15.7,21.5,39.3,10.5
Paris,France,2016-02-09,61.7,40.3,58.5,0.37,,31.5,6.2,4.2,77.2,4.0
Mumbai,India,2024-03-22,187.3,131.1,250.2,,33.2,65.2,27.3,-3.9,60.3,3.7
Sydney,Australia,2022-02-11,36.2,19.5,33.3,2.89,10.6,53.1,4.9,9.4,52.9,7.3
Los Angeles,USA,2019-01-15,96.1,55.2,96.3,1.95,15.7,56.7,6.1,6.4,23.2,1.6
Dhaka,Bangladesh,2020-07-14,124.8,50.7,74.6,3.38,14.0,46.2,17.6,30.6,42.9,13.9
Wuhan,China,2021-09-08,157.0,94.2,166.7,1.21,22.0,48.2,22.2,-4.6,78.7,1.3
São Paulo,Brazil,2016-05-28,112.6,66.6,118.5,0.57,20.7,55.0,6.4,1.1,69.8,8.1
Sydney,Australia,2019-02-06,60.9,24.7,43.2,0.65,6.2,29.0,5.6,31.1,41.1,9.6
Paris,France,2023-11-28,50.2,23.6,39.2,4.05,13.4,70.8,4.2,30.7,35.9,11.2
Karachi,Pakistan,2024-04-13,169.0,100.4,179.9,1.13,49.7,56.9,11.2,-4.1,78.7,1.7
Paris,France,2022-11-22,39.5,22.6,38.9,3.53,7.1,66.4,5.8,7.2,72.7,14.0
Jakarta,Indonesia,2023-12-28,87.7,49.2,83.3,3.59,26.3,22.0,5.0,-1.5,75.7,2.5
Johannesburg,South Africa,2015-09-02,111.2,55.3,89.6,1.31,30.4,55.2,16.1,20.9,29.3,3.0
Lima,Peru,2024-09-17,53.6,26.4,37.1,4.25,6.0,37.4,4.3,2.2,,0.7
Beijing,China,2018-05-13,209.7,142.6,216.4,1.99,40.8,53.7,27.4,3.6,85.4,11.5
Jakarta,Indonesia,2020-10-24,151.1,87.0,126.0,0.73,36.3,63.3,10.2,-3.7,50.6,8.9
Sydney,Australia,2015-12-15,43.1,27.7,47.8,0.82,10.2,79.1,6.1,34.2,42.7,11.4
Wuhan,China,2017-06-06,125.9,86.4,139.5,0.91,15.4,58.9,11.8,-0.7,75.5,12.1
Seoul,South Korea,2016-03-25,109.4,50.4,89.9,0.35,17.6,43.9,14.6,12.6,20.8,5.6
Tokyo,Japan,2023-01-16,46.1,,38.3,0.33,5.8,52.3,3.4,-0.8,47.0,4.5
Los Angeles,USA,2016-03-29,40.9,28.4,39.3,2.05,11.7,72.6,3.7,26.5,26.6,10.8
Los Angeles,USA,2022-03-12,51.1,23.3,40.7,3.08,11.8,21.6,5.4,21.8,35.6,3.5
Beijing,China,2024-05-03,256.5,157.4,271.3,4.28,40.8,74.7,31.9,12.8,,4.2
Paris,France,2021-08-13,33.7,,32.3,1.8,8.4,62.9,2.6,9.5,41.6,2.4
Tokyo,Japan,2019-12-29,30.7,13.2,24.6,0.87,3.8,76.9,4.1,19.9,85.6,14.8
Beijing,China,2017-06-24,202.0,,134.4,3.87,34.1,28.1,16.5,11.1,92.4,10.6
Johannesburg,South Africa,2019-03-08,108.6,75.0,145.0,2.71,30.5,44.3,7.9,5.5,69.7,7.8
Delhi,India,2021-07-26,181.5,83.0,144.6,2.9,39.4,38.1,20.7,32.3,94.9,12.7
Jakarta,Indonesia,2019-09-02,100.0,45.8,81.4,4.71,14.2,35.4,6.5,28.2,50.5,1.4
Seoul,South Korea,2019-03-19,86.0,47.8,72.9,,20.1,79.9,5.8,-1.0,30.5,4.4
Tehran,Iran,2019-09-03,136.0,89.6,134.2,4.6,26.2,58.8,10.4,2.0,85.2,2.1
Cairo,Egypt,2016-07-04,162.1,99.8,149.3,3.0,16.6,48.5,9.5,14.3,28.2,14.4
Jakarta,Indonesia,2018-06-10,127.2,85.7,112.8,3.3,20.5,45.9,17.5,39.1,38.5,14.2
Buenos Aires,Argentina,2021-01-13,67.5,,89.4,0.9,10.9,34.6,7.2,31.1,77.0,11.0
Buenos Aires,Argentina,2022-02-13,83.1,36.7,53.2,3.79,10.8,33.4,7.7,-1.8,36.0,2.7
Stockholm,Sweden,2015-04-21,40.2,17.5,33.4,3.12,10.9,72.0,4.4,36.3,63.9,10.8
Dhaka,Bangladesh,2020-01-14,166.3,76.0,124.1,0.62,39.9,51.1,16.6,8.5,87.9,1.8
Paris,France,2018-06-15,74.9,46.4,63.7,4.21,17.7,21.9,4.7,23.6,69.7,11.3
Jakarta,Indonesia,2021-06-22,111.3,66.5,122.2,3.0,16.9,74.7,5.8,11.5,74.7,6.7
Buenos Aires,Argentina,2015-12-26,73.9,41.8,69.1,1.8,11.2,21.3,5.7,15.2,34.8,1.8
Paris,France,2015-06-26,50.8,34.0,66.5,3.2,5.6,64.5,3.1,25.1,78.5,11.0
Tehran,Iran,2019-10-24,166.4,79.6,155.1,1.14,46.8,38.8,10.5,32.2,20.2,12.6
Seoul,South Korea,2017-01-06,117.6,78.2,139.6,3.43,20.3,23.6,15.6,2.7,47.9,9.2
Nairobi,Kenya,2023-09-28,57.3,39.6,55.6,3.9,6.1,57.5,6.0,4.4,68.2,9.4
Wuhan,China,2021-05-29,168.3,111.5,184.8,2.6,37.8,63.8,14.4,17.7,63.9,14.8
Mexico City,Mexico,2024-03-09,123.5,79.7,151.5,4.06,34.3,40.1,12.4,30.1,39.8,5.9
Sydney,Australia,2023-09-24,5.0,3.2,6.2,4.98,0.7,74.0,0.3,26.9,36.5,4.9
Buenos Aires,Argentina,2023-05-07,90.9,41.2,56.2,1.89,20.4,34.9,7.3,26.9,27.7,7.0
Tokyo,Japan,2024-02-29,24.6,12.8,20.5,3.77,6.3,66.2,3.7,-1.8,93.7,14.3
Mumbai,India,2021-06-05,212.1,98.9,183.4,1.17,55.8,56.9,12.7,35.3,63.3,10.0
Lahore,Pakistan,2016-02-04,166.0,109.8,184.7,2.28,34.3,62.2,19.8,11.1,48.9,8.7
Cairo,Egypt,2019-04-13,110.7,55.5,92.5,4.39,11.3,62.6,8.8,4.4,20.9,13.5
Toronto,Canada,2017-08-13,83.2,34.8,57.9,1.02,20.9,59.9,6.6,0.3,82.3,10.3
Buenos Aires,Argentina,2023-06-14,100.0,57.7,92.2,3.04,22.4,58.4,14.7,3.0,66.7,3.2
Bangkok,Thailand,2016-10-07,114.4,68.7,133.5,1.05,33.5,39.2,10.2,1.9,66.2,9.1
Istanbul,Turkey,2015-01-02,164.3,94.5,147.6,4.46,38.4,32.3,13.5,30.5,27.8,11.4
Bangkok,Thailand,2024-08-09,86.5,48.9,73.2,4.94,24.3,75.7,5.9,32.9,60.2,10.8
Paris,France,2015-09-28,62.3,29.9,43.8,0.79,9.6,52.1,8.3,7.5,66.6,7.5
Delhi,India,2019-01-20,187.3,103.6,146.9,3.31,23.1,63.9,12.7,39.9,81.8,5.5
Nairobi,Kenya,2018-07-18,105.6,,99.3,0.39,13.4,41.9,6.4,22.1,23.8,13.0
Buenos Aires,Argentina,2018-12-22,41.9,20.6,33.6,4.37,10.7,43.6,5.6,-2.9,78.7,3.5
Johannesburg,South Africa,2016-05-29,5.0,2.8,4.7,1.86,0.7,66.1,0.4,17.8,68.4,13.7
Chengdu,China,2015-11-12,147.9,61.2,115.4,4.95,28.8,78.2,15.5,15.7,44.9,10.0
Bangkok,Thailand,2015-09-01,76.4,43.2,65.1,4.93,12.1,46.5,4.6,6.7,23.6,8.6
Berlin,Germany,2023-01-27,5.0,2.3,3.6,0.38,1.3,66.8,0.3,11.4,91.6,6.2
Ho Chi Minh City,Vietnam,2023-08-03,164.1,113.8,227.4,3.94,29.7,49.7,14.1,39.4,73.1,7.0
Nairobi,Kenya,2024-02-23,28.6,15.9,31.6,2.76,3.9,21.3,2.4,36.3,94.7,14.2
Mexico City,Mexico,2019-06-24,172.6,96.9,174.0,2.27,40.4,27.3,13.2,32.6,87.8,8.3
Lagos,Nigeria,2022-11-05,150.1,101.8,182.4,2.25,33.0,45.8,14.5,34.9,32.1,2.0
Beijing,China,2017-07-10,134.7,62.8,,1.37,22.4,21.9,14.9,20.6,27.3,9.1
Tehran,Iran,2021-09-13,126.7,86.6,112.7,4.04,21.6,23.8,10.1,9.5,59.2,10.1
Tokyo,Japan,2015-04-10,83.0,34.5,52.1,2.97,18.6,24.2,9.7,18.8,82.1,3.7
Nairobi,Kenya,2015-04-03,91.1,58.1,104.2,4.02,23.3,26.2,7.1,6.7,90.1,7.6
Karachi,Pakistan,2024-02-26,190.7,124.7,240.8,2.13,43.5,36.7,13.0,-4.0,36.8,9.3
Chengdu,China,2020-05-02,148.3,65.3,126.8,1.92,27.5,41.9,13.5,,72.4,11.5
Tehran,Iran,2015-09-16,115.0,69.5,128.8,4.82,14.9,51.9,12.3,36.5,67.0,2.6
Mumbai,India,2018-06-13,178.1,106.2,190.2,4.36,24.2,77.1,10.0,39.3,84.3,10.1
Nairobi,Kenya,2020-12-04,36.1,23.8,38.3,3.57,8.3,39.2,2.7,10.4,79.7,9.0
Karachi,Pakistan,2024-11-23,177.3,114.4,153.1,3.59,33.3,63.9,25.3,28.8,53.1,2.7
Los Angeles,USA,2021-10-12,31.2,19.2,28.9,0.53,8.7,49.0,2.4,27.2,86.4,0.5
Mexico City,Mexico,2015-05-23,107.8,67.9,98.3,2.6,12.7,64.8,14.5,-0.1,81.2,11.7
Paris,France,2018-10-21,50.6,29.7,52.4,2.94,13.7,56.6,7.1,21.2,32.8,13.7
Seoul,South Korea,2019-12-11,107.3,65.4,130.2,0.65,19.9,34.3,12.1,31.3,92.5,7.1
Stockholm,Sweden,2016-03-08,37.4,17.7,30.5,4.86,11.1,58.5,5.2,4.0,38.5,14.3
Tehran,Iran,2021-12-09,156.8,106.3,174.5,2.96,23.7,50.8,19.6,17.1,42.7,8.9
Lahore,Pakistan,2021-07-26,178.2,86.0,126.4,4.24,24.3,56.3,16.7,16.1,54.1,13.5
Seoul,South Korea,2016-03-28,96.8,61.4,115.8,4.73,18.4,50.0,14.1,15.6,57.8,5.3
Lahore,Pakistan,2022-02-09,227.4,138.0,180.1,4.06,45.1,51.2,33.2,7.8,77.1,8.8
Paris,France,2017-05-20,23.2,12.2,18.2,2.87,4.1,33.4,3.1,16.4,83.5,7.4
Tokyo,Japan,2020-05-03,79.3,41.0,55.3,3.01,23.4,78.5,5.0,29.7,80.2,5.8
Mexico City,Mexico,2021-11-02,98.1,53.6,78.2,3.88,15.0,40.4,6.8,27.4,54.4,6.9
London,UK,2024-09-22,5.0,2.2,3.1,4.63,1.0,63.3,0.3,24.0,89.1,4.8
Lima,Peru,2020-06-13,57.8,39.4,71.1,0.59,10.2,25.1,7.9,23.0,91.7,0.8
Berlin,Germany,2017-04-21,33.3,14.9,22.9,,4.4,48.4,4.7,39.9,38.8,14.1
Cairo,Egypt,2024-12-09,107.0,56.1,107.4,4.0,29.1,68.0,7.9,20.1,,7.2
Mexico City,Mexico,2024-07-10,134.9,90.3,155.9,2.64,32.7,56.5,20.0,3.6,53.7,13.8
Toronto,Canada,2024-02-12,27.2,13.5,26.6,,7.3,20.9,4.0,30.0,77.6,1.7
Dhaka,Bangladesh,2021-07-24,175.0,90.9,171.6,0.71,32.1,42.5,14.9,8.8,35.8,3.0
Johannesburg,South Africa,2020-03-12,106.8,72.2,119.5,1.7,14.1,69.8,15.7,10.7,41.8,9.2
London,UK,2015-12-04,109.5,67.3,132.8,1.08,32.8,43.5,13.4,20.8,56.5,10.6
Lima,Peru,2019-12-31,52.9,23.2,38.0,2.75,7.4,76.1,3.8,13.4,31.6,8.3
Mumbai,India,2018-09-11,133.7,,102.7,3.31,22.5,22.8,18.3,2.6,89.8,7.4
Ho Chi Minh City,Vietnam,2022-03-09,128.2,79.8,152.7,2.04,23.3,46.0,18.2,26.2,38.6,3.2
Los Angeles,USA,2016-12-15,29.0,17.3,23.9,2.12,6.5,37.5,1.6,-1.3,29.4,12.6
Seoul,South Korea,2022-09-25,62.2,26.1,41.1,1.61,13.4,51.4,6.1,9.2,30.3,11.3
Cairo,Egypt,2021-10-03,156.6,107.1,158.2,3.79,17.4,57.9,13.3,29.6,84.7,5.8
Los Angeles,USA,2016-11-20,83.1,36.2,57.6,2.0,11.4,73.7,5.4,23.6,86.8,13.7
Stockholm,Sweden,2024-10-24,43.1,20.8,40.5,3.63,11.1,25.1,4.7,32.0,84.6,0.9
Lahore,Pakistan,2024-12-23,156.6,64.7,111.9,3.56,19.0,22.9,20.1,12.3,28.0,11.6
Tehran,Iran,2015-08-27,179.9,84.8,154.8,4.43,41.8,39.7,25.6,34.8,73.7,5.8
Los Angeles,USA,2022-08-08,59.8,29.6,43.7,2.72,17.9,68.3,7.4,15.3,43.4,12.9
Nairobi,Kenya,2022-10-21,78.4,49.1,93.6,2.14,8.1,35.3,11.1,25.9,75.3,5.2
Lahore,Pakistan,2017-10-11,211.0,125.3,178.5,4.85,,39.8,18.3,-0.9,,4.0
Istanbul,Turkey,2016-02-14,68.4,40.6,74.5,1.39,20.1,57.3,3.5,13.7,52.8,12.2
Jakarta,Indonesia,2024-04-25,52.0,26.0,35.0,1.63,12.7,58.1,3.0,0.2,48.3,11.3
Mexico City,Mexico,2019-08-29,98.0,51.4,94.5,4.91,28.5,74.0,6.5,36.2,85.9,6.0
London,UK,2020-02-21,57.0,32.9,51.0,3.87,6.4,75.1,3.8,2.1,83.0,13.1
Wuhan,China,2021-08-27,152.4,89.3,120.3,2.09,29.0,56.0,15.6,15.8,92.0,3.2
Johannesburg,South Africa,2020-04-28,103.6,63.6,86.0,2.57,20.4,38.6,14.8,7.7,41.6,3.9
London,UK,2016-08-26,87.7,54.6,102.1,1.23,9.4,78.5,4.5,38.2,82.2,13.7
Lagos,Nigeria,2021-01-26,77.9,35.8,61.7,3.78,9.8,67.9,5.5,17.1,84.2,3.3
Delhi,India,2016-12-25,169.1,82.1,153.7,4.6,30.6,27.7,12.2,28.1,70.8,14.5
Jakarta,Indonesia,2021-12-03,107.0,45.4,87.3,3.02,31.0,28.9,16.0,24.0,,8.0
Istanbul,Turkey,2019-05-06,100.2,42.8,56.3,0.54,22.2,56.8,10.0,8.8,59.9,8.0
Chengdu,China,2018-11-06,175.9,85.3,114.0,4.53,43.1,79.8,14.1,34.5,65.2,7.1
Ho Chi Minh City,Vietnam,2018-05-01,123.4,70.4,105.0,3.19,,66.3,9.0,35.1,84.6,5.8
Johannesburg,South Africa,2020-08-13,95.0,58.0,79.1,0.68,12.1,53.7,6.2,7.5,68.5,0.7
Karachi,Pakistan,2018-04-06,176.2,86.6,115.3,3.05,25.5,77.6,20.9,38.8,83.7,7.5
Wuhan,China,2023-12-30,176.2,113.4,193.3,0.59,34.2,27.8,21.4,25.6,94.5,9.6
São Paulo,Brazil,2016-02-16,54.2,36.6,66.9,3.38,8.2,61.9,7.5,5.4,73.0,6.2
London,UK,2021-01-28,7.6,4.0,5.5,1.46,2.1,41.7,0.8,25.0,78.6,3.2
Istanbul,Turkey,2016-08-24,32.6,22.6,42.7,2.55,9.0,40.9,4.2,,77.9,7.1
Chengdu,China,2019-05-05,136.1,65.6,103.8,3.82,15.6,59.6,16.6,24.4,77.1,3.1
Seoul,South Korea,2017-07-16,89.5,52.2,94.8,1.87,21.5,75.0,4.6,34.2,36.4,7.1
Chengdu,China,2018-08-03,177.9,115.1,221.6,4.72,33.7,59.4,15.8,10.8,52.4,11.3
Cairo,Egypt,2018-02-18,147.6,59.9,104.4,2.35,28.2,69.1,15.5,34.9,73.5,8.5
Nairobi,Kenya,2023-02-12,102.5,42.2,55.7,0.69,19.2,34.1,15.2,19.4,69.7,4.5
Buenos Aires,Argentina,2016-08-01,102.6,55.6,92.5,3.08,26.0,25.4,13.1,20.3,70.2,5.2
Lima,Peru,2021-07-06,43.9,20.6,40.9,2.64,13.1,49.4,3.2,17.8,23.0,13.6
Istanbul,Turkey,2020-04-21,116.8,67.0,133.9,1.61,29.9,54.9,17.2,32.3,94.9,9.0
Dhaka,Bangladesh,2015-01-25,219.8,121.1,217.7,3.94,22.0,50.3,16.2,34.4,31.5,10.2
São Paulo,Brazil,2016-12-08,95.7,45.2,61.8,0.63,19.2,58.5,7.9,26.1,24.6,12.9
Lahore,Pakistan,2022-06-20,164.9,114.7,224.3,1.97,29.7,64.8,10.5,9.1,28.9,7.1
Jakarta,Indonesia,2016-05-05,97.3,40.7,66.3,2.73,26.4,63.9,5.6,4.4,43.4,2.2
Nairobi,Kenya,2018-05-16,136.9,95.2,158.0,3.79,32.4,71.0,9.8,28.9,86.1,3.0
Lahore,Pakistan,2015-12-13,185.1,96.5,158.5,1.97,28.8,60.5,23.7,34.3,31.6,12.4
Johannesburg,South Africa,2022-12-13,38.8,20.5,39.6,2.44,5.4,29.6,3.8,29.3,94.8,11.9
Beijing,China,2017-12-22,173.4,73.3,143.0,2.16,49.3,24.5,21.1,28.1,94.8,11.6
Istanbul,Turkey,2022-02-20,103.4,58.6,91.3,1.22,15.5,33.3,10.8,35.8,88.5,1.3
Paris,France,2024-01-26,23.5,10.1,15.8,3.06,5.1,52.6,2.0,26.8,82.0,5.5
Beijing,China,2024-06-10,134.5,65.8,91.8,2.5,17.6,47.8,9.7,28.2,22.1,8.5
Mumbai,India,2016-05-17,159.6,95.6,165.3,2.52,29.3,73.2,11.9,12.9,44.7,11.7
Stockholm,Sweden,2022-09-21,38.7,26.0,36.3,2.69,8.9,47.7,5.6,10.0,59.6,1.6
Los Angeles,USA,2023-07-25,86.6,52.2,86.4,1.6,19.5,77.7,11.5,-0.1,21.7,7.7
Seoul,South Korea,2019-01-01,119.8,59.2,106.0,4.68,23.0,34.6,17.0,16.3,50.6,5.6
Seoul,South Korea,2024-01-17,63.7,31.7,57.7,1.25,8.9,61.8,8.7,5.9,34.3,10.2
Nairobi,Kenya,2018-11-16,135.8,72.5,99.1,0.73,34.7,47.1,18.4,20.9,66.4,14.0
Mumbai,India,2018-09-02,159.4,80.9,113.6,1.18,45.7,56.6,22.2,15.0,64.8,1.0
Mexico City,Mexico,2021-10-18,112.0,63.8,83.6,4.01,17.8,47.1,11.6,39.6,27.4,8.6
Chengdu,China,2021-11-27,165.7,80.5,110.5,1.14,43.9,26.2,16.0,3.8,32.2,3.5
Sydney,Australia,2019-10-10,16.7,7.9,10.8,4.07,3.5,29.4,1.6,-1.9,63.5,5.4
Stockholm,Sweden,2020-03-04,14.4,9.3,13.2,0.82,2.9,53.5,0.9,7.8,,3.2
Paris,France,2021-02-26,16.0,6.6,11.6,4.95,3.6,41.7,1.9,20.7,83.5,9.5
Tehran,Iran,2024-03-25,127.2,64.0,83.7,1.77,25.1,56.0,18.2,5.8,31.4,13.1
London,UK,2023-06-29,5.0,2.7,3.8,2.58,0.6,73.0,0.6,5.9,86.5,9.7
Lima,Peru,2019-01-03,78.8,54.1,108.0,2.97,10.6,29.8,10.0,21.6,61.2,7.3
Tehran,Iran,2021-01-14,109.2,71.8,108.6,1.34,25.6,74.9,9.3,7.3,37.0,4.2
Dhaka,Bangladesh,2023-05-04,127.9,74.8,101.5,0.84,26.5,50.7,9.9,,34.0,5.7
Seoul,South Korea,2016-02-10,105.8,69.8,111.2,2.17,22.8,39.0,12.8,6.2,81.7,4.4
Bangkok,Thailand,2021-01-08,122.4,63.6,93.6,1.36,,38.5,10.3,,92.1,4.0
Chengdu,China,2024-06-18,149.1,101.9,,1.47,40.7,35.0,8.7,31.9,77.9,4.8
Istanbul,Turkey,2018-08-01,114.3,78.8,116.7,4.15,16.6,60.8,6.7,,40.2,13.9
Nairobi,Kenya,2018-11-12,59.1,38.0,56.7,3.64,14.9,63.8,7.8,35.7,27.4,2.0
Toronto,Canada,2016-08-30,76.3,33.4,59.2,0.32,9.3,41.1,4.5,33.1,84.8,11.5
Chengdu,China,2018-08-23,148.8,87.3,139.0,2.67,43.2,45.2,20.6,24.7,29.1,11.3
Lahore,Pakistan,2024-02-23,147.9,83.9,144.4,4.85,40.1,32.4,18.8,-4.6,29.7,3.4
Berlin,Germany,2024-07-24,13.1,6.0,9.4,1.44,2.2,76.5,2.0,25.9,62.9,10.8
Nairobi,Kenya,2019-01-06,69.9,34.5,53.1,2.04,11.8,67.2,8.7,-4.8,42.2,9.5
Johannesburg,South Africa,2024-03-25,95.8,47.6,77.8,2.71,17.2,75.8,11.9,5.9,63.9,10.5
Paris,France,2015-01-19,70.1,40.0,58.0,0.88,14.3,52.9,5.8,23.4,25.2,2.6
Los Angeles,USA,2022-02-02,47.3,19.8,37.9,0.97,11.1,43.5,4.3,29.4,57.5,11.0
Nairobi,Kenya,2023-01-04,123.5,71.9,124.4,4.01,35.8,42.6,13.3,-1.1,46.9,6.5
Lagos,Nigeria,2018-03-09,125.5,69.5,126.0,0.39,24.2,74.1,9.1,-3.6,52.5,10.7
Karachi,Pakistan,2024-08-18,229.9,109.5,200.0,1.02,41.2,59.4,30.5,30.6,74.1,5.7
Sydney,Australia,2018-08-13,20.9,9.7,18.5,4.33,6.1,24.6,2.2,24.2,73.3,9.8
Bangkok,Thailand,2018-12-06,67.2,31.0,40.6,1.95,8.0,39.3,7.6,35.3,83.0,4.2
Lima,Peru,2019-11-08,60.6,27.8,54.9,2.88,8.3,70.4,5.4,35.5,39.6,6.2
Stockholm,Sweden,2020-03-16,5.0,2.6,5.2,3.16,1.3,47.0,0.5,14.3,72.7,12.8
São Paulo,Brazil,2015-10-27,91.5,57.7,94.5,4.74,16.4,62.5,5.2,36.8,45.8,8.1
Los Angeles,USA,2016-12-30,59.6,24.8,34.9,2.18,8.5,38.3,8.9,24.6,89.2,6.8
Toronto,Canada,2015-11-16,51.9,27.9,42.7,2.74,9.6,78.8,5.2,31.5,70.0,7.5
Mexico City,Mexico,2023-08-12,89.0,42.8,62.6,2.18,12.9,41.2,10.9,22.5,26.1,9.7
Lahore,Pakistan,2022-02-25,184.6,125.6,188.7,3.71,45.4,33.3,25.9,17.1,70.9,2.6
Mexico City,Mexico,2017-06-26,58.2,32.0,50.0,3.31,11.5,20.3,6.7,14.0,45.6,1.9
Berlin,Germany,2024-05-03,66.6,,60.9,2.33,7.2,28.3,3.9,21.5,34.0,7.7
Tokyo,Japan,2024-08-06,42.0,22.6,40.7,2.34,10.9,59.7,3.8,17.7,92.5,10.1
Lima,Peru,2020-08-18,105.5,47.9,78.4,4.57,17.4,78.1,6.3,35.6,53.4,1.6
Seoul,South Korea,2015-03-10,96.5,66.9,92.2,2.47,13.1,64.7,6.0,5.8,34.7,8.5
London,UK,2022-03-11,18.7,10.3,13.8,,4.8,27.9,1.1,3.5,76.0,9.1
Jakarta,Indonesia,2017-05-14,96.3,66.4,97.5,4.54,20.8,27.4,9.3,37.7,51.4,13.0
Stockholm,Sweden,2018-01-09,5.0,2.1,2.8,3.92,,61.9,0.4,-4.5,44.8,9.3
Beijing,China,2024-08-16,190.3,102.1,195.2,4.32,52.5,59.7,15.3,16.7,73.3,3.6
Mumbai,India,2021-05-05,199.3,135.3,240.6,3.38,42.1,37.6,22.3,13.5,30.9,10.5
Nairobi,Kenya,2022-05-31,94.9,56.8,98.8,2.27,17.0,61.4,11.8,,92.7,14.4
Bangkok,Thailand,2024-01-03,85.5,47.4,74.8,2.74,16.1,54.1,10.5,29.9,68.7,3.4
São Paulo,Brazil,2015-12-14,77.4,53.5,93.6,1.03,11.9,23.9,5.3,17.0,45.9,3.5
Delhi,India,2015-04-15,157.1,93.8,,4.26,21.5,70.9,16.9,7.0,40.5,6.2
Beijing,China,2020-01-20,158.6,81.7,135.5,4.47,47.2,21.2,14.2,31.8,44.5,9.9
Lagos,Nigeria,2018-01-18,78.4,46.6,64.2,4.26,23.0,62.8,7.2,37.7,92.6,14.1
Wuhan,China,2023-08-12,178.3,80.9,135.5,3.81,49.8,71.8,11.7,17.0,55.9,13.5
Beijing,China,2020-06-05,194.4,120.8,209.4,4.63,37.2,59.5,28.6,28.5,25.1,2.9
Istanbul,Turkey,2024-11-27,132.4,80.8,161.2,2.51,32.8,22.9,12.7,3.4,83.0,12.7
Mumbai,India,2022-04-12,150.0,74.3,133.2,3.77,34.7,79.8,20.5,13.8,44.5,9.2
Mumbai,India,2024-01-26,231.3,93.8,182.8,3.94,41.4,43.0,13.9,,77.6,9.6
Bangkok,Thailand,2023-03-11,94.7,45.3,73.5,1.55,17.7,33.6,8.0,24.4,86.9,6.1
Karachi,Pakistan,2022-12-27,173.7,117.5,155.1,1.56,22.0,52.0,20.5,-2.4,25.3,13.1
Toronto,Canada,2018-10-19,6.9,3.7,7.3,1.8,1.9,78.5,0.5,18.1,60.1,13.1
Wuhan,China,2015-08-24,176.5,79.3,142.7,3.74,33.1,24.8,19.8,-2.7,48.7,6.2
Tokyo,Japan,2017-06-01,68.5,,72.2,3.98,19.6,63.9,8.7,-2.0,35.4,14.6
Karachi,Pakistan,2016-07-11,109.7,45.3,70.6,2.64,15.6,30.4,11.1,21.4,38.0,9.0
Tokyo,Japan,2015-05-05,87.9,47.6,90.5,4.66,10.4,25.7,8.6,21.5,51.9,5.2
Tokyo,Japan,2022-02-03,64.7,28.0,41.0,1.4,19.4,20.3,7.4,34.1,70.4,5.8
Sydney,Australia,2016-02-08,32.0,21.4,34.3,2.99,9.4,79.0,3.0,33.1,42.6,5.9
Bangkok,Thailand,2017-05-22,118.3,65.5,95.7,2.19,20.7,79.2,16.0,12.5,88.5,5.5
Cairo,Egypt,2017-10-03,96.0,66.2,104.2,3.5,15.3,36.0,10.3,39.1,54.0,14.1
Lahore,Pakistan,2024-09-23,152.3,90.3,150.2,0.75,45.5,65.2,14.3,22.8,26.6,7.7
Delhi,India,2020-10-19,135.6,90.7,139.4,2.8,32.5,40.4,7.7,17.7,65.1,0.6
Karachi,Pakistan,2015-12-10,152.2,85.6,128.8,,41.7,28.7,15.1,37.9,66.9,10.9
Johannesburg,South Africa,2023-12-27,55.6,22.8,34.8,2.53,13.8,39.5,3.9,5.4,86.8,3.5
Seoul,South Korea,2022-09-29,106.7,55.8,79.4,2.88,23.2,58.1,9.7,-2.8,67.0,14.0
Lahore,Pakistan,2015-09-24,167.4,96.9,127.3,0.8,44.6,69.8,24.2,,84.8,12.5
Delhi,India,2023-12-16,168.0,99.4,195.6,1.06,41.8,39.2,22.1,,89.5,10.8
Tokyo,Japan,2019-12-29,69.1,27.9,51.7,2.22,16.2,26.3,9.6,14.6,89.0,10.8
Lima,Peru,2021-05-05,100.0,64.0,101.9,4.79,,42.5,12.5,5.5,58.7,11.1
Sydney,Australia,2018-06-15,39.8,17.8,31.0,2.99,8.4,69.6,2.7,28.8,77.1,11.0
Karachi,Pakistan,2019-12-29,173.0,88.5,127.4,2.86,51.0,61.7,17.2,30.0,75.3,13.4
Lagos,Nigeria,2019-10-19,103.9,68.3,103.2,4.72,16.2,75.6,15.2,1.5,93.1,1.7
Johannesburg,South Africa,2022-02-17,94.8,51.8,87.3,3.56,27.8,67.0,6.9,8.6,27.3,9.8
Tehran,Iran,2016-05-13,139.5,66.6,127.9,1.84,29.7,43.9,8.0,11.3,50.6,13.5
Bangkok,Thailand,2018-02-13,138.5,86.9,161.6,4.78,35.9,44.5,18.3,17.9,40.8,4.9
Cairo,Egypt,2016-07-21,113.6,58.2,113.0,1.82,23.4,77.7,16.3,26.3,44.3,3.7
Nairobi,Kenya,2021-09-05,80.9,46.3,75.4,2.57,17.3,74.9,4.3,31.1,49.3,11.3
Beijing,China,2022-01-29,216.1,106.3,144.8,1.39,31.2,64.5,12.1,-2.7,72.0,8.6
Lagos,Nigeria,2018-08-31,158.0,68.1,114.9,4.17,27.2,65.8,21.3,31.9,68.8,10.9
Los Angeles,USA,2023-05-20,70.4,37.7,53.2,1.76,10.0,41.7,7.0,38.2,92.0,11.7
Mexico City,Mexico,2019-11-27,82.5,40.6,69.6,,20.2,54.8,5.3,9.0,36.6,6.2
São Paulo,Brazil,2024-01-08,33.6,18.6,,1.19,9.7,40.6,2.7,25.8,,6.0
Nairobi,Kenya,2015-09-12,88.9,36.5,68.5,3.94,20.8,65.6,13.2,14.4,25.0,7.2
Mexico City,Mexico,2018-08-10,122.8,70.7,107.3,3.52,32.5,45.2,17.2,-1.4,83.0,12.5
Stockholm,Sweden,2023-08-09,5.0,3.2,6.1,1.85,1.1,28.3,0.5,39.9,31.9,14.2
Buenos Aires,Argentina,2019-08-06,32.2,22.3,31.7,1.3,3.3,63.5,3.7,3.0,79.3,4.8
Delhi,India,2016-08-10,154.8,74.1,115.6,4.3,40.0,46.6,19.0,20.6,45.6,11.0
Wuhan,China,2019-09-18,155.2,90.9,157.5,3.51,27.5,72.1,10.3,34.8,45.7,2.3
Ho Chi Minh City,Vietnam,2023-06-20,164.8,87.2,154.2,1.75,23.4,43.3,18.2,24.6,63.4,14.8
Johannesburg,South Africa,2023-12-07,76.3,51.9,71.7,0.59,12.4,28.2,7.8,18.4,63.1,11.3
Los Angeles,USA,2021-12-17,18.4,8.3,14.0,2.9,2.7,62.7,2.3,-4.1,49.7,13.4
Toronto,Canada,2022-05-13,15.8,8.0,11.8,1.44,1.9,69.0,0.9,8.2,23.4,11.8
Jakarta,Indonesia,2018-09-07,140.2,73.3,109.8,1.59,36.4,78.4,11.9,-3.2,22.7,11.5
Mumbai,India,2016-05-08,127.1,80.7,144.4,4.57,35.2,67.3,12.4,8.9,58.0,7.8
Paris,France,2021-06-03,63.9,34.3,59.5,1.43,11.9,32.6,8.8,17.0,36.9,1.1
Sydney,Australia,2023-04-24,5.0,2.3,4.6,2.81,0.8,59.5,0.4,31.9,43.1,14.8
Lahore,Pakistan,2020-04-29,208.3,124.2,178.4,1.97,31.8,56.8,17.6,8.9,35.6,6.4
Tehran,Iran,2019-02-26,115.5,48.3,66.5,4.12,28.7,72.6,7.2,29.2,69.1,3.9
São Paulo,Brazil,2022-10-31,105.9,69.6,106.8,2.82,19.7,62.5,11.5,30.3,20.9,10.5
Lahore,Pakistan,2016-04-20,174.5,81.5,151.7,0.72,25.4,32.2,16.0,9.5,74.0,10.6
Berlin,Germany,2019-06-16,5.0,3.0,4.7,0.92,0.6,39.3,0.6,-3.9,39.3,2.9
Chengdu,China,2020-05-05,150.9,92.3,135.1,1.28,41.0,31.4,22.6,7.7,26.3,10.5
Mexico City,Mexico,2023-12-18,164.7,106.3,176.4,1.58,23.4,37.7,22.2,12.1,41.5,12.2
Tokyo,Japan,2019-04-23,38.0,22.6,41.0,0.71,9.3,28.2,3.2,37.4,57.7,14.5
Seoul,South Korea,2019-03-10,63.2,37.2,50.5,1.12,,64.9,4.2,33.1,29.9,1.0
Tokyo,Japan,2018-05-13,58.9,40.9,56.3,0.78,14.7,38.7,7.2,4.0,54.5,4.3
Buenos Aires,Argentina,2020-12-28,87.4,48.5,94.5,1.54,,56.8,9.8,-2.9,65.6,5.9
Cairo,Egypt,2016-08-24,153.0,98.3,165.8,0.31,34.8,64.9,11.5,15.9,92.4,4.8
Chengdu,China,2021-07-14,168.7,115.5,199.4,1.73,38.4,57.5,18.5,2.2,67.6,6.7
Los Angeles,USA,2023-05-04,12.3,6.9,13.8,1.94,3.6,25.8,1.5,0.1,40.5,8.8
Paris,France,2021-10-17,64.7,37.4,72.5,2.43,9.4,29.7,5.8,27.1,23.2,2.4
Seoul,South Korea,2020-10-20,124.8,71.8,105.6,1.08,27.3,65.7,10.4,21.0,27.4,14.1
Wuhan,China,2018-01-23,134.3,89.8,166.4,4.87,29.8,51.3,13.7,12.4,55.2,9.7
Istanbul,Turkey,2022-08-31,97.7,56.5,107.4,4.36,19.9,40.8,11.1,15.1,26.1,6.0
Ho Chi Minh City,Vietnam,2024-12-21,133.0,86.7,152.1,2.98,32.1,45.8,7.9,38.3,52.4,10.1
Istanbul,Turkey,2019-11-05,88.2,36.7,72.3,4.02,11.5,78.9,10.9,16.3,65.9,2.0
Lahore,Pakistan,2024-05-27,172.5,97.6,186.6,3.71,,73.3,18.5,22.3,32.7,12.9
Lagos,Nigeria,2020-03-30,86.6,54.8,107.3,1.72,23.6,49.3,5.7,25.1,71.3,4.7
Paris,France,2018-07-29,35.1,15.8,22.7,2.14,,65.9,2.9,37.8,68.4,7.1
Buenos Aires,Argentina,2023-12-22,26.5,13.9,,,5.4,51.7,3.3,11.1,73.8,8.9
Seoul,South Korea,2016-03-27,109.5,70.8,123.6,3.38,12.8,77.0,6.6,20.3,44.8,6.7
Delhi,India,2020-11-12,173.0,116.4,188.5,4.94,37.8,29.6,11.9,27.2,23.8,7.5
Lagos,Nigeria,2020-08-14,157.1,84.4,119.4,,27.3,24.2,17.0,22.3,24.7,6.3
Ho Chi Minh City,Vietnam,2024-03-20,117.4,58.7,99.3,1.93,21.5,67.9,7.8,22.9,57.9,4.9
Sydney,Australia,2023-04-01,5.0,3.0,5.6,4.87,1.1,72.5,0.3,18.9,36.1,1.9
Delhi,India,2024-10-27,261.2,163.0,258.9,3.45,51.7,46.2,20.6,12.2,46.2,9.9
Wuhan,China,2019-07-09,168.0,94.7,151.7,1.02,30.6,67.4,23.3,26.6,24.5,10.2
Seoul,South Korea,2020-06-08,64.6,,45.9,3.95,14.8,56.7,7.5,5.7,53.3,9.7
Nairobi,Kenya,2024-07-25,97.7,50.2,97.4,4.39,18.1,33.9,7.5,4.9,60.6,13.1
Seoul,South Korea,2016-12-28,129.2,72.4,136.9,3.73,34.4,32.7,14.7,-3.2,25.2,10.8
Nairobi,Kenya,2017-04-30,114.9,59.1,78.7,3.66,32.9,63.0,12.4,5.4,21.2,10.6
Toronto,Canada,2016-09-21,48.2,31.7,51.5,2.79,12.1,66.8,5.5,37.2,93.7,14.2
Jakarta,Indonesia,2022-06-22,125.4,51.1,74.3,2.36,27.3,49.8,17.8,37.2,28.0,2.5
Bangkok,Thailand,2016-05-01,129.9,68.4,117.0,3.93,16.5,68.2,14.4,39.1,68.8,10.9
Chengdu,China,2016-03-29,158.1,94.4,126.4,0.84,19.2,23.1,13.0,39.7,46.1,11.5
Mumbai,India,2019-12-27,181.2,97.2,138.9,1.2,21.7,45.9,10.4,35.9,53.6,12.7
Berlin,Germany,2018-01-26,61.8,27.2,51.2,1.57,12.0,58.8,8.7,36.0,26.9,5.8
Seoul,South Korea,2024-05-25,93.8,57.3,75.5,2.41,24.9,64.3,8.5,28.1,61.3,13.7
Istanbul,Turkey,2016-11-18,125.9,52.2,100.8,3.57,36.3,35.0,15.0,31.4,72.7,3.5
Nairobi,Kenya,2022-12-10,71.6,40.8,65.8,3.76,12.6,71.6,6.7,-3.2,21.3,9.9
Lagos,Nigeria,2023-01-15,153.4,78.6,157.0,4.74,15.7,73.7,18.1,17.6,63.7,12.7
Johannesburg,South Africa,2022-10-23,96.4,54.8,78.1,3.31,11.1,58.1,12.6,10.9,25.3,10.5
Chengdu,China,2019-09-06,184.6,127.5,232.4,2.61,40.6,28.5,24.2,22.2,92.4,14.7
Beijing,China,2020-10-04,127.3,88.7,174.7,3.31,21.2,65.2,9.8,23.3,21.8,9.6
Nairobi,Kenya,2018-05-30,102.3,49.9,89.7,3.59,14.0,55.8,13.9,12.2,73.3,10.3
Bangkok,Thailand,2019-03-23,78.8,53.2,90.2,1.97,10.5,48.4,9.7,23.1,74.5,12.0
Mexico City,Mexico,2022-12-07,119.8,82.7,131.5,3.52,18.4,29.2,15.2,,33.3,11.5
Cairo,Egypt,2022-12-10,130.4,88.7,152.3,2.55,16.7,67.6,18.8,35.0,76.4,0.6
Karachi,Pakistan,2019-11-17,197.0,82.7,138.2,0.94,45.8,67.5,22.5,30.8,65.6,3.3
Nairobi,Kenya,2024-01-06,73.9,50.8,76.2,0.6,13.1,42.0,7.2,20.2,94.4,11.5
Wuhan,China,2018-09-27,185.3,123.9,197.8,1.77,49.6,66.7,19.2,0.3,68.9,1.5
Ho Chi Minh City,Vietnam,2022-12-18,146.6,81.4,155.9,4.51,28.0,47.3,14.9,18.4,91.3,9.9
Lahore,Pakistan,2018-08-13,237.4,140.5,240.2,1.14,25.3,40.3,22.0,-2.2,81.1,5.5
Cairo,Egypt,2022-04-02,146.7,65.5,87.7,2.57,20.2,76.2,7.5,13.6,89.5,6.1
Berlin,Germany,2018-07-20,41.4,18.9,30.7,4.23,11.4,23.0,2.7,7.4,64.6,5.7
Los Angeles,USA,2020-03-03,5.0,3.1,4.2,3.24,0.6,35.3,0.3,2.8,66.2,8.7
Seoul,South Korea,2021-12-27,84.2,36.1,50.0,3.04,24.9,54.3,12.2,15.0,52.7,7.8
Cairo,Egypt,2023-06-25,135.1,68.9,131.3,0.44,25.4,50.7,15.0,7.4,52.1,7.5
London,UK,2018-09-14,67.3,33.8,67.6,4.29,10.2,31.7,5.5,15.4,83.8,11.8
Sydney,Australia,2018-10-22,60.7,29.2,50.1,1.63,7.4,61.1,3.9,25.0,68.6,12.2
Wuhan,China,2015-09-07,173.4,103.8,165.6,3.73,42.4,57.9,22.5,15.2,29.1,8.6
Nairobi,Kenya,2022-01-19,98.6,50.8,66.7,2.1,25.8,52.6,5.0,16.1,,7.4
Lahore,Pakistan,2021-10-05,195.7,134.6,191.7,,21.3,50.0,12.2,32.7,28.5,7.9
Paris,France,2024-11-11,61.4,42.5,74.7,1.65,9.1,27.7,7.7,26.1,65.7,1.1
Karachi,Pakistan,2015-11-21,180.0,103.7,156.9,2.09,,63.4,21.7,4.0,31.9,1.6
Lahore,Pakistan,2016-01-20,173.1,81.3,125.3,1.62,31.6,62.8,23.7,3.2,71.5,5.6
Berlin,Germany,2020-02-23,5.0,3.2,5.6,4.42,1.3,32.3,0.7,2.9,84.8,11.7
London,UK,2017-08-18,32.8,15.1,22.4,2.37,6.2,66.5,2.8,2.3,38.9,3.6
Wuhan,China,2020-03-14,215.2,113.0,217.2,4.92,50.4,71.8,21.7,37.1,82.4,14.9
Jakarta,Indonesia,2018-11-21,112.1,71.1,119.4,1.52,19.2,73.6,6.2,21.6,47.9,6.1
Bangkok,Thailand,2015-05-01,109.0,52.5,85.7,2.22,18.6,26.2,11.4,8.6,,5.1
Seoul,South Korea,2022-12-03,117.1,48.7,97.1,2.69,12.3,52.5,16.0,29.8,72.6,2.5
Mumbai,India,2024-07-17,192.1,128.3,191.7,1.44,52.6,57.5,9.6,10.9,84.3,0.9
São Paulo,Brazil,2015-08-28,124.6,60.4,117.1,4.54,25.4,53.2,10.4,6.0,81.1,2.0
Berlin,Germany,2023-03-29,32.0,15.6,30.8,0.54,5.4,25.1,4.3,26.6,80.0,8.1
Mexico City,Mexico,2019-07-11,118.4,47.5,70.9,2.72,27.6,33.7,7.6,4.1,46.6,2.7
Wuhan,China,2023-12-01,178.0,,164.9,0.66,38.6,37.4,10.6,35.9,65.3,4.0
Cairo,Egypt,2018-08-14,114.3,58.0,103.8,3.15,11.9,31.9,11.2,15.0,58.8,10.9
Ho Chi Minh City,Vietnam,2016-08-23,157.1,65.8,112.5,,33.0,47.3,10.0,31.5,48.0,10.7
Lagos,Nigeria,2021-05-31,100.9,41.6,63.0,1.62,27.7,71.9,10.4,-4.1,37.1,9.8
Jakarta,Indonesia,2023-11-22,146.4,79.2,148.9,3.97,34.3,46.7,11.3,33.7,68.6,12.1
Chengdu,China,2016-02-03,174.0,78.6,156.0,1.16,49.1,32.5,15.2,14.8,89.1,13.4
Sydney,Australia,2022-10-31,9.9,6.2,11.5,2.37,,70.4,1.4,21.2,78.4,7.7
Istanbul,Turkey,2024-03-04,146.3,65.3,90.8,1.11,14.9,71.5,15.5,12.2,,7.2
Tokyo,Japan,2018-03-19,81.4,50.7,86.0,2.56,12.4,48.3,8.9,27.1,32.5,12.3
Wuhan,China,2018-12-04,146.3,82.1,119.0,4.6,20.2,22.9,12.1,27.7,89.2,9.7
Beijing,China,2022-03-27,172.5,95.0,127.0,1.34,25.7,40.3,9.4,35.7,58.7,10.2
Karachi,Pakistan,2022-07-26,172.8,71.9,123.0,4.47,35.5,72.7,22.7,-1.6,35.1,10.0
Bangkok,Thailand,2018-11-09,80.5,43.0,83.3,0.79,12.6,52.3,9.7,23.4,90.6,12.0
Nairobi,Kenya,2018-03-04,30.0,13.9,22.5,3.56,8.0,77.6,3.3,18.7,21.3,1.5
Lagos,Nigeria,2016-05-30,106.0,53.1,92.8,2.82,23.2,48.3,8.2,37.9,26.5,14.1
Mumbai,India,2022-02-02,162.3,89.9,123.7,0.63,30.2,64.5,12.5,20.3,40.9,6.1
Berlin,Germany,2024-07-09,43.6,20.5,29.5,4.78,6.1,68.5,3.8,39.4,47.6,5.6
Dhaka,Bangladesh,2021-12-05,209.9,144.5,286.6,3.62,52.7,53.8,26.4,33.7,56.5,9.5
Lahore,Pakistan,2019-05-02,198.8,100.7,,2.44,28.1,49.9,27.9,22.8,84.2,2.9
Mumbai,India,2019-11-07,184.6,107.2,141.7,3.28,53.6,24.8,20.0,36.2,20.7,9.6
Seoul,South Korea,2022-09-18,121.9,50.7,92.6,0.32,19.7,50.2,10.7,8.8,82.3,14.1
Buenos Aires,Argentina,2024-11-23,20.8,11.6,22.2,4.63,3.8,37.0,1.2,,91.0,8.6
Delhi,India,2022-01-03,198.9,101.1,193.5,0.87,44.4,56.0,27.0,-4.9,34.2,3.7
Beijing,China,2022-04-12,158.5,70.7,93.8,2.81,32.6,70.6,23.0,19.2,89.7,11.0
Los Angeles,USA,2019-05-13,61.3,32.1,57.1,2.19,7.5,63.1,8.1,27.8,37.2,14.4
Karachi,Pakistan,2024-03-06,186.1,116.5,203.1,4.66,40.0,27.8,12.6,0.9,43.1,6.0
Dhaka,Bangladesh,2022-05-29,193.3,105.8,211.6,3.95,56.8,40.5,12.0,17.8,29.3,7.6
Delhi,India,2018-08-27,154.9,70.9,125.8,2.25,16.2,40.8,20.2,30.9,57.1,7.4
Karachi,Pakistan,2016-05-25,174.2,70.3,114.7,1.88,40.9,58.3,15.3,-4.7,38.9,9.7
Stockholm,Sweden,2017-05-04,5.0,2.2,3.8,3.85,0.8,49.4,0.7,37.5,43.1,12.2
Lima,Peru,2021-11-10,74.4,47.0,,2.64,19.3,35.7,4.6,14.1,90.8,7.8
Cairo,Egypt,2021-07-18,143.3,84.1,117.2,2.13,34.6,78.3,9.6,13.5,27.1,4.0
Toronto,Canada,2016-02-01,5.0,2.3,,4.82,0.8,61.3,0.4,36.8,70.5,12.1
Mumbai,India,2024-03-25,187.0,108.4,180.9,1.68,28.5,54.8,22.6,-3.5,62.6,3.0
Buenos Aires,Argentina,2019-02-12,20.2,10.7,16.6,3.35,3.9,77.8,1.7,28.3,39.3,7.9
Nairobi,Kenya,2016-10-07,109.2,54.5,88.8,1.61,11.1,32.9,13.1,29.7,41.0,6.4
Sydney,Australia,2020-04-03,52.2,31.5,57.5,3.5,13.1,30.3,5.5,33.2,21.5,2.3
Lahore,Pakistan,2020-12-06,165.9,81.0,115.7,3.23,26.3,29.5,23.3,26.3,38.5,5.7
Ho Chi Minh City,Vietnam,2018-07-26,113.4,77.2,142.8,4.33,14.6,28.6,9.1,,26.8,2.6
Istanbul,Turkey,2017-03-23,110.0,45.0,61.1,4.74,12.8,52.2,12.6,38.1,87.5,6.9
Berlin,Germany,2016-09-18,97.9,46.8,81.7,2.83,21.7,61.0,6.6,8.6,75.2,2.9
Lima,Peru,2024-07-24,52.7,31.6,61.9,0.65,10.7,24.9,4.6,2.9,68.7,11.5
São Paulo,Brazil,2019-05-09,66.8,32.4,,,9.8,65.4,8.7,31.0,48.7,3.0
Delhi,India,2015-06-08,232.8,116.1,211.8,4.14,59.1,43.4,33.5,24.7,63.2,10.6
London,UK,2016-11-07,72.8,32.6,51.9,2.2,12.5,53.7,10.9,6.5,72.9,11.5
Bangkok,Thailand,2019-07-16,92.0,39.5,67.2,4.78,15.5,58.4,13.4,30.9,71.6,14.6
Cairo,Egypt,2018-09-27,115.6,58.7,97.8,0.46,18.8,30.0,7.4,10.2,80.2,3.4
Buenos Aires,Argentina,2023-06-19,107.1,66.9,98.3,4.64,29.3,35.1,16.0,25.1,41.5,10.4
Bangkok,Thailand,2022-06-20,146.4,70.3,139.6,4.33,36.5,21.6,16.0,26.8,84.1,14.2
Karachi,Pakistan,2020-01-05,193.3,100.8,194.4,0.3,32.9,26.8,26.7,36.8,39.2,5.8
Sydney,Australia,2024-12-10,31.2,17.2,30.7,4.79,5.4,30.4,2.1,-4.1,61.7,14.0
Chengdu,China,2016-06-06,245.3,171.2,331.5,2.61,48.4,57.7,15.0,22.3,54.8,9.8
Delhi,India,2022-04-26,182.6,120.0,182.7,2.3,47.6,25.4,24.8,9.0,20.1,3.9
Paris,France,2023-05-29,12.7,5.4,9.7,1.31,3.6,51.0,1.2,14.5,71.9,7.1
Mumbai,India,2019-10-06,153.6,62.0,85.9,2.98,22.0,28.7,12.7,2.4,24.5,4.6
Stockholm,Sweden,2016-05-11,5.0,3.2,4.3,3.81,0.9,60.5,0.3,36.4,77.6,2.5
Cairo,Egypt,2023-05-06,126.9,69.3,101.6,2.1,20.0,41.0,6.6,-3.2,71.1,10.4
Chengdu,China,2021-03-22,184.0,122.5,182.0,2.16,45.3,64.6,25.0,-3.7,33.8,9.8
Los Angeles,USA,2023-01-27,163.1,96.3,171.8,3.38,35.5,29.4,11.6,6.7,89.0,11.5
Cairo,Egypt,2022-02-01,131.2,62.4,86.0,4.52,36.6,26.6,17.0,15.1,44.3,11.2
Dhaka,Bangladesh,2021-05-01,140.4,70.0,,1.63,26.5,42.1,17.3,22.2,69.0,3.6
Mumbai,India,2016-08-19,145.2,59.0,81.2,1.55,16.4,56.2,21.8,-0.5,81.6,2.2
Beijing,China,2019-09-04,182.4,79.2,120.4,0.73,33.1,74.7,23.4,27.5,60.0,13.3
Buenos Aires,Argentina,2022-03-05,73.0,32.5,61.2,1.61,8.1,27.6,8.1,22.3,39.5,11.0
Mumbai,India,2016-04-11,184.6,117.0,213.8,1.51,29.9,48.7,9.6,8.4,55.5,2.1
Nairobi,Kenya,2019-11-23,103.0,55.5,100.6,,21.6,48.5,9.1,3.7,31.0,12.0
Delhi,India,2024-05-17,161.7,69.4,118.6,1.85,46.8,50.2,15.7,8.9,45.4,7.9
Karachi,Pakistan,2016-07-26,214.9,143.5,230.7,1.67,28.2,60.3,11.3,15.2,61.3,5.4
Tehran,Iran,2019-07-08,233.4,110.6,173.6,0.43,55.5,38.7,24.3,6.5,66.6,7.0
Mumbai,India,2024-04-24,201.7,137.7,247.1,1.53,40.5,48.0,26.1,,41.3,12.4
Lima,Peru,2018-09-21,51.6,25.2,47.9,2.27,15.4,29.1,5.0,28.0,20.4,2.7
Lahore,Pakistan,2016-12-15,194.5,135.7,248.7,2.06,,25.4,20.1,38.9,70.6,5.8
Mexico City,Mexico,2023-01-09,110.1,75.9,99.5,3.69,24.8,61.1,11.8,-3.0,31.2,13.9
London,UK,2023-07-12,47.3,33.0,58.6,2.39,13.4,67.7,4.4,-1.9,85.1,11.6
London,UK,2016-09-29,19.1,12.5,16.3,1.42,2.1,26.6,2.0,-3.3,33.6,3.9
Paris,France,2018-06-11,76.3,41.3,66.9,3.91,14.6,40.9,11.2,-4.6,42.9,9.3
São Paulo,Brazil,2015-04-27,115.1,65.4,89.4,4.05,33.9,30.9,16.1,20.1,90.2,3.1
Beijing,China,2020-11-28,112.0,52.6,85.6,4.8,,38.6,9.3,21.7,88.8,0.6
Los Angeles,USA,2017-01-13,7.5,,6.7,1.32,1.7,72.8,0.4,32.3,50.8,10.0
Ho Chi Minh City,Vietnam,2019-09-19,94.7,57.6,85.2,0.4,27.4,21.0,12.5,2.6,49.4,12.4
São Paulo,Brazil,2019-01-18,79.8,40.7,71.8,1.9,13.5,64.0,6.5,4.0,80.6,12.2
Seoul,South Korea,2017-04-20,118.6,66.2,118.2,2.69,21.7,79.7,7.7,21.7,86.4,10.5
Delhi,India,2015-11-23,143.0,93.7,147.7,3.64,18.5,65.4,15.0,7.1,57.1,10.6
Beijing,China,2018-10-30,133.4,78.9,132.4,1.34,33.4,38.2,10.4,16.2,70.7,14.0
Wuhan,China,2023-07-23,140.1,87.9,141.9,3.62,23.0,70.7,14.5,37.5,25.9,8.0
Beijing,China,2022-05-29,155.2,103.0,193.8,1.49,22.7,71.9,9.1,13.4,81.5,12.3
Jakarta,Indonesia,2016-06-11,30.5,15.2,29.4,3.37,9.0,24.0,2.7,32.6,51.7,4.3
London,UK,2018-05-04,5.0,3.3,5.6,2.94,0.5,78.9,0.7,-3.3,33.2,12.4
Dhaka,Bangladesh,2017-10-22,184.8,100.9,137.0,3.73,33.1,54.2,14.7,5.9,44.3,12.3
Stockholm,Sweden,2019-11-03,45.8,28.5,,4.53,8.1,72.1,2.5,,44.2,5.5
Karachi,Pakistan,2024-04-25,175.5,111.2,183.5,1.3,39.8,29.4,12.1,23.2,94.3,13.4
Lahore,Pakistan,2024-09-18,163.7,91.9,183.7,2.87,30.1,74.6,12.0,-0.6,67.6,1.9
Lahore,Pakistan,2015-12-02,135.9,61.7,116.2,2.2,14.9,78.0,10.3,37.1,42.6,12.6
Berlin,Germany,2017-08-23,5.0,3.3,6.5,4.4,0.9,68.9,0.6,-2.2,89.7,7.3
Paris,France,2015-12-11,104.9,60.0,102.1,1.5,,74.4,9.3,23.4,38.3,1.2
Nairobi,Kenya,2021-07-21,38.9,20.4,31.5,0.57,11.1,23.9,4.8,12.0,91.2,6.6
Lima,Peru,2015-01-16,45.5,26.3,52.6,2.73,13.1,67.2,5.9,14.6,49.0,3.3
Seoul,South Korea,2015-09-30,53.1,36.5,66.6,1.69,7.9,79.3,3.0,33.0,46.7,6.6
Tehran,Iran,2022-05-06,132.5,90.8,162.5,3.85,33.3,23.6,9.3,17.1,47.6,6.5
Sydney,Australia,2017-04-05,13.8,5.6,9.9,0.3,1.6,44.5,1.9,1.5,61.6,10.3
Ho Chi Minh City,Vietnam,2018-05-22,156.5,86.6,122.2,3.25,34.2,21.6,9.2,2.1,30.2,4.3
Jakarta,Indonesia,2017-05-17,120.8,61.8,118.8,3.18,33.2,51.6,7.1,15.8,81.7,3.3
Tokyo,Japan,2022-10-24,29.0,14.2,19.9,1.48,6.8,43.2,3.3,19.1,61.2,4.1
Ho Chi Minh City,Vietnam,2019-09-07,82.3,33.5,53.7,2.99,11.2,35.4,5.9,-1.8,46.1,14.7
Jakarta,Indonesia,2015-11-14,182.3,108.4,213.0,4.33,47.2,77.1,13.3,22.8,86.5,9.6
Chengdu,China,2020-01-12,143.9,68.8,134.0,4.68,26.4,43.6,11.6,33.5,62.6,1.8
Nairobi,Kenya,2017-07-18,26.6,11.4,22.5,3.78,3.4,50.7,2.8,2.6,52.0,9.9
Buenos Aires,Argentina,2024-07-14,37.2,18.6,25.7,2.24,8.1,27.0,4.1,12.9,70.9,5.1
Bangkok,Thailand,2020-04-13,146.6,91.9,128.3,4.84,39.4,53.7,20.4,12.2,22.6,11.0
Jakarta,Indonesia,2023-12-04,147.6,66.2,115.9,4.12,41.5,36.6,9.3,6.2,63.3,13.8
Johannesburg,South Africa,2018-08-24,91.5,53.0,69.7,1.87,10.2,39.3,5.1,2.6,50.8,8.0
Istanbul,Turkey,2015-08-26,97.3,51.4,75.4,3.87,26.7,36.9,5.8,6.4,27.8,5.2
Tehran,Iran,2015-05-16,137.8,64.2,91.0,1.11,19.1,65.7,7.7,39.9,59.2,8.4
Wuhan,China,2021-04-14,170.5,103.5,168.7,1.85,26.1,75.5,13.5,14.6,46.3,1.7
Lagos,Nigeria,2015-06-03,127.7,66.7,123.2,3.63,17.7,53.8,15.9,23.5,65.0,11.2
Jakarta,Indonesia,2019-09-21,91.6,56.7,84.6,2.99,13.6,70.3,9.0,23.9,79.6,13.5
Ho Chi Minh City,Vietnam,2019-04-21,131.9,77.2,133.3,4.63,19.7,34.4,13.4,28.8,53.5,9.7
Seoul,South Korea,2018-12-10,83.2,47.4,64.1,0.8,23.9,62.2,6.4,9.7,48.8,1.6
Beijing,China,2016-07-16,174.1,113.8,198.9,3.92,23.4,54.6,20.5,,28.8,5.5
Paris,France,2015-03-22,33.0,18.9,34.7,2.98,8.3,25.9,4.6,19.1,22.8,9.8
Lima,Peru,2021-02-03,96.1,65.3,99.7,2.62,12.1,75.8,7.9,3.8,55.9,1.1
Beijing,China,2017-03-03,137.7,57.9,80.4,0.83,37.8,75.8,13.4,23.4,72.2,6.2
São Paulo,Brazil,2020-02-04,68.8,41.1,69.3,1.61,10.6,52.3,4.5,31.5,25.2,1.9
Tokyo,Japan,2017-01-24,86.0,46.8,62.9,4.77,23.2,49.2,5.7,32.1,52.3,6.2
Seoul,South Korea,2023-02-13,108.1,62.3,95.8,1.07,13.0,20.1,7.6,13.5,38.3,5.0
Chengdu,China,2015-08-01,186.4,91.8,165.9,2.61,,33.6,22.5,8.5,89.0,10.8
Beijing,China,2020-08-02,222.4,101.8,149.9,2.68,63.4,40.6,20.1,3.6,64.5,11.2
Cairo,Egypt,2021-03-17,136.1,85.1,128.6,3.62,20.6,66.8,18.1,30.9,36.2,10.6
Toronto,Canada,2023-12-01,21.5,11.2,,1.43,2.9,29.6,1.1,30.7,55.1,12.2
Paris,France,2017-04-24,86.6,56.2,,0.74,19.3,60.7,9.8,31.1,74.9,6.8
Lagos,Nigeria,2023-07-29,67.4,35.7,58.9,3.86,12.0,39.8,8.9,33.2,37.5,5.1
Lima,Peru,2015-08-23,39.3,16.6,25.4,2.41,5.4,30.8,3.6,29.0,,14.7
Nairobi,Kenya,2018-08-20,100.9,56.7,86.7,1.27,15.7,45.8,6.8,38.4,28.1,14.8
Lahore,Pakistan,2020-06-29,147.0,77.4,140.8,3.46,21.0,40.3,14.9,23.7,,7.4
Istanbul,Turkey,2016-08-21,9.5,5.4,10.3,3.27,2.3,55.8,1.1,21.0,22.0,15.0
Los Angeles,USA,2023-01-03,52.7,35.2,58.5,2.16,11.2,44.1,3.9,9.6,37.5,4.4
Mumbai,India,2023-12-29,135.3,72.3,134.1,2.41,39.4,28.9,18.3,6.2,90.0,3.8
Delhi,India,2018-10-26,167.6,93.2,160.4,3.59,47.2,25.5,13.9,26.9,91.9,14.7
Istanbul,Turkey,2017-07-27,88.0,60.1,96.5,1.22,25.2,26.3,10.8,23.1,26.6,5.4
Stockholm,Sweden,2021-03-27,24.3,14.1,23.1,0.32,7.2,41.0,1.8,5.0,31.9,15.0
Lahore,Pakistan,2019-09-06,200.0,118.5,184.6,4.52,50.0,33.7,22.9,36.5,57.2,11.1
Toronto,Canada,2023-02-03,32.4,19.7,27.0,1.45,7.1,36.5,4.7,13.2,54.3,10.7
London,UK,2024-08-08,24.2,14.0,26.8,3.52,4.3,27.7,3.2,37.4,49.1,11.1
Tehran,Iran,2022-11-20,134.2,73.9,139.4,0.69,27.7,32.9,11.3,24.0,22.0,9.1
Los Angeles,USA,2017-02-10,28.9,17.9,31.4,4.86,8.1,37.0,1.5,24.5,65.2,0.9
London,UK,2018-06-26,57.4,33.0,64.0,4.56,7.5,43.1,3.1,16.1,76.5,12.0
Johannesburg,South Africa,2020-11-12,83.0,56.4,82.4,1.8,20.7,64.0,11.7,12.5,58.6,7.3
Karachi,Pakistan,2023-09-12,146.2,92.2,173.5,0.93,37.8,46.0,7.6,-2.3,70.8,5.9
Beijing,China,2020-04-28,130.6,68.8,119.5,4.4,25.0,68.5,16.8,13.7,57.6,10.7
Lima,Peru,2019-03-23,92.9,62.0,113.9,1.47,27.5,30.8,13.1,9.6,77.2,7.1
Seoul,South Korea,2020-12-11,70.5,30.3,,1.69,16.8,69.2,9.9,-0.2,87.0,3.4
Lahore,Pakistan,2023-05-07,148.4,91.8,119.9,1.34,29.4,45.2,21.0,11.2,90.3,7.2
Lagos,Nigeria,2016-10-09,132.2,57.0,97.6,0.97,21.1,57.4,16.2,-3.2,59.8,8.7
Mexico City,Mexico,2023-10-05,126.0,69.3,124.8,0.55,31.8,54.6,16.8,4.8,82.5,1.9
Wuhan,China,2021-08-18,169.1,103.4,136.3,0.34,26.8,28.6,19.1,24.9,90.6,14.3
Mumbai,India,2017-10-10,172.7,69.4,107.6,2.71,34.5,56.2,25.2,34.8,28.2,4.4
Tehran,Iran,2016-11-29,123.4,76.4,135.2,2.53,17.3,73.3,14.5,2.6,72.9,11.3
Stockholm,Sweden,2019-12-12,54.0,25.2,50.2,1.02,11.9,59.4,5.0,16.4,86.8,9.9
Tehran,Iran,2015-04-06,141.4,58.4,107.9,2.09,16.8,54.1,11.0,24.7,69.4,10.7
Stockholm,Sweden,2021-04-07,26.5,13.7,22.2,4.08,5.7,22.2,3.6,-2.7,32.8,2.0
Toronto,Canada,2023-06-06,5.0,2.2,3.9,1.36,0.5,45.1,0.4,9.3,53.4,10.2
Paris,France,2015-06-12,36.8,25.1,41.7,2.52,5.2,65.3,2.4,17.1,51.6,10.0
Berlin,Germany,2017-08-26,65.5,36.4,,3.64,,78.2,7.1,16.0,60.7,12.2
Bangkok,Thailand,2016-01-29,82.0,50.9,79.3,4.65,8.6,59.2,12.1,2.9,53.2,10.7
Ho Chi Minh City,Vietnam,2015-02-26,74.2,45.9,80.6,1.07,21.7,53.3,7.6,33.2,68.0,1.6
Nairobi,Kenya,2016-01-17,101.3,61.8,122.3,0.42,15.4,52.9,11.3,7.3,82.0,2.9
Mexico City,Mexico,2023-07-11,71.3,42.8,83.7,3.36,9.4,54.8,7.4,34.2,46.3,6.6
Johannesburg,South Africa,2015-09-16,126.0,70.2,126.6,0.49,26.8,27.3,10.3,24.8,31.8,5.0
Delhi,India,2024-03-20,159.1,91.2,128.0,1.49,30.5,26.6,23.8,2.4,78.6,12.5
Toronto,Canada,2023-07-27,47.7,25.2,48.2,4.8,6.4,48.8,2.7,22.9,63.6,3.5
London,UK,2016-10-05,46.0,19.5,28.7,3.69,7.2,50.7,6.5,-2.8,80.8,1.4
Berlin,Germany,2022-06-20,39.0,17.0,34.0,1.15,10.9,79.5,3.5,23.4,78.4,6.2
Lahore,Pakistan,2021-05-30,214.4,,198.7,1.12,60.9,22.6,26.5,-2.9,82.8,13.6
Paris,France,2022-07-21,37.2,15.7,25.7,1.7,6.8,59.9,2.6,11.1,78.7,9.8
Nairobi,Kenya,2019-03-21,115.0,66.5,97.5,0.3,30.0,69.4,13.8,-1.6,63.9,12.4
Seoul,South Korea,2017-03-01,106.7,49.0,83.9,4.18,11.7,55.8,12.2,22.1,68.8,9.7
Johannesburg,South Africa,2019-09-23,108.1,43.8,76.4,3.43,16.0,55.9,11.2,6.7,54.7,13.7
London,UK,2018-08-26,5.0,2.9,3.9,0.67,0.6,66.7,0.4,5.2,76.0,3.0
Beijing,China,2015-03-09,104.2,60.0,92.2,2.15,28.4,73.1,13.8,33.9,62.7,9.9
Ho Chi Minh City,Vietnam,2017-01-26,107.1,68.1,114.8,0.82,28.1,65.6,14.1,3.6,40.4,4.8
Stockholm,Sweden,2015-08-27,20.8,9.4,14.0,3.62,5.6,21.4,2.2,-3.4,26.4,10.7
Lagos,Nigeria,2020-10-16,80.5,51.9,84.7,4.34,10.7,35.0,5.1,30.9,37.2,2.8
Ho Chi Minh City,Vietnam,2020-07-29,147.0,68.1,99.6,4.11,29.5,61.9,14.0,5.7,92.8,8.7
Stockholm,Sweden,2018-01-28,83.8,43.7,66.9,1.31,24.0,72.9,5.9,10.8,77.2,3.5
Nairobi,Kenya,2015-10-18,110.3,67.5,121.1,4.83,18.7,72.7,5.8,8.0,23.6,9.9
Seoul,South Korea,2020-09-03,124.3,81.3,142.4,0.44,30.2,71.7,14.4,-3.6,,11.1
Mumbai,India,2018-09-16,172.8,114.0,168.4,0.77,47.2,21.6,24.4,8.8,58.1,2.4
Buenos Aires,Argentina,2015-09-16,5.0,3.1,6.1,3.51,0.7,38.5,0.5,22.3,89.5,6.1
Sydney,Australia,2024-10-19,28.0,17.4,26.1,1.87,3.0,78.3,3.7,-0.8,95.0,9.3
Dhaka,Bangladesh,2019-06-07,207.0,,136.7,3.45,25.1,49.3,19.5,4.7,42.5,14.5
Jakarta,Indonesia,2019-11-24,125.6,75.5,136.5,3.84,13.5,43.6,16.0,35.7,65.2,1.3
Jakarta,Indonesia,2017-07-29,75.9,32.1,58.5,0.6,10.4,45.0,7.3,13.3,54.8,10.8
Lima,Peru,2017-05-31,19.5,9.9,17.1,2.61,4.8,53.6,2.5,,56.8,10.2
Berlin,Germany,2021-06-06,55.5,28.6,49.7,0.44,10.4,55.9,8.1,34.5,41.1,7.9
Cairo,Egypt,2023-04-03,153.1,66.9,99.0,4.74,40.5,66.9,20.9,28.7,29.0,8.0
Beijing,China,2015-09-12,138.2,68.2,128.4,2.48,15.5,36.5,10.1,34.9,68.6,8.6
Nairobi,Kenya,2020-10-20,117.5,66.5,130.2,4.89,35.1,60.2,16.8,13.2,84.5,13.7
Tokyo,Japan,2019-06-16,82.1,53.3,84.4,1.05,13.7,66.0,6.0,16.5,62.4,9.3
Toronto,Canada,2022-12-05,65.4,42.4,70.0,0.78,9.8,40.7,7.4,6.1,37.5,4.6
Beijing,China,2018-04-27,116.2,62.3,100.9,2.83,26.4,77.4,13.4,34.8,61.7,9.6
Bangkok,Thailand,2022-04-29,106.8,55.4,103.0,2.85,29.5,78.3,6.9,12.8,69.9,4.9
Berlin,Germany,2023-02-02,10.6,6.8,12.1,0.48,2.2,30.0,1.6,6.5,51.5,3.4
Tehran,Iran,2018-04-27,134.9,69.1,94.0,,13.6,47.5,15.3,14.4,29.5,11.8
Seoul,South Korea,2019-11-23,160.7,108.4,175.1,4.52,25.7,43.2,23.3,4.1,63.4,6.1
Mexico City,Mexico,2021-05-22,104.7,63.8,101.1,0.58,25.2,50.2,5.4,22.6,89.0,2.1
Seoul,South Korea,2016-07-18,53.4,33.0,44.6,0.41,10.3,67.5,3.5,32.6,69.2,5.3
Tokyo,Japan,2024-12-24,130.7,57.7,76.8,0.36,21.6,24.4,17.0,39.9,24.6,6.8
Delhi,India,2022-01-05,179.7,122.0,196.7,3.47,49.7,27.8,24.4,27.6,83.0,7.7
Ho Chi Minh City,Vietnam,2017-02-13,97.0,50.5,81.3,2.62,22.5,63.6,12.4,25.2,80.3,2.3
Nairobi,Kenya,2017-04-22,124.8,64.4,107.6,2.34,24.4,37.1,8.4,-0.3,,2.3
Berlin,Germany,2019-02-22,52.4,35.5,62.1,4.27,11.1,47.8,5.4,9.4,69.3,13.5
Johannesburg,South Africa,2016-05-03,112.8,,119.5,4.93,,71.9,5.7,-2.0,21.7,11.7
Cairo,Egypt,2022-10-27,119.6,50.2,82.8,1.47,18.5,69.3,17.8,,44.1,14.0
Beijing,China,2017-06-04,103.0,63.8,101.4,1.25,23.8,59.9,9.9,7.1,82.4,4.5
Dhaka,Bangladesh,2020-09-21,158.4,73.4,128.8,1.36,31.2,39.7,23.2,39.2,76.5,14.8
Seoul,South Korea,2015-08-15,15.1,10.5,,2.25,2.2,77.2,1.7,21.9,94.8,9.4
Tokyo,Japan,2017-03-20,39.1,20.0,30.3,1.74,8.7,68.3,5.6,-1.9,40.8,4.2
Bangkok,Thailand,2018-01-07,78.8,41.5,65.3,4.78,14.8,53.1,9.8,27.6,63.7,13.0
Stockholm,Sweden,2016-08-15,18.6,8.2,15.3,2.1,4.3,64.2,1.5,17.7,87.1,13.3
Lagos,Nigeria,2018-07-09,131.6,,159.6,3.76,22.1,27.2,12.1,-1.1,28.7,14.3
Bangkok,Thailand,2019-11-30,129.0,68.7,100.8,2.32,35.4,70.2,18.6,8.9,49.0,0.8
Los Angeles,USA,2023-06-10,100.2,50.0,79.1,4.57,20.6,54.0,6.8,17.4,88.9,8.6
Tehran,Iran,2021-04-25,138.4,79.1,105.2,3.17,28.3,67.0,7.3,30.1,59.1,5.9
São Paulo,Brazil,2020-09-15,75.3,49.1,84.2,0.84,12.2,48.5,8.9,9.4,83.0,5.9
Lahore,Pakistan,2016-12-15,187.2,119.9,185.2,0.38,21.5,26.7,24.4,8.6,94.8,11.5
Bangkok,Thailand,2017-11-03,135.0,93.9,142.8,1.08,,36.7,19.7,39.5,89.5,14.2
Mumbai,India,2021-04-21,162.2,102.0,147.0,4.25,47.4,32.7,9.4,16.8,79.4,11.7
Tehran,Iran,2021-07-08,148.4,95.9,,3.36,32.8,29.2,13.6,33.4,92.9,10.1
Mumbai,India,2015-05-16,180.9,88.2,164.8,1.32,18.5,44.9,10.2,8.1,68.3,4.8
Berlin,Germany,2020-04-20,26.4,11.8,16.5,2.77,6.2,47.2,1.6,24.1,61.8,6.0
Jakarta,Indonesia,2023-01-16,109.9,55.1,73.2,2.35,24.2,76.5,12.4,23.1,48.1,2.4
Paris,France,2023-02-04,38.9,22.6,40.7,4.18,5.9,34.5,4.1,20.5,36.3,9.0
Ho Chi Minh City,Vietnam,2018-02-16,123.1,73.1,101.9,,26.9,57.6,11.5,10.4,36.0,9.3
Delhi,India,2017-08-13,189.4,96.2,184.5,1.0,54.4,41.0,16.7,15.8,73.9,10.9
Sydney,Australia,2016-07-23,20.2,,15.3,2.93,4.3,62.6,2.5,5.6,77.8,0.8
Chengdu,China,2016-01-10,160.7,69.2,125.3,2.78,30.1,61.4,8.6,5.1,66.2,12.8
Nairobi,Kenya,2015-10-04,59.7,40.7,60.0,2.8,6.2,57.2,8.5,34.8,57.6,9.9
Bangkok,Thailand,2022-10-26,53.7,22.6,31.8,4.83,8.1,43.1,5.4,39.1,71.7,9.6
Toronto,Canada,2023-08-06,70.8,47.5,79.7,2.28,18.5,68.0,4.7,5.7,,6.9
Lima,Peru,2020-03-05,112.7,53.1,95.0,4.58,13.4,53.2,13.5,7.4,62.7,10.9
Sydney,Australia,2020-05-15,39.2,25.3,38.4,2.29,9.5,42.3,3.9,24.1,52.8,12.0
Mexico City,Mexico,2020-08-05,115.8,71.2,99.9,4.71,18.8,67.7,11.8,-0.9,63.7,13.7
Stockholm,Sweden,2019-12-07,10.9,5.3,10.3,2.07,2.5,33.4,0.8,2.9,52.6,8.2
Berlin,Germany,2019-05-09,5.0,3.2,5.4,1.04,0.6,23.8,0.4,17.5,84.5,13.6
Jakarta,Indonesia,2023-04-24,83.5,58.2,103.3,1.73,13.8,46.1,9.4,35.4,34.9,1.7
Ho Chi Minh City,Vietnam,2023-03-04,97.7,45.0,79.9,4.18,23.8,58.7,13.8,-2.4,32.6,6.5
Lahore,Pakistan,2019-03-07,129.3,57.5,95.3,4.66,23.1,22.6,15.6,8.1,,5.2
Los Angeles,USA,2019-04-17,43.6,28.2,48.2,1.82,7.1,27.5,6.3,23.7,22.0,10.1
Beijing,China,2018-11-18,147.3,90.7,148.8,1.18,35.3,52.8,7.8,24.1,67.6,2.6
Istanbul,Turkey,2020-03-08,107.4,61.8,86.4,4.31,11.3,26.2,6.6,18.8,66.5,6.4
Buenos Aires,Argentina,2015-04-08,46.3,29.9,42.3,3.97,10.9,39.6,4.8,15.0,29.6,13.7
Tehran,Iran,2021-08-15,115.3,47.6,84.5,2.39,31.7,64.3,9.9,27.6,57.1,3.4
Paris,France,2023-07-21,24.9,10.0,18.5,0.66,4.7,45.1,1.7,38.5,65.3,12.3
Bangkok,Thailand,2023-06-11,79.9,49.3,97.5,1.94,16.0,50.9,11.9,5.5,,2.5
Los Angeles,USA,2021-01-13,86.8,58.1,98.1,3.51,20.8,47.6,8.1,3.4,48.8,14.9
Dhaka,Bangladesh,2019-03-06,183.0,115.1,154.4,,20.4,48.5,9.7,22.6,64.0,12.1
Istanbul,Turkey,2021-08-22,83.0,33.9,53.2,2.69,24.0,51.3,10.6,7.1,31.5,12.3
Mumbai,India,2016-01-02,161.3,104.2,165.8,,25.4,23.3,19.0,24.2,80.1,9.4
Berlin,Germany,2015-09-13,52.9,34.0,62.6,1.7,6.1,30.6,3.1,6.0,54.5,13.6
Lahore,Pakistan,2020-11-11,200.2,111.5,154.0,4.84,40.3,42.8,13.2,13.7,42.7,1.8
Chengdu,China,2021-02-28,186.8,79.8,154.8,3.08,43.2,66.9,20.7,-1.8,52.2,4.3
Beijing,China,2015-09-05,127.0,66.2,124.3,1.46,17.8,77.5,18.4,39.7,62.6,2.1
Buenos Aires,Argentina,2022-04-25,60.6,27.8,48.8,0.8,15.5,23.5,3.7,14.6,48.4,14.9
Karachi,Pakistan,2024-09-07,165.5,75.6,148.4,,30.1,64.4,23.2,3.1,34.7,6.4
Johannesburg,South Africa,2016-09-12,120.2,50.2,77.2,1.65,14.5,41.7,9.6,23.6,,7.1
Toronto,Canada,2016-02-10,65.0,28.9,55.6,1.02,9.0,26.4,5.3,19.9,94.1,12.0
Lima,Peru,2016-12-24,131.9,85.3,154.9,2.98,30.8,64.8,8.4,4.0,71.6,12.8
Seoul,South Korea,2021-01-23,120.0,83.3,120.9,2.26,21.1,75.8,9.4,16.2,34.0,8.1
Buenos Aires,Argentina,2024-04-22,93.2,62.7,84.8,3.86,14.1,30.5,10.3,26.8,49.6,1.1
Los Angeles,USA,2022-07-15,37.2,25.2,42.7,4.26,4.6,27.4,2.3,17.0,44.8,10.9
London,UK,2015-03-30,6.8,4.6,7.7,3.68,1.9,79.4,0.7,31.4,62.5,7.6
Lima,Peru,2019-06-03,90.9,62.3,104.1,4.0,22.8,75.3,6.5,32.2,87.9,6.2
Johannesburg,South Africa,2022-01-14,94.1,48.4,89.7,1.73,12.7,52.6,10.0,32.2,54.3,12.3
Bangkok,Thailand,2018-05-18,114.4,65.5,94.7,2.11,31.1,33.0,15.0,7.7,22.6,2.1
London,UK,2023-08-21,69.6,42.4,65.4,,12.6,76.8,5.7,3.2,47.4,10.2
Lima,Peru,2018-08-17,37.1,19.4,33.5,1.18,4.8,67.9,3.4,,59.3,12.8
Paris,France,2019-05-04,74.4,30.2,53.7,3.8,14.5,29.7,8.3,,,11.3
Chengdu,China,2023-08-09,140.8,93.1,178.9,2.03,19.2,72.5,19.5,-0.5,92.5,8.2
Chengdu,China,2018-08-19,204.5,98.1,189.3,2.39,53.8,24.8,26.3,17.1,20.4,3.8
Dhaka,Bangladesh,2018-05-16,101.5,,78.1,1.82,12.6,52.7,7.4,32.0,23.2,1.9
Lima,Peru,2017-07-11,89.6,60.2,99.7,1.73,18.1,72.7,10.7,33.6,44.6,10.8
Seoul,South Korea,2015-10-19,70.1,40.1,66.9,2.89,18.9,75.0,4.3,20.6,88.9,2.5
Jakarta,Indonesia,2019-01-19,116.4,70.6,98.7,,32.4,54.5,6.1,39.7,56.9,7.4
Delhi,India,2020-08-14,206.9,121.3,194.7,2.21,30.3,21.8,27.9,9.7,71.1,14.2
Chengdu,China,2018-06-10,114.8,78.1,138.8,3.43,21.3,70.7,13.9,7.7,65.0,6.7
Lagos,Nigeria,2020-02-22,89.9,57.8,80.1,,15.0,40.5,8.8,39.9,50.6,3.1
Tokyo,Japan,2020-11-07,48.6,20.2,26.5,2.33,9.0,31.1,6.2,0.8,88.6,9.0
Mumbai,India,2017-05-02,172.4,84.9,137.1,1.64,42.3,49.1,10.9,-0.3,74.4,3.9
Mumbai,India,2019-03-17,222.5,107.6,160.7,4.22,28.8,57.0,32.4,32.9,24.6,5.1
Stockholm,Sweden,2022-06-11,29.9,20.6,31.3,1.43,8.3,71.2,2.5,-1.9,94.4,10.4
Cairo,Egypt,2019-04-11,167.5,100.9,192.8,,20.4,57.9,14.0,31.5,76.6,13.4
Wuhan,China,2023-02-01,119.9,54.6,71.8,1.5,20.8,76.8,11.9,20.0,86.0,13.3
Nairobi,Kenya,2015-01-15,70.0,37.6,68.6,3.64,16.0,72.8,9.1,39.2,86.7,3.3
Paris,France,2022-07-17,31.1,16.3,28.3,3.32,4.8,71.6,2.6,36.4,55.4,0.7
Dhaka,Bangladesh,2022-09-04,148.6,96.8,143.8,0.45,39.2,48.0,16.3,10.1,23.5,5.9
Stockholm,Sweden,2024-04-17,48.4,19.5,33.2,4.5,6.9,75.6,2.9,32.1,83.0,4.2
Seoul,South Korea,2019-09-29,53.4,24.8,36.9,2.7,8.9,47.3,3.6,9.7,25.3,13.4
Seoul,South Korea,2019-05-08,81.0,50.8,78.5,2.53,12.8,61.8,10.9,7.9,38.2,10.4
Johannesburg,South Africa,2017-09-14,67.8,39.7,65.9,0.84,15.6,46.8,4.9,10.9,56.9,1.8
Cairo,Egypt,2019-10-04,137.7,82.5,113.2,4.17,22.6,55.8,10.7,28.0,74.2,8.5
Stockholm,Sweden,2017-08-15,9.9,4.4,6.8,3.52,2.6,40.0,0.7,32.5,86.8,6.4
Paris,France,2024-01-07,5.8,3.5,6.5,0.38,1.3,55.3,0.5,28.7,52.1,10.3
Jakarta,Indonesia,2018-05-29,138.2,85.8,170.1,2.09,15.6,79.3,15.5,37.6,27.8,5.5
Delhi,India,2016-04-19,137.0,89.2,170.9,2.66,18.8,27.6,14.9,17.8,72.1,4.9
Ho Chi Minh City,Vietnam,2024-09-30,131.8,69.5,135.0,3.32,23.7,35.8,18.5,-4.3,44.5,14.2
London,UK,2020-01-18,37.2,20.8,30.0,4.22,5.2,34.9,2.6,2.1,91.5,9.2
Tehran,Iran,2019-08-11,41.1,17.2,27.9,1.65,6.4,33.3,3.4,10.9,43.2,14.7
Tokyo,Japan,2020-08-26,94.7,45.6,73.8,4.73,12.9,75.4,11.5,25.2,74.3,1.0
Lagos,Nigeria,2019-05-07,93.2,64.9,110.7,2.59,24.0,78.6,13.6,30.7,48.3,1.5
Berlin,Germany,2018-07-29,35.5,20.2,30.4,1.72,6.6,38.8,5.0,-3.1,37.6,12.2
Lahore,Pakistan,2020-12-22,137.2,73.6,111.0,1.01,21.7,54.8,18.2,11.4,46.1,7.3
Nairobi,Kenya,2022-03-16,107.9,67.5,103.2,3.06,19.2,63.0,7.2,6.6,,13.4
Wuhan,China,2015-01-11,89.5,51.9,97.0,4.25,21.0,58.5,13.0,12.3,82.5,13.9
Cairo,Egypt,2024-12-04,95.3,59.0,92.2,1.05,20.7,31.8,9.1,34.3,26.5,0.9
Lagos,Nigeria,2024-01-01,84.1,43.9,59.7,0.32,23.5,33.1,7.8,38.7,82.0,2.1
Sydney,Australia,2018-12-02,5.0,2.3,4.4,4.05,0.9,72.7,0.4,21.3,30.7,12.6
Ho Chi Minh City,Vietnam,2017-03-14,93.3,59.7,95.3,3.17,16.9,53.1,5.2,11.8,84.1,10.5
Lagos,Nigeria,2023-07-21,76.1,48.4,78.3,3.48,19.4,36.2,4.3,13.3,30.9,4.5
Lagos,Nigeria,2021-10-12,118.9,61.9,91.9,2.99,24.6,66.8,17.0,9.8,35.5,6.3
Paris,France,2019-01-25,81.3,33.5,63.8,4.98,23.2,71.6,12.1,35.9,71.6,2.9
Stockholm,Sweden,2021-02-08,26.7,17.1,28.2,2.02,3.2,23.1,2.4,-0.5,27.8,6.2
Johannesburg,South Africa,2017-03-10,72.9,49.9,75.9,0.6,9.7,71.4,7.9,30.0,,12.4
Karachi,Pakistan,2024-08-19,160.5,91.8,143.0,2.92,32.1,56.1,8.5,-3.5,74.1,3.3
Buenos Aires,Argentina,2019-01-15,56.3,31.7,63.1,4.23,10.3,57.0,3.5,12.4,,9.5
Lima,Peru,2023-04-08,89.2,43.0,80.6,3.17,15.6,22.4,6.5,35.0,81.3,8.8
Stockholm,Sweden,2022-12-11,14.8,8.8,14.3,3.33,2.4,70.3,1.8,9.8,82.3,7.6
Stockholm,Sweden,2017-03-21,36.7,24.2,45.1,3.38,4.7,25.6,3.1,33.5,92.1,4.0
Lahore,Pakistan,2023-01-13,155.8,89.2,117.9,2.85,40.7,36.6,21.8,5.6,25.7,2.8
Stockholm,Sweden,2019-03-26,70.2,39.3,64.3,4.09,13.0,68.1,4.2,23.6,,13.5
São Paulo,Brazil,2020-03-10,68.8,38.2,66.3,4.76,19.6,59.3,8.0,6.1,82.1,9.7
London,UK,2017-10-05,86.0,,85.8,2.79,21.8,24.7,9.4,,65.7,10.6
Seoul,South Korea,2017-10-11,63.7,40.5,58.9,4.18,7.9,57.3,8.8,-0.4,83.7,12.1
Tokyo,Japan,2021-02-13,35.4,24.5,35.3,3.02,4.1,33.1,4.5,8.6,93.9,7.8
Nairobi,Kenya,2019-12-27,30.4,12.5,24.6,1.12,6.3,43.7,2.8,23.9,69.7,2.7
Mumbai,India,2021-09-17,171.7,77.2,117.3,1.3,21.5,42.7,17.9,-1.7,65.3,14.9
Stockholm,Sweden,2019-07-10,72.6,34.9,45.9,4.22,8.1,32.3,7.6,3.0,82.5,11.8
Mexico City,Mexico,2017-02-26,93.7,57.9,89.7,3.43,11.7,62.3,13.8,-3.0,27.0,2.3
Tehran,Iran,2016-04-25,158.4,99.9,177.9,4.06,24.3,71.0,14.9,6.8,20.8,13.1
London,UK,2017-09-13,49.8,20.2,34.1,1.95,11.4,52.5,3.8,2.3,50.4,14.8
Beijing,China,2019-02-02,137.0,85.6,114.6,2.08,29.6,65.1,14.1,18.2,77.3,5.0
Buenos Aires,Argentina,2024-03-03,35.5,24.5,41.7,2.4,10.0,74.0,3.2,34.4,24.8,13.3
Paris,France,2023-06-18,34.8,19.8,29.5,4.93,,46.8,3.9,22.7,75.4,11.0
Mumbai,India,2015-10-28,160.9,82.8,163.1,2.22,23.2,57.9,14.9,6.3,73.6,3.3
Ho Chi Minh City,Vietnam,2016-11-19,90.9,55.3,97.0,3.45,,33.3,5.8,39.0,23.4,7.3
Berlin,Germany,2017-09-15,8.8,4.2,7.2,1.32,1.6,54.4,1.3,-1.4,54.5,6.2
Nairobi,Kenya,2016-10-14,90.6,60.7,117.4,2.06,14.6,46.9,7.6,27.3,36.0,10.1
Tehran,Iran,2022-04-16,182.0,103.6,201.8,0.78,26.2,66.0,15.8,,57.7,10.0
Stockholm,Sweden,2022-01-11,5.0,2.4,4.5,2.75,0.5,36.9,0.6,4.0,82.1,10.3
Cairo,Egypt,2020-07-28,124.1,58.4,102.9,2.99,20.7,40.6,11.1,8.1,73.3,9.9
Wuhan,China,2023-07-08,182.6,94.9,147.6,1.63,21.4,36.1,15.0,19.6,78.0,6.2
Toronto,Canada,2020-08-03,48.7,28.2,39.2,3.7,10.7,50.4,5.8,15.0,59.3,6.3
Tehran,Iran,2017-06-24,168.0,107.9,165.2,1.08,29.5,24.2,20.5,1.6,41.4,13.3
Istanbul,Turkey,2016-07-24,110.4,51.4,67.7,3.14,26.8,72.8,14.0,36.7,93.9,11.3
Los Angeles,USA,2022-09-11,5.0,3.0,5.9,4.22,1.2,48.7,0.4,-3.5,46.9,12.8
Buenos Aires,Argentina,2024-04-10,13.1,6.3,8.5,3.18,2.5,56.4,1.4,30.9,76.3,11.7
Mumbai,India,2021-07-30,171.3,86.7,169.3,0.56,22.4,45.2,19.1,-4.6,73.9,8.6
London,UK,2016-06-15,65.1,29.2,40.2,1.66,15.8,55.3,6.4,20.7,61.9,5.0
Paris,France,2015-10-24,5.0,3.3,5.8,3.58,1.0,65.4,0.5,,86.8,4.9
Buenos Aires,Argentina,2018-09-21,72.4,44.2,79.2,4.6,,53.7,8.1,39.1,43.4,14.4
Mumbai,India,2016-07-16,166.2,104.6,,4.14,17.6,24.7,9.5,21.7,65.2,13.6
Ho Chi Minh City,Vietnam,2021-10-21,84.0,44.8,85.4,2.07,14.3,46.8,5.0,12.4,20.5,7.8
Mumbai,India,2021-02-28,189.6,107.2,185.0,0.44,51.6,43.1,28.0,0.4,90.9,9.7
Tokyo,Japan,2024-08-23,76.3,34.5,53.2,2.94,18.0,72.3,9.6,11.3,81.6,14.5
Bangkok,Thailand,2024-08-30,109.6,50.7,70.9,3.87,18.0,34.6,13.6,28.1,40.7,13.2
Bangkok,Thailand,2019-01-21,73.5,45.4,65.8,2.5,17.0,52.4,8.1,19.6,34.9,6.4
Beijing,China,2020-07-27,103.7,65.7,115.5,2.3,30.6,26.5,7.3,10.4,37.1,9.6
Tehran,Iran,2023-03-19,170.7,113.1,210.3,1.16,36.4,21.8,13.8,31.3,54.2,2.7
Tehran,Iran,2016-06-28,105.4,,76.3,2.59,17.9,76.2,11.2,32.9,77.1,10.1
Johannesburg,South Africa,2017-01-11,64.8,34.5,62.7,4.82,11.3,52.6,8.7,10.0,30.7,4.6
Tehran,Iran,2021-06-05,130.5,58.4,89.4,2.48,35.2,76.3,12.1,36.9,32.1,2.8
Cairo,Egypt,2019-01-11,76.6,49.6,92.9,3.7,,52.8,6.5,32.7,84.4,1.2
Wuhan,China,2023-10-16,167.0,68.1,128.6,1.13,39.2,41.4,22.0,17.9,44.3,5.2
Ho Chi Minh City,Vietnam,2017-08-19,148.2,71.5,103.8,1.31,17.3,73.8,21.9,38.0,83.9,12.8
Berlin,Germany,2024-09-27,37.2,17.8,,4.59,6.0,66.6,4.3,39.5,35.3,14.4
Mumbai,India,2019-09-16,126.6,60.8,108.6,3.07,20.4,27.9,10.3,12.2,48.5,5.7
Ho Chi Minh City,Vietnam,2016-06-21,96.7,52.1,98.3,1.15,12.5,48.3,8.4,20.3,91.0,11.5
Lima,Peru,2015-09-14,25.6,14.4,27.7,4.42,4.8,34.8,1.9,-3.5,83.2,4.3
London,UK,2016-09-11,25.5,16.4,,2.47,3.2,46.5,1.4,18.3,79.7,10.3
Delhi,India,2018-06-09,164.8,107.0,159.8,2.0,20.7,26.1,23.6,3.5,45.0,8.2
Bangkok,Thailand,2016-08-23,118.4,78.3,151.1,1.83,14.0,32.6,11.5,8.0,54.0,11.5
Dhaka,Bangladesh,2019-04-28,158.9,99.0,158.0,,29.5,47.3,12.7,39.8,77.6,10.5
Istanbul,Turkey,2015-04-29,60.6,36.3,67.4,2.24,12.1,22.8,4.7,11.6,66.9,7.2
Wuhan,China,2021-09-22,147.1,81.1,147.4,1.58,39.0,73.5,12.5,25.7,28.8,11.3
London,UK,2023-03-28,31.5,19.1,30.4,4.66,6.1,21.9,3.1,30.8,68.5,14.5
Los Angeles,USA,2021-12-15,11.5,4.6,9.2,4.71,1.8,58.3,1.4,21.0,83.2,1.6
Mexico City,Mexico,2023-03-15,113.9,46.0,78.0,0.89,28.8,35.5,13.4,24.1,66.3,4.4
Lahore,Pakistan,2022-08-03,182.3,117.6,182.4,3.37,38.5,23.9,20.5,31.6,94.4,0.9
Delhi,India,2017-05-11,144.4,75.7,98.9,3.19,18.0,42.7,11.0,11.3,57.0,5.7
Tehran,Iran,2018-11-04,149.8,89.8,176.9,0.37,16.8,50.1,21.2,27.9,66.7,1.0
Jakarta,Indonesia,2020-03-23,112.6,56.7,95.2,1.51,17.3,57.3,16.3,24.7,70.1,14.8
Cairo,Egypt,2018-09-21,193.1,97.9,153.9,1.65,46.6,41.6,13.3,11.6,84.0,11.2
Tehran,Iran,2016-03-25,148.0,103.2,153.3,4.26,26.8,64.8,10.4,31.5,26.3,4.4
Cairo,Egypt,2017-08-13,145.6,83.6,163.8,1.39,16.3,59.2,18.1,7.7,62.8,1.4
São Paulo,Brazil,2023-12-16,42.7,18.5,24.9,0.51,7.9,25.8,5.3,35.4,39.5,9.6
Mexico City,Mexico,2019-05-16,64.4,30.2,52.9,0.91,17.5,59.9,7.8,37.1,90.7,8.5
Johannesburg,South Africa,2017-03-15,65.0,32.6,,2.83,18.6,34.3,5.3,9.2,80.4,1.9
Mumbai,India,2024-04-06,175.5,97.2,130.8,2.7,51.2,78.7,18.1,18.2,41.4,15.0
Ho Chi Minh City,Vietnam,2015-03-03,108.3,58.0,75.5,1.94,12.4,64.6,11.5,20.7,41.5,12.3
Johannesburg,South Africa,2017-02-25,122.0,55.1,98.3,2.95,15.8,61.3,7.8,12.9,43.1,10.5
Tokyo,Japan,2022-12-29,40.8,18.4,34.3,0.33,8.4,51.0,4.6,5.8,20.7,7.1
Jakarta,Indonesia,2022-11-01,69.6,,72.8,2.52,7.3,66.3,4.1,23.9,80.3,4.6
Sydney,Australia,2022-08-04,5.0,2.0,3.8,3.61,0.7,43.4,0.6,11.1,32.2,8.0
Delhi,India,2024-02-02,157.1,102.0,150.6,2.71,37.4,39.0,18.0,15.7,62.8,9.1
Istanbul,Turkey,2016-01-21,84.2,50.2,74.6,0.58,8.5,74.3,12.1,-0.8,56.5,2.7
London,UK,2017-02-07,45.3,20.4,31.2,1.55,8.8,45.2,3.8,-0.2,56.3,12.8
Jakarta,Indonesia,2024-08-30,70.5,,67.6,3.63,13.6,29.0,6.5,1.0,28.6,0.8
Dhaka,Bangladesh,2022-12-02,211.8,118.9,226.1,1.13,32.5,76.5,20.0,30.5,56.9,7.3
Lagos,Nigeria,2017-05-10,78.8,51.6,69.9,1.76,18.5,50.4,10.9,-3.2,68.7,7.4
Mexico City,Mexico,2016-04-16,140.2,74.3,138.0,,22.8,62.2,13.9,9.5,51.0,13.5
Nairobi,Kenya,2020-01-08,38.8,18.9,29.2,1.31,8.1,28.8,5.1,5.2,64.9,2.3
Karachi,Pakistan,2023-08-06,208.9,131.8,237.1,4.19,25.1,60.7,16.0,30.4,91.8,13.6
Berlin,Germany,2022-05-25,36.5,18.7,29.0,0.87,4.4,43.1,5.4,20.6,66.6,7.3
Paris,France,2019-04-05,51.1,21.4,35.2,4.97,9.1,55.6,3.1,1.4,85.6,4.9
São Paulo,Brazil,2016-08-23,95.8,49.5,97.8,0.7,25.3,40.5,12.9,39.6,46.2,2.4
Delhi,India,2015-08-09,162.6,77.7,,1.97,18.7,71.4,22.1,13.6,65.9,9.8
Seoul,South Korea,2022-05-19,97.7,54.3,90.1,3.27,23.5,40.8,8.1,7.1,61.2,5.7
Nairobi,Kenya,2015-09-21,114.6,48.3,82.2,3.01,20.2,45.3,14.9,7.6,85.4,13.5
Sydney,Australia,2022-05-20,25.3,16.0,27.7,2.77,7.4,37.0,1.7,7.9,66.1,3.2
Lima,Peru,2018-09-05,62.3,38.8,53.1,4.12,18.7,67.3,6.1,20.6,20.5,3.5
Lima,Peru,2017-07-20,34.7,14.1,27.2,0.83,4.4,30.5,4.5,16.5,30.9,10.5
Seoul,South Korea,2021-11-09,58.3,24.3,45.1,3.24,16.6,52.8,3.3,13.2,69.3,6.1
Lima,Peru,2021-10-26,79.8,41.6,70.0,1.36,10.4,58.7,8.7,-4.8,41.4,9.8
Buenos Aires,Argentina,2019-10-24,96.9,46.5,82.9,3.58,12.2,59.9,8.1,2.8,57.5,7.1
Beijing,China,2020-01-31,119.4,50.8,94.1,0.8,16.9,51.0,11.5,39.5,64.2,5.2
Lima,Peru,2024-08-03,41.4,22.7,44.0,3.63,9.7,63.6,4.8,29.2,34.5,3.1
Ho Chi Minh City,Vietnam,2018-11-13,102.1,,120.4,2.96,10.6,34.1,13.3,5.9,74.8,3.2
Johannesburg,South Africa,2019-02-08,52.0,,40.6,3.34,6.3,48.0,6.1,17.2,70.6,12.3
Lima,Peru,2015-01-14,36.5,21.3,40.5,4.53,6.5,30.4,4.8,4.6,89.7,0.8
Istanbul,Turkey,2020-08-01,137.3,71.3,142.2,1.37,21.0,23.1,19.8,15.5,70.6,10.5
Jakarta,Indonesia,2018-08-18,133.7,80.2,135.7,3.64,33.5,31.2,8.2,-1.6,48.1,7.7
Cairo,Egypt,2016-10-05,126.8,79.7,133.2,1.33,28.3,78.0,7.9,17.8,,5.2
Lagos,Nigeria,2023-02-26,118.7,77.4,140.2,2.48,33.4,38.2,14.9,16.3,87.4,12.1
Wuhan,China,2023-10-31,179.5,111.6,203.0,2.67,18.4,35.7,14.8,33.3,83.1,2.0
Nairobi,Kenya,2015-10-05,46.9,21.3,33.9,1.31,12.7,65.0,4.0,25.7,33.8,6.0
Tehran,Iran,2018-09-24,154.5,93.3,139.5,1.44,16.0,40.8,15.9,7.5,72.5,6.5
Tokyo,Japan,2019-08-30,49.9,34.0,50.5,2.17,8.8,34.5,3.6,8.6,84.8,11.6
Cairo,Egypt,2017-08-08,121.0,81.2,111.7,,30.6,73.3,10.1,2.4,75.3,11.7
Lahore,Pakistan,2017-09-04,159.0,76.1,102.5,1.83,18.2,62.2,14.1,9.7,,3.8
Nairobi,Kenya,2015-11-29,80.7,38.5,52.9,3.62,10.2,46.6,9.1,20.0,93.3,11.9
Istanbul,Turkey,2022-06-10,91.9,46.6,60.8,3.75,27.6,44.4,13.7,1.4,42.2,3.0
Delhi,India,2019-07-15,162.2,109.0,183.2,2.49,41.7,26.1,20.7,5.9,41.1,9.2
Mumbai,India,2023-06-13,213.2,122.3,,3.95,32.4,69.6,19.6,2.9,46.3,4.1
Stockholm,Sweden,2015-08-02,5.0,3.0,5.1,3.35,0.8,66.2,0.3,20.7,40.7,8.2
Mexico City,Mexico,2019-09-06,92.8,59.1,113.8,3.79,12.5,36.5,13.2,14.7,90.6,6.2
Buenos Aires,Argentina,2024-01-30,71.5,28.8,45.5,4.58,19.8,31.2,6.4,32.6,63.3,12.8
Cairo,Egypt,2021-05-09,147.2,99.0,136.8,0.98,17.2,76.1,14.4,-2.1,44.1,5.6
Lima,Peru,2020-11-24,101.7,41.3,80.1,1.31,23.0,23.7,5.9,-4.6,62.4,9.6
Wuhan,China,2021-04-27,193.2,94.1,178.4,0.78,27.7,45.5,25.9,6.5,94.8,5.7
Jakarta,Indonesia,2015-06-06,130.9,61.9,107.7,1.35,23.2,71.4,16.2,2.0,65.6,9.6
Istanbul,Turkey,2015-01-04,72.2,,57.8,2.5,18.4,29.5,4.5,7.1,91.4,11.3
Johannesburg,South Africa,2016-05-15,45.3,26.8,43.5,4.83,6.5,55.3,5.4,32.2,50.5,10.5
Toronto,Canada,2024-03-06,21.8,11.6,22.3,4.76,5.3,42.5,2.9,-3.8,27.7,10.1
Chengdu,China,2021-07-20,157.4,83.3,147.8,3.91,30.7,32.8,20.0,9.4,33.1,9.7
Stockholm,Sweden,2016-10-08,48.1,33.2,57.9,4.93,8.1,78.3,3.1,-3.2,22.5,7.2
Wuhan,China,2015-11-25,98.3,49.2,85.9,1.07,24.9,54.9,13.9,11.4,93.7,8.8
Lahore,Pakistan,2021-02-02,174.4,71.2,128.8,4.14,19.3,54.7,22.7,20.2,24.8,10.6
Cairo,Egypt,2017-11-24,111.2,54.9,100.4,2.24,12.6,55.1,7.0,20.7,78.5,14.0
Toronto,Canada,2024-10-06,69.6,34.2,60.1,1.78,13.2,21.2,8.3,34.7,93.3,12.5
Dhaka,Bangladesh,2019-08-19,173.1,118.0,227.8,4.94,47.2,52.8,21.0,38.4,63.4,12.7
Bangkok,Thailand,2020-01-22,165.5,94.5,133.4,1.03,20.4,48.6,16.2,22.8,56.2,14.6
Dhaka,Bangladesh,2017-04-06,225.0,142.1,234.8,1.23,,36.3,20.7,18.8,66.9,12.8
Buenos Aires,Argentina,2016-01-23,99.3,53.5,72.9,,19.4,52.8,10.9,25.1,86.8,14.3
Karachi,Pakistan,2016-10-22,185.8,89.5,173.3,4.55,52.9,49.8,25.4,37.8,,6.6
Chengdu,China,2017-05-15,152.7,74.9,136.8,0.65,31.3,27.3,12.1,6.6,82.9,3.3
Ho Chi Minh City,Vietnam,2016-10-01,129.8,61.0,89.0,2.49,13.2,51.9,18.9,2.0,63.0,14.4
Cairo,Egypt,2015-04-09,173.7,113.8,213.4,1.75,48.3,76.5,17.3,11.0,51.1,5.3
Berlin,Germany,2022-01-23,74.2,40.0,54.6,4.05,10.0,26.9,8.3,12.9,24.5,5.7
Paris,France,2021-02-21,108.9,59.2,108.2,1.96,28.0,78.0,15.0,15.4,63.5,10.9
London,UK,2024-12-18,40.7,27.3,47.4,4.39,4.4,59.5,5.5,2.8,69.6,12.5
London,UK,2018-06-19,70.4,36.7,62.4,2.74,7.6,25.9,4.2,6.8,38.4,11.3
Johannesburg,South Africa,2022-02-05,29.0,19.0,34.2,4.39,3.2,63.2,3.0,32.1,58.0,8.3
Nairobi,Kenya,2023-03-15,74.9,45.0,67.1,0.39,8.5,77.4,6.3,34.1,92.0,14.2
Tehran,Iran,2019-09-27,130.6,58.2,,2.59,15.6,60.7,13.9,33.8,65.7,8.8
Sydney,Australia,2020-05-02,52.6,28.3,55.8,0.95,10.0,59.3,4.9,7.7,41.6,3.9
Mexico City,Mexico,2021-11-10,110.5,52.1,81.8,0.8,31.0,44.5,16.4,10.6,82.7,4.2
Mumbai,India,2024-05-07,212.7,87.1,150.2,1.76,40.1,69.1,15.9,8.9,83.4,7.6
Dhaka,Bangladesh,2016-01-04,134.9,60.7,117.9,4.51,40.0,44.1,17.8,13.7,54.1,12.5
Bangkok,Thailand,2024-03-18,50.4,23.5,35.7,4.0,8.8,41.5,7.6,12.3,38.6,9.5
Tehran,Iran,2016-03-01,117.5,71.6,109.2,4.07,34.6,22.6,17.5,6.4,51.5,11.8
Bangkok,Thailand,2017-11-22,87.1,55.2,89.7,4.61,22.5,38.6,12.6,38.2,51.1,10.0
Sydney,Australia,2019-06-12,42.8,20.1,37.3,2.81,6.2,23.1,5.4,9.2,48.2,7.5
Cairo,Egypt,2017-04-24,132.1,61.0,108.0,3.55,17.0,52.0,14.7,3.4,87.1,7.5
Tehran,Iran,2021-10-21,131.3,52.9,70.0,0.56,27.3,40.2,18.3,20.2,77.0,10.5
Los Angeles,USA,2017-03-01,5.0,3.1,5.2,2.11,0.9,70.3,0.5,12.0,33.5,7.7
Los Angeles,USA,2016-06-12,26.1,16.9,24.5,4.64,6.1,73.8,2.8,26.1,66.5,12.6
Chengdu,China,2023-11-04,138.7,73.3,128.0,2.87,36.6,69.1,15.2,-4.0,47.7,3.8
Toronto,Canada,2023-01-17,21.0,8.6,13.7,4.03,2.2,70.9,1.9,0.3,62.6,14.3
Tokyo,Japan,2023-02-22,65.1,43.4,63.0,0.8,14.5,69.3,7.0,38.3,79.7,10.7
Delhi,India,2017-07-05,186.2,85.6,112.9,4.58,51.8,33.1,23.8,-2.8,41.4,9.5
London,UK,2022-11-19,36.5,14.7,22.5,1.31,10.9,60.3,3.3,-1.6,64.9,9.8
Istanbul,Turkey,2017-09-16,41.8,21.1,35.1,4.7,10.3,54.6,2.8,1.7,57.7,11.1
Mumbai,India,2019-07-12,164.2,81.8,117.1,2.57,38.3,54.7,15.4,19.3,28.1,10.6
Lagos,Nigeria,2019-07-13,83.7,45.1,89.1,3.4,11.2,46.9,10.7,14.1,43.2,14.9
London,UK,2015-08-30,116.6,79.6,110.8,1.4,22.0,69.9,14.4,33.2,89.1,11.8
Stockholm,Sweden,2020-06-23,58.9,34.4,51.4,2.39,8.4,23.0,6.0,10.6,60.7,14.2
Karachi,Pakistan,2015-03-01,125.4,50.2,68.0,2.47,30.3,54.8,12.5,10.9,43.2,6.0
Sydney,Australia,2017-11-12,49.9,28.5,42.5,2.66,14.6,21.2,3.5,15.2,67.9,3.6
Karachi,Pakistan,2020-01-14,151.8,90.0,172.3,1.85,40.4,42.7,11.4,36.0,26.9,14.2
Stockholm,Sweden,2017-09-30,25.3,13.5,24.6,1.0,4.9,22.2,3.0,-2.4,26.5,12.7
Nairobi,Kenya,2018-06-07,121.5,55.9,95.9,2.74,22.1,74.3,15.2,1.8,62.8,1.8
Toronto,Canada,2017-12-10,37.6,25.1,35.5,1.27,6.4,42.0,4.7,22.0,61.5,9.2
São Paulo,Brazil,2016-01-31,106.4,66.6,117.8,4.11,27.4,29.2,7.8,7.0,81.4,12.3
Dhaka,Bangladesh,2016-02-17,211.6,104.5,139.5,2.57,59.8,67.4,18.3,-2.1,67.8,12.6
Sydney,Australia,2023-03-30,44.1,23.2,32.2,4.58,6.8,33.5,5.8,39.2,69.5,9.6
Johannesburg,South Africa,2015-08-02,132.4,90.0,150.9,2.47,27.9,38.7,18.6,30.9,72.9,9.0
Mumbai,India,2015-09-09,153.9,75.3,112.9,1.44,38.2,67.8,16.9,24.3,46.2,1.1
Lagos,Nigeria,2022-05-11,148.1,93.8,133.7,0.54,40.0,24.5,13.2,-0.8,62.3,5.8
Wuhan,China,2021-12-25,170.3,98.5,153.1,1.08,40.9,70.2,13.2,,25.6,8.2
Karachi,Pakistan,2019-05-28,162.3,72.7,115.1,0.37,,60.6,13.5,34.7,33.7,1.6
Karachi,Pakistan,2023-08-08,121.0,67.2,107.4,2.03,31.1,24.3,17.7,13.8,43.5,14.6
London,UK,2020-02-17,21.2,10.9,15.4,2.76,5.3,36.4,3.0,,25.0,9.8
Toronto,Canada,2015-06-16,76.0,52.1,95.8,1.24,22.5,75.2,5.0,20.1,61.7,6.9
Los Angeles,USA,2022-12-14,59.9,27.7,,3.96,8.9,43.6,8.7,29.3,63.0,3.7
Beijing,China,2015-07-06,143.0,90.4,169.5,1.45,33.2,25.7,7.5,19.7,36.8,1.6
Sydney,Australia,2016-05-13,78.4,47.0,85.1,1.74,12.0,56.1,5.5,31.7,59.2,3.8
Dhaka,Bangladesh,2020-06-14,174.7,119.4,162.1,,47.0,26.6,9.4,10.7,55.0,8.8
Tokyo,Japan,2018-06-23,63.9,44.4,72.6,,18.6,20.2,8.2,-3.6,77.1,14.1
Lahore,Pakistan,2023-02-25,176.0,83.1,121.3,2.61,23.6,60.4,15.3,9.5,54.6,8.4
Ho Chi Minh City,Vietnam,2022-08-05,170.0,83.6,167.0,0.79,22.3,73.5,10.5,12.2,75.0,12.0
Mexico City,Mexico,2017-01-02,141.1,64.0,119.9,2.66,16.3,64.0,19.6,2.3,74.4,7.0
Karachi,Pakistan,2017-09-19,166.4,113.2,174.2,3.26,17.0,62.7,18.4,27.2,87.8,2.6
Seoul,South Korea,2018-05-19,45.4,31.8,44.7,3.69,11.1,61.0,3.3,4.7,70.0,3.2
Seoul,South Korea,2024-12-20,12.1,5.9,11.7,2.69,2.6,77.0,1.4,38.1,28.0,12.8
Lahore,Pakistan,2019-11-22,165.2,106.2,201.8,1.58,30.0,63.6,9.9,29.0,28.3,13.8
São Paulo,Brazil,2016-04-03,50.7,24.4,38.6,2.59,5.1,73.3,2.6,29.8,55.3,8.1
Jakarta,Indonesia,2023-07-27,125.8,73.2,122.7,1.07,18.6,24.0,7.1,-4.4,36.5,10.4
Delhi,India,2019-05-25,154.0,88.2,135.7,3.48,38.2,55.1,11.9,17.9,38.9,13.6
Johannesburg,South Africa,2017-06-21,78.9,43.2,85.4,2.87,13.1,25.7,8.2,33.7,85.0,9.3
London,UK,2018-11-06,81.9,42.9,70.1,,22.6,67.5,4.3,0.6,84.0,12.6
Stockholm,Sweden,2015-01-11,51.2,29.4,56.9,4.58,13.1,32.6,6.3,-0.5,87.0,2.7
Stockholm,Sweden,2022-05-17,70.1,39.6,53.2,3.62,12.4,39.2,10.5,21.6,73.3,8.1
Cairo,Egypt,2024-02-27,146.0,91.3,,4.99,28.0,62.4,18.9,11.9,54.3,14.6
Lahore,Pakistan,2022-12-22,164.7,66.0,127.3,1.65,25.0,69.2,12.8,24.6,81.6,12.0
Buenos Aires,Argentina,2024-04-10,5.0,2.1,2.9,1.74,0.5,50.0,0.4,20.1,42.4,7.5
Jakarta,Indonesia,2021-08-02,136.4,82.1,154.5,4.41,32.9,61.2,7.6,-0.1,80.9,3.9
Sydney,Australia,2017-08-03,5.0,2.2,3.2,3.94,0.8,46.9,0.3,25.5,74.6,5.7
Tehran,Iran,2018-07-07,163.5,101.2,200.2,1.39,19.4,35.8,10.2,2.6,45.1,6.5
Bangkok,Thailand,2021-09-23,68.1,31.2,,4.11,18.8,75.8,8.5,30.5,52.8,7.9
Lagos,Nigeria,2017-12-18,96.6,60.7,103.3,4.13,11.1,57.3,7.2,35.6,28.2,12.7
Bangkok,Thailand,2020-10-27,96.4,39.3,57.6,1.87,21.7,27.9,9.0,4.2,84.1,1.2
Cairo,Egypt,2022-06-10,151.6,100.1,192.9,0.6,40.7,66.8,21.3,9.0,88.4,6.3
Toronto,Canada,2019-10-22,46.9,24.7,39.5,2.87,8.0,67.6,5.3,,37.3,14.6
Ho Chi Minh City,Vietnam,2021-09-23,148.8,67.3,90.4,2.78,31.3,31.3,12.6,37.6,41.4,2.8
Mumbai,India,2018-09-07,157.3,74.9,122.3,2.41,21.5,56.6,19.3,1.6,76.8,10.7
Stockholm,Sweden,2020-11-01,5.0,3.0,5.0,0.53,1.3,53.3,0.6,,74.1,6.5
Lima,Peru,2022-11-22,124.0,71.9,111.3,1.25,32.6,53.6,18.4,11.8,71.4,9.5
Mexico City,Mexico,2020-01-13,90.8,51.3,84.9,1.91,,51.1,7.5,8.2,75.4,1.5
Delhi,India,2022-02-15,192.6,114.8,166.0,2.99,30.9,70.6,16.4,5.3,59.8,2.5
Berlin,Germany,2017-03-02,74.8,38.9,73.2,2.62,8.9,33.4,9.1,35.3,27.1,13.0
Karachi,Pakistan,2023-07-22,191.8,97.2,173.3,1.18,50.4,59.4,18.0,33.9,30.4,12.8
Sydney,Australia,2018-05-06,48.4,29.5,46.8,4.36,7.9,36.5,3.9,,57.1,8.3
Delhi,India,2022-12-11,226.1,147.0,207.7,2.88,28.3,72.1,30.2,33.2,72.9,7.3
Mexico City,Mexico,2018-01-23,132.6,88.0,165.5,3.07,16.0,39.4,14.6,-4.4,23.2,10.3
Wuhan,China,2017-04-15,157.4,103.3,146.5,4.58,37.7,63.0,12.7,27.2,73.2,9.1
Chengdu,China,2019-04-11,148.9,79.5,122.4,3.63,39.7,32.9,21.6,25.5,36.4,5.9
Delhi,India,2015-03-05,195.9,113.5,160.9,3.56,48.5,48.8,11.6,22.5,47.9,14.3
Nairobi,Kenya,2020-02-02,86.0,54.5,77.0,2.41,21.4,21.2,4.5,25.5,74.4,12.8
Buenos Aires,Argentina,2016-03-26,46.2,23.9,40.3,3.86,10.5,39.6,3.9,29.3,60.1,1.9
Ho Chi Minh City,Vietnam,2024-05-05,97.4,43.5,63.7,2.3,15.3,62.1,10.1,32.0,74.3,2.4
São Paulo,Brazil,2019-10-26,32.7,,40.9,2.5,4.1,73.9,2.4,-3.4,,12.2
Berlin,Germany,2023-10-10,43.0,25.6,46.9,2.51,12.5,34.7,2.4,10.0,69.6,11.2
Wuhan,China,2018-03-02,144.3,62.5,120.0,1.62,20.5,56.9,10.3,17.9,50.5,3.9
Tehran,Iran,2018-04-29,83.7,43.0,78.1,1.09,18.9,60.7,10.9,33.1,31.9,2.5
Johannesburg,South Africa,2016-01-16,63.4,39.8,59.3,2.77,16.1,66.1,7.3,-1.5,23.8,6.1
Sydney,Australia,2023-07-13,56.4,33.7,65.0,2.44,6.1,65.8,7.4,-2.8,38.2,11.7
Los Angeles,USA,2017-04-10,120.5,65.3,122.5,0.74,28.4,32.9,6.8,24.8,29.1,11.3
Tehran,Iran,2021-02-06,135.5,71.3,100.6,4.32,29.2,42.1,7.7,21.6,28.7,11.3
Delhi,India,2024-07-07,175.6,98.9,138.9,4.0,28.4,33.4,17.0,36.5,42.3,13.6
Johannesburg,South Africa,2018-11-09,97.3,44.5,67.7,0.94,16.2,36.8,12.0,26.6,91.6,11.0
Sydney,Australia,2018-10-07,19.6,11.9,22.9,1.69,3.1,64.5,1.4,36.0,60.1,4.9
Lima,Peru,2023-11-13,76.0,52.8,93.3,0.83,11.6,50.9,10.3,3.3,27.8,1.6
Jakarta,Indonesia,2016-07-09,119.6,79.6,105.8,1.3,,69.6,15.6,30.3,29.7,6.3
Lagos,Nigeria,2018-11-01,110.4,67.6,133.0,2.41,14.1,60.1,16.1,26.4,80.2,6.6
Seoul,South Korea,2017-02-17,86.9,39.1,77.8,2.62,8.9,77.3,8.7,32.6,61.1,2.0
Stockholm,Sweden,2017-04-27,53.0,27.2,45.8,4.41,,24.3,6.9,20.0,53.7,3.2
Ho Chi Minh City,Vietnam,2019-02-08,89.3,43.2,77.9,2.24,19.1,24.9,5.6,-4.5,70.5,4.3
Tehran,Iran,2022-11-11,109.8,59.4,90.4,4.14,30.2,20.7,12.7,25.9,92.1,5.9
Chengdu,China,2016-09-28,117.5,65.4,105.5,4.02,33.0,25.2,15.8,35.9,89.3,11.6
São Paulo,Brazil,2022-05-12,69.2,36.2,65.7,2.38,17.4,50.6,5.5,4.1,51.6,1.0
Beijing,China,2017-01-04,156.5,65.8,126.0,3.0,35.9,37.3,11.4,26.9,,2.3
Seoul,South Korea,2023-09-11,81.2,33.1,44.5,3.94,20.4,42.9,5.3,17.4,44.9,5.9
Ho Chi Minh City,Vietnam,2024-12-23,138.7,58.1,107.7,3.21,37.0,50.2,20.6,38.3,40.4,6.1
Buenos Aires,Argentina,2015-07-20,69.9,41.7,68.0,2.07,12.9,71.0,10.3,-2.7,63.5,8.0
Seoul,South Korea,2015-10-27,88.3,57.9,98.6,1.77,16.7,41.4,8.2,-1.8,28.4,9.5
Cairo,Egypt,2019-05-19,168.5,115.1,219.0,2.27,24.2,38.7,18.3,33.5,72.6,8.4
São Paulo,Brazil,2018-01-05,100.0,55.8,110.6,4.14,25.6,51.0,8.3,-4.1,23.3,0.9
Lagos,Nigeria,2023-08-17,30.7,20.7,28.0,4.8,4.4,78.2,3.2,24.3,43.7,9.4
Stockholm,Sweden,2024-09-19,5.0,2.0,2.7,4.94,1.0,76.1,0.6,11.8,31.3,14.7
Sydney,Australia,2015-10-19,52.7,22.5,43.0,0.72,7.8,25.5,3.2,18.6,71.5,11.9
Ho Chi Minh City,Vietnam,2023-07-06,100.0,50.9,86.1,4.66,17.8,35.1,10.2,8.4,39.6,11.8
Johannesburg,South Africa,2018-10-14,135.7,61.9,104.2,3.29,26.9,27.0,16.7,32.8,67.6,3.0
Lagos,Nigeria,2016-08-04,110.4,45.4,85.6,3.6,23.5,73.4,6.7,27.2,31.0,1.4
Lima,Peru,2016-10-09,72.6,30.1,51.4,,7.4,65.5,4.8,37.4,64.5,1.8
Mumbai,India,2020-07-15,198.3,115.7,177.7,2.8,51.5,67.6,23.8,34.9,35.0,3.1
Karachi,Pakistan,2017-10-24,174.1,108.5,171.1,0.91,41.1,69.0,8.9,20.3,55.2,4.3
Bangkok,Thailand,2015-07-31,39.4,18.0,32.5,2.82,11.7,34.6,5.7,18.2,31.0,2.6
Nairobi,Kenya,2023-11-13,103.4,46.7,64.2,0.3,12.4,66.0,14.4,5.8,79.6,3.4
Stockholm,Sweden,2023-12-23,67.2,29.7,56.6,2.64,7.0,78.3,9.8,12.2,91.6,2.5
Chengdu,China,2020-08-16,141.9,89.9,140.7,0.33,25.9,33.7,16.8,3.8,83.2,4.4
Beijing,China,2020-06-29,138.0,67.5,118.2,0.78,27.0,40.1,19.1,-1.7,82.2,2.9
Wuhan,China,2017-12-24,156.0,86.8,172.8,0.46,30.0,43.2,13.1,9.9,87.1,0.8
Ho Chi Minh City,Vietnam,2015-11-04,127.0,60.4,94.8,2.27,20.4,25.6,7.8,8.4,81.6,2.5
Lima,Peru,2016-11-17,94.2,49.8,70.7,4.93,12.7,54.1,10.1,11.8,91.4,12.7
Cairo,Egypt,2020-06-25,119.4,82.7,134.0,0.76,30.2,42.8,8.2,,89.4,3.0
Buenos Aires,Argentina,2020-05-28,33.2,21.7,43.0,1.67,5.3,43.4,4.4,-4.5,36.8,10.7
São Paulo,Brazil,2019-04-05,72.8,36.4,69.5,4.61,21.1,36.4,10.3,28.2,31.6,9.3
Johannesburg,South Africa,2018-11-14,120.6,,109.1,3.25,16.4,76.8,14.2,-0.7,34.0,10.1
Tokyo,Japan,2019-01-07,87.3,54.2,81.2,3.39,11.8,52.6,12.7,23.3,23.7,14.8
Dhaka,Bangladesh,2018-01-05,183.0,89.4,127.3,1.14,49.7,72.4,17.7,-0.3,86.3,7.6
Paris,France,2023-08-06,101.7,53.1,82.6,2.77,22.5,48.0,14.2,9.3,63.4,4.8
Stockholm,Sweden,2024-09-18,14.1,8.3,16.4,2.76,1.9,39.2,1.9,10.8,74.3,11.8
Nairobi,Kenya,2019-11-09,95.2,60.4,91.9,2.73,22.6,30.1,7.4,24.3,69.2,7.7
Toronto,Canada,2016-11-02,71.1,44.2,67.1,2.16,16.6,73.7,4.8,18.2,28.9,4.6
Tokyo,Japan,2023-09-13,58.5,24.8,43.7,4.53,17.2,33.0,7.3,36.7,26.9,6.5
Cairo,Egypt,2018-06-11,101.9,54.5,83.3,1.63,21.2,49.0,10.0,-1.0,80.2,7.5
London,UK,2016-09-26,46.9,23.1,42.5,0.4,9.2,44.5,6.9,3.1,67.1,3.4
Stockholm,Sweden,2021-02-03,6.6,,5.7,1.8,1.0,33.5,0.3,-4.9,64.2,4.7
Istanbul,Turkey,2024-06-26,98.0,,,4.6,26.1,63.6,6.1,25.0,72.0,11.6
Tokyo,Japan,2016-06-30,98.7,50.9,89.8,0.71,22.6,56.4,7.0,31.8,85.6,3.6
Beijing,China,2020-10-16,205.9,119.7,195.8,2.31,51.9,78.2,20.1,-4.7,64.7,10.0
Nairobi,Kenya,2022-07-16,83.4,44.6,,0.6,23.1,50.7,11.5,10.3,69.0,14.4
Toronto,Canada,2019-03-12,5.0,3.4,4.5,2.19,0.6,38.6,0.3,22.9,78.6,7.9
Bangkok,Thailand,2023-03-06,95.2,50.7,97.0,4.84,14.4,24.0,11.0,17.6,62.4,1.2
Delhi,India,2016-01-04,140.8,66.1,101.5,,40.7,30.1,17.3,6.1,51.9,14.9
Paris,France,2019-05-23,50.0,34.7,65.5,2.39,11.9,49.1,4.3,23.2,77.7,9.7
Johannesburg,South Africa,2023-02-14,91.7,41.5,64.8,1.77,12.7,46.6,13.3,19.2,41.5,5.6
Mexico City,Mexico,2022-10-19,126.5,61.0,94.1,3.62,27.4,25.6,18.6,-2.8,26.2,10.7
Chengdu,China,2020-05-29,96.7,39.2,68.6,0.46,28.2,61.8,6.6,2.1,62.7,9.7
Karachi,Pakistan,2018-02-13,163.4,106.8,179.3,2.51,39.2,26.2,12.5,31.8,57.8,13.7
Stockholm,Sweden,2018-04-28,54.6,27.0,41.8,2.29,16.2,38.6,5.6,19.1,77.8,8.0
Dhaka,Bangladesh,2023-08-24,163.0,112.3,212.5,2.13,40.0,65.7,22.0,3.5,72.8,1.0
Johannesburg,South Africa,2016-08-27,97.6,61.8,115.5,3.08,21.1,65.0,13.7,14.0,28.6,12.7
Tokyo,Japan,2024-06-05,69.2,39.7,64.8,4.34,10.7,20.8,5.7,-4.6,60.8,6.0
Lahore,Pakistan,2024-07-22,140.5,94.1,127.0,2.96,37.8,79.3,16.8,12.1,50.9,5.6
Chengdu,China,2021-03-15,182.8,96.0,172.9,4.61,51.9,62.2,20.8,18.9,33.7,2.3
London,UK,2015-07-31,62.1,27.8,47.4,3.33,12.7,22.2,3.5,0.1,31.5,14.9
Paris,France,2017-08-05,41.9,24.7,43.4,1.12,11.9,68.0,3.1,16.9,54.4,5.6
Lima,Peru,2022-10-14,72.2,31.2,49.7,2.31,14.0,71.7,5.2,-0.4,66.3,3.0
Buenos Aires,Argentina,2016-07-09,22.6,13.7,23.5,0.88,5.2,56.5,2.3,13.1,91.6,12.8
São Paulo,Brazil,2022-06-03,154.4,62.0,,3.59,19.1,44.4,10.7,10.2,22.0,2.3
Berlin,Germany,2024-04-11,41.3,22.1,41.0,,4.9,32.6,5.3,25.5,26.9,10.2
Beijing,China,2017-11-01,188.6,78.0,135.0,2.08,37.8,51.7,24.0,20.1,64.5,5.3
Dhaka,Bangladesh,2023-10-26,141.9,73.3,111.3,3.61,21.6,53.6,13.6,,52.1,13.0
Karachi,Pakistan,2019-02-01,149.9,87.2,113.9,3.66,22.0,42.8,13.2,33.1,27.7,10.2
Berlin,Germany,2019-01-05,74.8,32.7,52.2,1.75,13.4,62.1,4.4,39.9,67.6,13.2
Beijing,China,2022-03-18,156.3,63.2,92.4,3.15,31.3,51.7,11.4,25.4,40.0,6.1
Sydney,Australia,2019-06-27,16.0,7.4,,0.81,2.3,56.4,2.0,24.7,55.6,1.3
Dhaka,Bangladesh,2018-01-09,183.0,109.9,213.1,3.58,26.3,38.9,9.7,22.6,66.0,11.0
Lagos,Nigeria,2021-08-27,127.3,56.3,86.9,3.3,25.3,26.9,7.5,30.2,31.7,3.0
Buenos Aires,Argentina,2019-10-19,88.0,51.3,88.5,2.55,18.8,56.1,12.9,5.0,36.1,1.3
Paris,France,2024-11-11,18.6,9.5,13.5,1.86,5.4,61.0,0.9,6.4,20.8,10.9
Sydney,Australia,2016-08-29,38.7,20.2,34.6,2.52,6.1,65.3,4.7,35.5,66.4,6.1
Jakarta,Indonesia,2019-10-12,164.0,107.4,208.1,1.15,26.7,59.0,17.3,24.4,52.5,6.5
London,UK,2023-03-05,89.9,52.8,75.1,3.45,26.4,35.4,5.8,-3.9,48.4,3.6
London,UK,2015-08-08,5.0,3.1,6.0,1.29,1.3,27.9,0.4,20.3,43.0,1.1
Istanbul,Turkey,2021-06-13,105.4,70.8,100.6,3.89,25.8,26.4,8.7,3.5,21.7,3.0
Mexico City,Mexico,2020-03-13,111.7,55.5,107.4,1.18,24.6,74.0,6.1,18.2,53.8,14.0
Beijing,China,2019-11-02,133.3,67.3,121.0,3.04,22.6,67.1,15.6,-4.8,84.9,6.3
Paris,France,2020-08-15,76.1,45.3,77.3,4.91,11.9,23.9,7.7,,54.1,9.5
Tokyo,Japan,2016-07-05,52.4,27.1,51.6,3.36,14.6,74.8,3.5,25.6,43.8,12.6
Lahore,Pakistan,2015-08-30,175.6,94.2,176.6,4.01,45.7,25.7,23.2,4.6,21.9,3.7
Tokyo,Japan,2024-11-28,46.8,29.1,42.3,0.83,10.7,79.0,5.2,26.1,62.1,11.8
Paris,France,2018-10-28,5.0,3.3,6.5,0.91,1.1,67.5,0.5,,69.1,4.4
Berlin,Germany,2024-07-28,78.3,54.6,95.4,4.4,20.5,59.1,10.5,7.9,67.8,9.1
Cairo,Egypt,2018-01-18,114.1,55.5,95.5,4.87,33.2,33.6,9.2,-3.4,49.9,12.6
Seoul,South Korea,2017-12-12,61.4,28.9,43.0,1.34,10.4,68.3,7.0,30.4,63.7,4.2
Beijing,China,2020-07-14,173.3,,134.2,0.52,21.0,46.4,16.9,31.7,71.0,2.7
Karachi,Pakistan,2018-08-12,187.2,90.9,126.0,1.65,46.0,34.5,25.0,16.1,44.2,6.5
Beijing,China,2022-09-09,152.9,103.5,139.3,4.71,16.1,66.3,15.8,17.8,25.5,4.0
Cairo,Egypt,2022-07-02,130.2,68.9,99.8,4.36,18.1,71.5,12.4,32.6,39.8,2.4
Buenos Aires,Argentina,2018-03-01,5.0,3.0,4.1,3.22,0.7,27.7,0.7,15.7,77.3,1.8
Istanbul,Turkey,2020-09-14,99.4,54.5,82.9,0.32,13.6,33.1,7.8,34.5,51.5,10.4
Lima,Peru,2015-06-19,57.7,28.4,37.9,2.23,15.6,42.7,8.1,34.0,24.6,4.9
Istanbul,Turkey,2022-09-17,115.9,47.4,87.0,4.56,29.5,64.6,15.6,,51.7,1.4
Lahore,Pakistan,2016-09-07,170.8,95.6,151.3,4.33,17.6,57.5,24.0,-0.4,91.9,14.5
Stockholm,Sweden,2022-12-16,57.5,31.0,48.5,3.62,9.4,24.1,8.1,23.6,35.5,0.8
Buenos Aires,Argentina,2020-12-21,46.7,19.0,24.7,1.26,9.3,47.5,5.1,29.7,48.3,2.8
Nairobi,Kenya,2016-01-29,119.5,59.7,89.6,3.89,34.3,74.9,7.6,17.6,27.0,14.4
Paris,France,2021-03-15,53.7,37.1,66.3,0.87,10.6,69.0,5.8,1.0,32.9,13.0
Lagos,Nigeria,2020-02-24,105.5,64.6,100.8,2.8,31.2,39.8,12.4,2.8,,11.9
Beijing,China,2020-08-05,131.9,62.3,120.7,1.66,34.8,37.2,19.0,36.2,23.2,11.7
Los Angeles,USA,2017-10-26,68.8,32.0,51.9,3.01,11.4,54.5,4.6,-4.0,62.8,8.0
Nairobi,Kenya,2018-04-22,102.7,55.2,72.1,3.26,24.1,51.3,12.2,9.6,31.2,10.1
Ho Chi Minh City,Vietnam,2022-10-08,138.5,75.9,123.9,3.11,14.7,79.4,16.9,14.1,34.3,1.7
Jakarta,Indonesia,2024-08-24,87.6,45.0,,3.46,20.1,71.8,6.3,23.7,27.6,8.4
Istanbul,Turkey,2015-07-17,73.1,34.0,53.5,4.19,9.5,46.1,10.5,17.7,74.4,12.5
São Paulo,Brazil,2023-04-12,101.0,63.2,84.9,1.82,18.2,69.7,9.3,36.7,94.7,11.8
Chengdu,China,2020-05-26,137.1,71.0,95.6,2.99,23.6,41.1,16.3,15.9,76.4,6.3
Los Angeles,USA,2020-05-30,73.9,47.3,68.3,2.14,21.1,27.4,5.6,6.8,62.8,6.5
Tehran,Iran,2020-02-29,138.4,81.5,111.6,3.15,27.9,49.6,7.9,23.8,52.3,6.5
Sydney,Australia,2016-11-13,53.3,36.5,53.3,1.79,12.9,68.9,8.0,7.3,61.7,2.4
Los Angeles,USA,2017-12-27,37.4,15.5,22.4,2.68,5.0,73.4,4.5,-3.8,85.8,14.7
Mexico City,Mexico,2018-05-07,76.3,32.5,53.5,0.54,15.3,35.2,7.5,13.8,42.9,7.0
Delhi,India,2024-06-25,153.6,99.9,176.3,2.34,43.2,65.3,8.8,1.9,26.1,5.1
Karachi,Pakistan,2021-12-14,205.6,83.4,133.4,2.23,59.5,34.5,12.8,1.4,59.0,6.2
Mumbai,India,2019-08-14,180.4,89.7,124.6,2.12,49.9,44.3,24.1,11.7,41.1,11.7
Istanbul,Turkey,2016-04-17,106.3,61.1,99.2,4.02,14.1,42.9,10.3,8.4,47.8,1.6
Berlin,Germany,2017-05-18,46.1,23.1,42.8,1.16,7.8,23.9,4.9,22.5,84.9,12.4
Sydney,Australia,2019-01-08,68.6,27.4,53.5,0.55,9.2,21.7,7.0,,82.9,9.8
Bangkok,Thailand,2023-08-18,92.1,60.9,111.3,1.55,24.0,72.6,11.0,-0.5,93.8,1.6
Mexico City,Mexico,2021-10-13,115.0,52.2,87.8,4.71,32.2,23.8,10.1,7.0,56.1,12.6
Berlin,Germany,2015-07-16,5.0,,3.9,3.37,0.7,26.2,0.4,0.6,46.4,14.1
Mexico City,Mexico,2016-04-28,114.3,67.4,,1.01,15.2,60.0,14.3,36.4,49.9,7.2
Cairo,Egypt,2023-03-22,169.8,81.7,124.9,4.28,28.7,72.1,13.7,10.3,62.0,2.0
Sydney,Australia,2022-07-29,51.0,,46.5,2.23,13.8,46.0,2.6,2.1,52.6,10.2
Lahore,Pakistan,2019-02-07,200.0,106.9,139.9,2.54,55.8,55.8,18.8,2.3,35.2,1.6
London,UK,2024-07-19,39.2,24.5,44.1,3.01,8.4,25.4,2.6,19.1,46.1,0.8
Nairobi,Kenya,2020-05-18,59.0,35.2,53.8,0.76,12.9,40.9,4.5,27.5,44.6,2.5
Stockholm,Sweden,2020-09-01,38.9,25.5,40.6,4.02,10.5,47.6,3.2,26.6,87.8,14.6
Lagos,Nigeria,2015-01-01,118.4,81.3,134.1,,35.2,72.7,14.1,35.3,71.1,6.9
Beijing,China,2019-06-09,178.6,104.6,137.3,3.7,45.5,63.4,22.6,14.4,94.5,11.7
Tokyo,Japan,2016-05-21,82.4,56.0,108.5,4.13,17.5,51.6,6.8,6.3,58.4,8.9
Lahore,Pakistan,2017-03-14,173.2,96.6,155.1,0.57,47.9,39.0,19.8,22.3,63.8,8.1
Johannesburg,South Africa,2017-02-24,113.7,55.1,91.8,4.01,21.2,32.2,6.7,24.8,51.8,2.3
São Paulo,Brazil,2021-01-29,81.4,40.0,78.1,,15.0,77.6,6.7,24.0,43.8,2.1
Seoul,South Korea,2022-08-31,41.1,21.9,34.7,4.47,9.1,68.2,5.4,0.4,69.0,14.3
São Paulo,Brazil,2020-09-26,94.1,43.4,62.4,2.34,18.5,50.2,13.7,-0.5,48.5,8.0
Chengdu,China,2019-08-21,209.2,142.4,257.7,,35.7,43.5,11.1,36.1,25.5,10.6
Ho Chi Minh City,Vietnam,2018-12-18,146.5,66.0,92.1,4.9,15.1,39.5,7.8,32.7,63.8,1.2
Sydney,Australia,2022-06-08,9.2,4.0,6.6,3.45,1.2,49.8,0.9,36.2,94.7,10.0
Tehran,Iran,2018-11-20,165.8,87.9,151.6,4.27,,21.5,10.0,36.9,62.6,14.9
Nairobi,Kenya,2016-02-24,90.1,58.1,91.3,1.51,19.8,72.7,11.0,16.2,76.5,10.5
Lima,Peru,2016-05-11,58.1,31.5,48.8,4.88,5.9,76.0,8.5,-2.7,86.7,7.3
Lagos,Nigeria,2020-01-19,99.5,49.4,85.5,4.87,21.1,52.0,5.3,32.8,23.4,13.6
Lagos,Nigeria,2021-02-10,104.5,73.0,110.5,1.57,12.9,55.8,6.2,29.5,88.9,14.0
Tehran,Iran,2015-05-26,102.4,58.1,79.5,2.99,26.9,52.3,14.1,31.1,40.7,9.6
Chengdu,China,2023-08-28,117.8,80.2,127.1,3.37,29.0,66.4,14.6,8.0,71.5,8.5
Tehran,Iran,2017-02-23,123.3,52.4,84.2,1.52,33.2,33.5,15.6,22.5,85.6,9.1
Johannesburg,South Africa,2022-01-29,98.5,64.4,85.9,2.63,25.9,70.9,13.1,22.2,,3.1
Delhi,India,2024-12-07,221.0,90.6,180.4,1.94,55.8,23.6,17.6,23.1,59.4,3.5
Wuhan,China,2015-09-28,163.2,70.0,122.2,1.03,34.2,27.7,14.7,10.8,76.7,9.8
Seoul,South Korea,2019-05-17,55.8,24.4,44.7,1.86,14.0,42.3,8.3,2.7,20.1,9.1
Toronto,Canada,2022-08-30,19.7,11.1,21.5,0.33,2.6,68.9,2.7,26.8,94.4,1.8
Johannesburg,South Africa,2024-10-22,97.2,58.9,105.5,4.03,27.6,41.7,5.3,11.3,70.4,3.6
Seoul,South Korea,2022-06-11,138.3,69.8,127.4,2.36,18.6,25.4,16.7,12.4,88.5,8.3
São Paulo,Brazil,2020-09-18,81.9,40.5,67.9,0.8,12.0,64.8,5.6,1.3,41.6,5.9
Lahore,Pakistan,2015-07-24,140.5,63.2,,2.19,23.5,67.5,14.4,20.9,62.0,6.3
Karachi,Pakistan,2018-03-26,159.7,65.7,95.3,1.64,44.1,75.1,21.5,13.8,88.6,1.9
London,UK,2024-02-19,73.9,36.1,49.8,3.67,10.0,26.7,7.8,22.9,23.8,0.6
Cairo,Egypt,2020-11-15,100.4,43.7,74.6,4.78,20.3,28.4,9.0,23.1,77.2,9.3
Paris,France,2017-08-28,37.3,22.8,39.0,0.51,9.7,56.3,5.2,13.8,56.8,6.4
Beijing,China,2018-12-21,130.3,81.5,147.3,1.67,29.6,40.3,17.4,-2.5,22.8,2.0
Los Angeles,USA,2016-08-03,36.5,23.4,31.3,4.57,10.0,32.5,2.1,-0.3,61.9,9.2
Tokyo,Japan,2017-08-11,51.0,25.0,41.7,1.74,14.6,43.0,3.7,1.6,67.4,5.2
Johannesburg,South Africa,2024-05-02,61.7,36.2,51.5,3.74,9.9,49.3,7.1,19.5,69.7,5.2
Berlin,Germany,2022-08-24,8.9,4.8,7.3,1.69,1.0,61.1,0.7,38.2,35.8,8.2
Mexico City,Mexico,2017-07-30,117.6,76.8,128.6,2.83,25.0,79.8,7.1,31.3,40.5,5.7
São Paulo,Brazil,2023-07-28,108.9,55.0,109.7,2.17,25.5,27.2,15.5,32.2,49.0,5.6
Delhi,India,2018-10-13,135.3,94.3,176.1,1.56,40.1,20.9,12.7,20.6,22.8,2.8
Johannesburg,South Africa,2020-01-04,71.7,44.2,,3.24,15.2,52.2,6.1,32.2,60.6,3.8
Dhaka,Bangladesh,2019-08-15,136.3,89.7,150.6,0.96,21.0,39.2,18.9,29.5,82.2,1.3
Seoul,South Korea,2020-08-13,115.8,81.0,149.8,0.87,27.3,64.7,11.7,-1.5,22.6,14.1
Ho Chi Minh City,Vietnam,2019-11-13,167.2,101.5,200.7,0.74,40.4,24.9,8.4,0.4,66.3,10.3
Lima,Peru,2024-02-19,59.8,24.7,43.1,0.7,7.7,50.8,5.0,15.9,67.6,2.8
Cairo,Egypt,2015-10-04,118.5,69.7,113.2,3.6,30.4,76.3,17.8,19.7,62.1,0.8
Tokyo,Japan,2015-10-09,61.4,25.1,43.8,0.76,9.7,28.4,3.9,-1.6,,6.6
Cairo,Egypt,2018-05-29,111.5,60.8,114.7,1.78,19.6,39.8,5.7,38.0,30.4,4.7
Mumbai,India,2019-12-01,149.5,81.8,159.7,0.77,28.1,21.3,19.0,23.9,72.5,7.3
Berlin,Germany,2023-05-22,54.0,32.9,54.7,1.19,8.8,25.5,5.0,22.4,28.9,9.6
Ho Chi Minh City,Vietnam,2018-03-05,52.7,26.4,38.5,4.5,12.6,26.3,4.8,25.3,63.1,9.5
São Paulo,Brazil,2019-01-06,61.4,37.6,74.9,2.13,15.8,34.8,4.8,37.1,21.9,3.7
Ho Chi Minh City,Vietnam,2022-06-10,160.9,83.8,145.8,1.21,18.4,42.2,16.5,20.3,65.1,8.5
Chengdu,China,2019-11-03,152.8,70.2,127.6,1.61,30.4,39.6,15.4,10.6,94.6,5.7
Chengdu,China,2018-10-30,164.7,109.7,191.7,2.96,35.2,49.8,21.5,-2.7,86.4,9.0
Mexico City,Mexico,2022-03-30,120.8,63.4,112.7,3.25,16.0,50.9,9.4,20.2,75.4,1.7
Dhaka,Bangladesh,2019-11-04,156.4,91.5,137.9,4.78,31.9,31.0,9.5,19.4,48.1,3.3
São Paulo,Brazil,2016-08-20,139.6,61.8,106.3,4.77,41.3,73.3,18.2,4.4,31.7,7.0
Beijing,China,2017-12-30,200.2,131.2,191.9,2.55,46.0,46.7,19.1,5.1,94.0,7.4
Ho Chi Minh City,Vietnam,2017-06-01,132.3,63.0,90.9,1.6,,54.2,11.7,35.4,23.1,1.1
Nairobi,Kenya,2017-01-18,34.6,15.2,,1.14,9.2,68.2,2.9,25.1,58.0,13.6
Mumbai,India,2021-12-12,166.6,86.2,123.6,3.6,39.3,52.9,20.0,23.8,78.2,4.0
London,UK,2021-05-23,57.8,30.6,54.7,3.55,14.0,38.5,6.7,11.5,90.8,5.5
Buenos Aires,Argentina,2020-10-25,76.0,40.4,62.7,2.32,12.5,59.2,10.9,0.7,62.1,13.5
Mumbai,India,2017-10-11,186.8,102.4,195.1,4.53,37.9,21.5,11.3,,29.3,2.7
Toronto,Canada,2022-07-15,47.9,30.6,55.9,3.25,9.9,40.7,6.2,3.5,22.7,10.6
Stockholm,Sweden,2020-11-25,30.5,20.5,37.6,3.13,5.0,58.3,3.0,8.1,90.9,2.8
Ho Chi Minh City,Vietnam,2015-05-17,180.3,121.9,226.8,3.89,46.5,49.6,9.8,3.9,,6.2
Tehran,Iran,2023-01-06,211.2,119.5,192.0,1.4,51.5,74.5,26.8,0.4,60.3,12.6
São Paulo,Brazil,2019-02-15,28.2,14.1,20.7,1.22,6.1,50.6,3.5,8.9,54.6,10.4
Beijing,China,2021-10-10,145.5,73.4,110.8,2.41,35.6,77.7,15.1,31.6,54.8,1.1
Delhi,India,2024-08-01,158.0,110.5,170.4,0.94,25.7,50.8,9.3,10.9,70.2,13.8
London,UK,2021-09-18,32.2,18.4,32.0,0.63,5.4,61.1,4.0,11.0,20.5,0.6
Lagos,Nigeria,2016-05-24,170.5,105.1,204.5,4.95,41.0,50.8,10.9,12.3,62.9,15.0
Mexico City,Mexico,2017-09-27,165.9,116.1,,3.91,25.2,20.2,12.0,30.5,28.0,4.8
Berlin,Germany,2016-03-27,79.2,55.0,71.9,2.59,15.9,37.6,8.1,25.3,70.5,1.8
Johannesburg,South Africa,2017-01-15,159.0,108.0,149.8,2.26,32.2,28.1,16.0,,90.2,7.0
Los Angeles,USA,2020-04-09,86.3,48.9,88.6,2.29,9.3,58.9,9.8,-1.8,32.8,7.4
Mexico City,Mexico,2022-06-08,105.3,65.9,103.5,3.42,25.4,58.7,11.5,31.3,69.3,12.6
Lagos,Nigeria,2024-04-17,95.5,47.6,65.1,3.55,20.9,55.4,9.3,19.4,20.6,1.9
Tehran,Iran,2022-10-17,114.0,54.5,75.0,1.84,17.2,21.8,10.4,-3.8,20.0,12.0
Tokyo,Japan,2015-03-12,7.5,5.1,9.2,2.04,1.1,28.3,0.9,15.4,37.4,13.8
São Paulo,Brazil,2018-03-14,97.6,54.9,104.4,,22.2,73.3,14.2,37.1,46.2,6.3
Wuhan,China,2020-04-02,211.4,100.4,182.2,2.09,34.3,77.4,23.0,6.4,93.7,6.1
Wuhan,China,2018-10-28,190.7,,187.8,2.82,28.2,47.9,15.5,19.6,70.2,9.4
Buenos Aires,Argentina,2019-06-09,79.8,52.8,80.2,4.2,13.3,67.7,4.5,24.5,70.8,7.6
Lagos,Nigeria,2020-12-14,84.5,57.2,103.7,4.82,16.0,51.7,6.5,39.4,24.1,5.7
Chengdu,China,2021-08-17,153.4,103.6,165.3,4.32,31.4,38.7,14.6,14.1,39.5,4.7
Tehran,Iran,2023-09-22,160.8,80.5,139.9,2.12,39.0,79.2,14.1,15.8,32.3,6.2
São Paulo,Brazil,2023-07-16,62.0,31.8,,3.23,18.1,74.3,4.0,-3.1,,8.1
Dhaka,Bangladesh,2016-07-10,159.0,70.0,97.1,0.52,43.0,76.9,9.8,4.6,26.7,13.2
Cairo,Egypt,2021-10-16,143.2,59.7,85.4,0.31,17.4,57.0,7.8,14.2,57.8,13.6
Sydney,Australia,2021-01-07,42.3,18.7,,3.46,5.2,33.9,6.3,-4.8,31.4,12.7
Buenos Aires,Argentina,2016-09-25,97.4,62.8,91.9,3.67,13.4,25.6,10.5,35.9,22.7,12.5
London,UK,2022-04-02,27.5,18.1,34.2,4.41,7.0,70.6,1.9,8.7,38.2,11.3
Lagos,Nigeria,2021-05-06,114.8,70.2,134.3,0.95,20.6,37.0,5.9,7.8,48.5,1.8
Ho Chi Minh City,Vietnam,2017-11-24,126.0,64.9,86.4,3.61,31.0,70.1,12.4,38.6,88.6,8.5
Berlin,Germany,2024-03-05,62.8,36.3,72.4,4.31,18.2,39.7,4.1,30.9,79.0,3.6
Cairo,Egypt,2022-03-01,133.1,76.5,105.3,2.66,38.1,50.4,17.2,-3.7,74.6,14.2
Jakarta,Indonesia,2018-12-11,156.6,105.7,150.4,2.2,,49.8,16.3,37.5,50.9,8.7
Tehran,Iran,2021-05-10,99.5,66.4,123.2,0.66,23.9,52.3,6.0,,34.4,10.8
Istanbul,Turkey,2015-06-13,112.3,58.1,95.2,3.09,29.0,70.9,6.5,35.7,90.3,9.1
Mexico City,Mexico,2022-11-18,126.5,81.7,137.5,4.14,33.3,25.2,14.0,16.7,91.0,4.8
Buenos Aires,Argentina,2022-04-30,30.9,17.6,30.5,2.26,9.1,27.9,2.8,14.4,67.3,6.4
Wuhan,China,2018-06-19,191.8,131.2,208.8,1.91,36.3,33.0,11.5,1.7,32.5,3.4
Cairo,Egypt,2024-03-03,173.9,69.6,135.3,4.17,50.9,41.6,20.3,2.6,81.3,2.8
Karachi,Pakistan,2016-01-29,212.2,116.1,199.3,2.93,25.5,45.3,30.2,34.3,64.3,8.8
Wuhan,China,2017-10-13,140.8,77.0,139.4,2.47,17.6,46.4,9.3,28.8,32.5,7.5
Jakarta,Indonesia,2021-12-21,96.8,45.3,61.3,2.95,10.7,55.3,12.1,9.8,56.6,14.0
Los Angeles,USA,2021-12-21,83.7,55.4,75.6,1.62,10.6,76.0,7.8,36.0,42.1,2.3
Mexico City,Mexico,2017-05-20,149.3,86.5,163.6,2.11,42.3,34.7,17.8,28.1,40.5,0.9
Nairobi,Kenya,2016-09-08,52.4,22.1,41.2,,12.4,66.8,4.8,1.5,79.6,7.1
Nairobi,Kenya,2019-03-20,104.1,55.3,80.3,1.1,25.9,54.5,9.4,17.1,61.2,4.0
Ho Chi Minh City,Vietnam,2019-06-23,105.4,58.0,82.4,2.15,18.7,37.2,15.8,-1.7,68.2,3.0
Nairobi,Kenya,2024-10-18,34.2,23.0,36.4,4.17,5.1,28.4,2.8,10.4,49.8,5.9
Buenos Aires,Argentina,2020-09-19,35.2,14.3,23.4,2.41,3.9,28.0,3.6,5.6,85.8,3.0
Nairobi,Kenya,2016-03-25,104.6,55.9,111.3,3.28,17.9,21.0,10.3,4.3,68.6,9.0
Istanbul,Turkey,2020-11-11,129.4,61.8,108.7,0.86,20.5,59.4,17.2,9.4,79.9,10.3
Sydney,Australia,2020-07-08,43.6,28.9,47.9,3.35,8.7,47.2,5.9,8.3,22.7,13.3
Buenos Aires,Argentina,2021-04-08,30.9,,25.3,2.29,3.6,55.9,1.6,23.3,70.5,7.6
Johannesburg,South Africa,2022-12-09,75.5,32.5,49.4,2.49,17.3,20.1,9.1,27.1,53.3,5.5
Nairobi,Kenya,2022-04-05,102.8,43.8,69.6,2.49,19.3,57.5,6.9,34.0,61.4,13.6
Johannesburg,South Africa,2015-11-23,82.8,48.8,77.5,2.67,20.6,33.6,5.8,26.6,59.1,3.9
Berlin,Germany,2022-01-01,98.9,39.6,67.8,3.15,24.6,73.4,9.3,10.4,27.7,5.4
Jakarta,Indonesia,2019-04-24,108.0,69.2,129.1,2.26,16.4,27.1,14.6,34.5,40.0,9.5
Delhi,India,2017-09-21,146.2,59.0,81.1,1.77,34.2,32.2,20.3,8.0,44.8,3.7
Cairo,Egypt,2018-05-10,137.5,81.4,126.1,2.07,37.0,62.8,16.1,-3.6,33.8,14.5
Jakarta,Indonesia,2019-03-23,104.4,65.7,90.9,0.5,20.2,55.5,8.6,27.2,57.2,14.0
Istanbul,Turkey,2015-04-30,134.6,56.5,109.3,3.44,31.5,21.7,19.4,29.7,77.3,13.7
Dhaka,Bangladesh,2022-08-11,161.6,,188.0,3.17,23.2,69.1,18.5,5.0,56.0,15.0
Nairobi,Kenya,2024-02-19,6.7,2.9,3.9,1.17,0.9,71.5,0.4,33.8,26.5,13.6
Lima,Peru,2023-10-20,42.1,21.7,29.6,3.02,7.1,71.1,2.9,7.6,33.3,8.7
Karachi,Pakistan,2023-05-22,180.8,82.6,146.6,0.65,45.0,26.3,19.6,39.9,33.0,4.3
Toronto,Canada,2021-12-07,35.8,20.4,30.7,4.32,8.9,58.5,5.1,21.0,58.4,14.6
Delhi,India,2018-08-30,250.2,110.7,156.5,4.95,57.7,38.4,18.7,-2.5,,13.7
Toronto,Canada,2023-05-20,36.6,21.3,34.8,4.44,10.9,76.0,4.0,-2.2,66.3,1.9
Buenos Aires,Argentina,2022-11-16,84.6,38.7,60.1,3.08,14.1,47.1,4.6,22.9,69.3,1.9
Seoul,South Korea,2021-02-18,67.2,31.2,53.1,3.54,11.9,70.9,9.8,20.6,54.2,12.7
Bangkok,Thailand,2021-01-07,132.0,60.0,105.6,3.1,17.7,72.3,17.9,32.6,49.9,12.5
Jakarta,Indonesia,2024-10-06,83.1,40.5,66.7,4.09,20.3,67.3,7.3,6.1,21.8,9.6
Tehran,Iran,2024-07-14,125.7,83.8,136.9,4.66,17.7,50.9,9.0,3.5,91.5,12.4
Karachi,Pakistan,2021-03-09,144.7,64.3,114.9,2.96,27.6,31.4,11.2,11.0,,14.8
Lagos,Nigeria,2015-11-09,90.1,45.3,67.7,0.51,13.0,74.1,12.1,2.5,47.5,5.0
Delhi,India,2021-10-07,209.1,110.5,,3.21,31.8,42.4,13.6,21.6,64.0,13.1
Karachi,Pakistan,2020-03-13,232.2,151.2,254.6,,59.2,25.5,18.6,2.6,58.4,12.6
Beijing,China,2021-10-14,141.1,94.7,164.6,4.89,21.0,75.4,12.1,23.0,33.1,11.5
Toronto,Canada,2022-05-22,86.3,54.9,,2.41,14.6,45.1,7.2,32.5,87.0,14.3
Dhaka,Bangladesh,2015-10-23,242.4,144.3,187.9,4.26,37.2,48.3,32.5,39.9,79.6,0.9
Tehran,Iran,2019-06-04,180.5,85.6,169.0,1.54,52.1,76.3,24.2,-0.6,20.1,12.0
São Paulo,Brazil,2024-10-13,84.3,42.0,72.4,2.88,13.4,36.1,8.3,16.3,42.7,4.3
Sydney,Australia,2020-07-31,87.1,57.4,107.4,1.31,12.0,68.6,6.0,17.7,36.6,6.0
Karachi,Pakistan,2015-03-24,174.8,92.6,124.1,3.16,24.8,71.0,18.3,28.0,70.5,5.5
Delhi,India,2016-06-08,192.5,125.7,228.9,3.95,33.1,76.6,17.8,35.4,84.3,2.3
Berlin,Germany,2021-03-01,75.1,42.2,70.6,4.52,15.1,48.3,8.3,18.3,53.5,3.1
Lima,Peru,2017-08-16,87.8,42.6,67.3,3.09,19.5,34.3,5.1,28.5,59.6,6.9
Stockholm,Sweden,2021-08-24,67.4,38.7,52.8,1.86,20.0,52.7,5.3,36.1,45.2,11.1
Karachi,Pakistan,2019-03-14,160.0,71.5,121.0,1.43,17.6,75.6,8.9,27.3,45.0,14.0
Paris,France,2021-01-20,76.7,48.5,67.2,3.63,21.6,30.7,10.3,0.2,62.6,5.4
Lahore,Pakistan,2020-08-29,118.1,57.9,85.8,3.79,17.1,44.5,9.1,5.7,67.0,1.2
Lagos,Nigeria,2019-07-26,148.1,68.7,123.4,2.28,17.1,65.1,18.7,7.2,88.7,11.6
Johannesburg,South Africa,2015-09-23,95.4,45.0,72.3,1.68,13.7,43.9,5.0,13.1,36.6,4.3
Seoul,South Korea,2017-06-12,61.7,38.5,76.7,0.86,9.5,60.9,4.5,-3.6,28.2,6.8
Lahore,Pakistan,2022-06-29,244.2,168.9,274.6,3.49,48.5,36.2,14.8,,31.4,1.9
Paris,France,2021-06-16,8.8,4.4,8.3,3.93,1.7,56.8,0.5,29.3,58.7,8.8
Berlin,Germany,2024-04-28,62.7,34.5,57.4,,12.5,65.0,5.8,-4.9,65.9,14.3
Wuhan,China,2023-04-22,191.0,108.9,151.3,2.02,36.1,76.1,22.1,34.4,76.8,5.0
Nairobi,Kenya,2015-01-16,81.5,37.4,59.3,4.09,18.1,69.5,6.2,28.7,35.2,8.4
Lahore,Pakistan,2019-04-06,137.3,69.8,123.3,2.93,28.8,50.6,19.8,37.1,47.0,5.6
Lahore,Pakistan,2022-09-05,175.1,75.0,113.5,1.39,25.3,58.3,15.5,2.7,86.6,13.2
Toronto,Canada,2016-02-17,22.4,9.7,14.4,1.33,6.2,79.2,2.9,27.8,64.1,11.7
Mexico City,Mexico,2018-07-18,105.7,61.3,86.4,1.07,22.9,40.0,14.9,22.5,70.7,0.6
Paris,France,2022-03-09,100.0,51.5,102.1,3.45,23.2,75.2,14.9,3.9,80.8,2.9
Beijing,China,2023-08-28,142.6,61.3,106.5,2.5,32.2,60.7,16.0,8.2,82.8,8.5
Los Angeles,USA,2021-09-25,114.2,50.0,77.4,,16.8,49.6,12.9,25.2,74.6,13.1
São Paulo,Brazil,2017-06-30,89.1,54.5,98.8,1.71,26.2,71.9,7.0,25.4,73.8,6.8
Dhaka,Bangladesh,2020-08-21,207.2,96.6,153.2,2.34,51.1,57.1,12.1,8.8,55.5,11.2
Cairo,Egypt,2020-09-28,168.7,92.3,127.6,1.68,25.5,66.9,11.5,15.9,70.3,14.5
Toronto,Canada,2018-07-06,65.2,42.9,84.4,2.39,11.9,47.6,7.6,29.9,85.3,7.1
Stockholm,Sweden,2023-11-25,53.9,32.0,54.8,1.15,5.8,49.3,8.0,3.8,60.3,10.2
Nairobi,Kenya,2017-09-28,143.7,92.6,142.0,4.53,28.3,59.7,8.7,17.2,21.2,6.2
Berlin,Germany,2020-07-16,44.7,29.9,53.0,4.02,8.7,71.1,6.1,11.1,48.3,7.9
Mexico City,Mexico,2023-03-30,73.4,46.2,67.1,0.97,15.6,60.3,7.9,24.5,28.7,7.4
Sydney,Australia,2024-11-12,27.6,11.5,17.3,4.73,8.2,69.5,1.6,20.3,50.0,12.2
Tehran,Iran,2019-01-09,138.5,61.9,110.6,4.16,33.4,46.4,19.1,1.2,39.5,7.6
Cairo,Egypt,2024-09-23,87.6,37.5,59.3,4.74,24.7,48.0,5.6,3.0,48.3,3.5
Seoul,South Korea,2017-08-12,109.9,53.6,98.9,3.95,21.8,25.8,15.6,25.1,,9.4
Istanbul,Turkey,2022-04-24,148.2,87.5,142.8,2.58,36.6,56.8,8.6,-2.1,42.9,6.7
Los Angeles,USA,2018-12-16,21.7,13.3,24.4,0.88,5.0,77.7,1.5,35.9,65.5,9.1
Lagos,Nigeria,2020-01-22,126.5,79.0,129.2,3.69,33.1,51.4,9.7,1.4,32.0,13.1
Beijing,China,2020-01-28,113.1,74.6,121.9,4.98,28.0,71.1,6.8,6.4,30.2,7.2
Wuhan,China,2021-08-09,127.4,57.4,79.9,3.19,18.6,48.8,7.0,25.6,60.6,9.9
Cairo,Egypt,2021-03-10,156.1,96.1,163.9,3.25,,71.4,19.8,21.6,88.9,2.9
Berlin,Germany,2020-11-15,22.9,15.7,23.9,0.37,5.6,20.4,3.1,-2.5,69.0,6.0
Lahore,Pakistan,2020-05-23,178.1,89.4,134.0,3.76,47.6,63.0,20.3,5.3,84.0,11.4
Cairo,Egypt,2018-07-24,143.1,79.2,134.5,4.19,35.5,71.4,14.4,23.1,84.1,3.9
Jakarta,Indonesia,2016-08-22,142.0,57.5,83.3,1.4,23.5,36.9,15.5,34.9,67.8,4.0
Lahore,Pakistan,2015-06-24,176.4,113.5,221.7,4.59,37.4,39.7,20.1,8.8,50.9,7.0
Bangkok,Thailand,2021-02-18,92.3,41.7,77.8,2.83,23.9,27.7,12.2,38.1,46.4,4.6
Cairo,Egypt,2020-05-22,73.8,43.6,60.1,4.66,,65.9,6.3,6.8,28.3,4.5
Nairobi,Kenya,2018-04-21,112.8,77.6,105.2,1.07,32.2,53.9,12.8,14.2,,8.0
Los Angeles,USA,2016-09-06,72.1,50.3,88.2,2.79,12.5,31.7,8.3,-2.2,91.7,9.9
Bangkok,Thailand,2023-07-17,136.4,61.9,102.1,2.97,24.4,35.2,19.2,-1.2,31.5,5.1
Seoul,South Korea,2019-09-24,98.1,55.9,87.2,2.19,26.3,21.6,5.0,-2.9,55.2,8.9
Dhaka,Bangladesh,2015-09-14,150.6,72.1,106.0,1.0,22.4,56.8,13.1,29.6,,3.6
Buenos Aires,Argentina,2021-01-28,83.2,48.1,91.6,4.22,15.4,58.9,6.6,23.5,88.5,9.6
Buenos Aires,Argentina,2018-02-05,87.3,38.5,63.1,1.81,12.9,43.8,7.8,4.5,50.3,9.7
Chengdu,China,2020-01-24,168.0,117.0,176.4,3.23,26.3,43.6,17.6,22.5,77.8,12.0
Ho Chi Minh City,Vietnam,2020-05-25,133.2,72.4,105.0,0.35,21.7,35.6,13.1,29.3,52.9,14.3
Toronto,Canada,2015-02-19,16.6,6.7,8.8,0.44,2.4,42.4,1.8,39.4,46.6,1.3
Ho Chi Minh City,Vietnam,2024-12-18,120.3,81.8,112.6,3.8,21.5,21.4,17.3,0.3,78.1,6.1
Lahore,Pakistan,2017-01-27,119.2,74.5,129.9,4.71,14.3,67.9,14.0,9.2,60.9,9.8
Mumbai,India,2022-01-30,170.9,76.3,127.7,2.35,47.6,63.0,12.1,-2.9,73.2,12.8
Tehran,Iran,2016-10-23,122.4,72.6,107.0,2.62,30.0,31.6,12.0,0.3,59.8,8.8
Ho Chi Minh City,Vietnam,2017-08-25,203.6,142.3,247.0,3.84,28.2,51.8,10.3,-3.6,44.2,7.3
Nairobi,Kenya,2016-05-16,54.3,36.2,66.6,1.71,13.5,53.0,6.9,13.5,26.9,9.5
Bangkok,Thailand,2024-06-16,89.5,46.0,85.3,4.11,21.7,25.0,7.6,-2.9,45.8,9.9
Dhaka,Bangladesh,2019-12-21,238.5,145.7,245.6,2.91,48.2,41.9,22.6,0.1,82.6,13.4
Cairo,Egypt,2018-03-27,129.0,86.8,155.0,2.09,19.1,24.3,8.6,39.7,,13.5
Bangkok,Thailand,2022-11-03,166.6,87.9,173.4,0.73,36.5,75.2,24.2,33.1,84.2,10.0
Lahore,Pakistan,2017-06-26,119.0,68.1,121.4,1.28,29.0,55.2,13.2,8.8,31.6,9.5
Lima,Peru,2017-05-16,80.5,40.4,60.9,1.93,15.9,78.5,10.2,33.3,57.9,8.1
Stockholm,Sweden,2015-03-08,12.5,,12.4,0.81,1.7,68.7,1.0,6.9,89.7,10.0
Mumbai,India,2022-01-23,229.2,101.6,151.4,3.09,57.4,36.5,31.4,-0.1,35.6,14.6
Wuhan,China,2017-03-25,159.0,75.6,129.7,3.39,32.0,64.0,14.6,-4.8,39.8,14.2
Buenos Aires,Argentina,2018-11-04,87.5,40.0,53.8,1.95,23.4,26.4,9.1,7.4,74.5,0.5
Buenos Aires,Argentina,2015-12-24,80.1,50.7,71.6,2.8,11.1,58.4,5.1,1.7,44.6,6.3
Buenos Aires,Argentina,2017-04-04,122.9,70.5,114.9,0.51,20.7,23.7,7.6,-0.8,31.9,12.3
Delhi,India,2015-10-15,232.5,160.0,254.9,2.03,68.7,66.3,29.7,22.0,58.0,8.5
Los Angeles,USA,2017-05-04,56.5,29.0,,4.57,12.1,42.9,6.8,3.2,92.6,10.0
Seoul,South Korea,2017-03-12,134.3,64.9,86.7,,35.8,35.1,16.3,13.4,24.5,4.9
Tokyo,Japan,2018-10-23,65.9,,87.9,1.29,12.3,78.6,6.0,10.7,28.2,11.4
Lahore,Pakistan,2016-07-28,174.8,79.1,112.6,4.72,48.6,56.6,8.8,14.5,59.8,7.0
Mexico City,Mexico,2022-05-05,177.7,73.3,128.8,1.78,37.7,59.4,16.7,1.7,58.9,14.0
Jakarta,Indonesia,2016-01-08,122.9,57.3,89.4,2.32,20.6,44.3,15.9,5.1,55.3,0.8
Tokyo,Japan,2019-05-06,56.6,24.5,36.8,1.83,6.6,41.6,5.7,14.4,41.0,4.8
Lagos,Nigeria,2016-12-24,127.4,88.3,173.2,0.76,19.4,72.1,6.7,21.6,91.6,10.3
Bangkok,Thailand,2023-02-21,149.7,96.1,135.4,0.33,25.1,49.5,18.0,30.2,69.8,9.6
Istanbul,Turkey,2017-02-07,78.3,,67.7,2.53,10.4,25.4,9.8,6.1,80.0,11.5
Johannesburg,South Africa,2023-02-27,94.5,63.6,89.8,4.05,17.4,31.0,13.6,38.3,58.4,7.3
Buenos Aires,Argentina,2021-06-27,19.2,10.1,19.1,4.34,5.5,37.3,2.3,-1.9,74.4,8.7
Stockholm,Sweden,2015-11-24,48.8,29.1,40.6,1.87,8.8,66.6,3.9,-2.8,33.6,9.3
Mumbai,India,2024-09-14,184.2,101.0,181.4,2.47,29.8,29.9,18.8,36.8,86.7,13.8
Mumbai,India,2019-08-20,183.1,75.1,118.8,1.65,28.0,77.2,13.5,0.8,29.4,12.2
Nairobi,Kenya,2023-06-29,70.2,,65.4,4.91,14.6,31.5,9.5,9.4,41.7,5.2
Lahore,Pakistan,2023-10-10,157.0,71.0,111.2,0.44,41.7,40.4,11.7,21.1,72.9,12.3
Toronto,Canada,2016-12-20,98.3,49.8,82.8,1.37,12.5,34.3,13.9,31.1,30.5,1.2
Bangkok,Thailand,2016-12-13,121.6,59.4,110.9,1.81,16.7,43.8,7.6,16.2,70.7,5.8
Stockholm,Sweden,2024-10-16,76.8,32.5,43.9,1.8,14.1,33.0,4.0,4.9,52.7,1.7
Istanbul,Turkey,2018-01-09,86.6,49.0,78.6,2.74,20.0,79.7,11.0,19.3,77.8,7.4
Wuhan,China,2016-09-21,141.0,56.5,80.5,0.89,41.2,23.9,14.1,36.4,65.6,7.7
Mexico City,Mexico,2024-04-30,65.1,32.9,47.3,4.28,7.2,68.5,3.9,23.2,55.8,15.0
Karachi,Pakistan,2024-07-24,199.6,,115.2,2.96,28.7,56.7,14.3,0.2,60.9,13.0
Dhaka,Bangladesh,2021-05-28,186.7,120.5,179.2,4.46,32.7,71.1,18.1,7.1,39.5,8.7
Cairo,Egypt,2018-04-12,125.4,62.8,91.9,0.31,29.9,55.4,16.4,-3.2,89.6,5.3
Johannesburg,South Africa,2016-01-22,98.6,42.6,77.6,3.02,16.9,24.7,10.9,-3.8,57.6,9.3
Mumbai,India,2024-09-17,145.6,90.2,176.0,4.88,42.1,72.8,21.7,11.9,91.1,11.5
Delhi,India,2015-07-05,141.5,58.5,84.9,3.96,32.0,33.5,17.6,1.4,81.6,12.0
Chengdu,China,2018-07-26,131.6,71.2,123.7,4.98,29.0,75.6,9.9,12.9,57.8,5.2
Ho Chi Minh City,Vietnam,2019-09-24,76.3,47.2,77.1,3.83,14.8,21.0,8.0,23.1,93.6,1.1
Ho Chi Minh City,Vietnam,2024-02-07,89.1,55.7,92.4,1.33,17.7,20.1,12.1,-4.4,20.5,9.4
Paris,France,2018-06-04,64.8,37.4,71.1,2.96,11.1,42.3,6.9,31.4,30.0,1.1
Tokyo,Japan,2023-08-30,92.1,63.8,94.2,1.21,15.5,72.7,4.7,-4.5,36.3,6.0
Beijing,China,2015-08-19,174.7,113.1,201.7,4.24,30.9,55.7,17.7,16.4,41.6,10.8
Paris,France,2020-06-29,5.0,2.2,3.7,4.86,0.7,35.0,0.5,23.8,65.0,8.1
Bangkok,Thailand,2018-06-04,71.0,46.4,92.8,2.49,21.2,63.8,8.2,23.8,88.3,14.2
Delhi,India,2017-09-16,201.2,103.5,151.4,0.78,44.1,62.0,14.0,25.3,87.5,4.0
London,UK,2022-03-07,44.7,29.1,,1.31,10.9,55.5,3.3,32.1,55.3,10.7
Chengdu,China,2015-12-15,142.5,72.6,114.3,1.27,39.2,26.8,15.1,31.6,63.6,5.2
Mumbai,India,2017-01-17,203.5,111.9,158.2,1.79,44.4,59.5,21.3,7.2,64.5,5.3
Seoul,South Korea,2019-03-21,80.6,40.4,77.8,0.97,17.5,67.0,6.2,33.0,77.7,7.5
Lima,Peru,2020-05-27,85.5,59.1,102.6,2.73,23.7,45.3,9.1,33.6,49.5,11.7
Wuhan,China,2017-02-17,162.9,73.2,102.2,2.45,39.5,56.2,22.1,12.5,83.3,1.0
Wuhan,China,2022-01-17,216.9,91.5,177.9,2.53,35.4,49.5,22.4,33.1,60.7,6.8
Berlin,Germany,2017-05-11,15.2,9.1,16.0,1.85,4.5,41.4,1.7,31.6,30.9,4.9
Los Angeles,USA,2020-11-12,98.3,62.4,116.0,1.5,9.9,45.4,11.7,23.0,53.4,4.9
Lahore,Pakistan,2017-02-05,182.0,84.7,135.3,3.22,48.4,53.0,12.3,37.8,26.8,5.8
Los Angeles,USA,2017-04-04,22.7,13.2,23.3,1.72,2.6,41.9,2.1,7.2,36.2,5.7
Buenos Aires,Argentina,2019-03-22,67.9,43.1,65.2,0.79,10.8,44.2,8.1,37.3,80.7,4.4
Nairobi,Kenya,2019-06-04,86.4,45.3,64.4,2.47,18.4,65.8,7.3,1.6,27.1,2.1
Lagos,Nigeria,2020-08-11,81.8,56.8,113.1,0.67,20.5,37.3,11.5,-1.0,86.6,0.5
Seoul,South Korea,2021-03-05,66.9,33.5,53.6,2.34,15.4,21.4,8.0,-4.0,33.9,9.3
Toronto,Canada,2016-07-19,9.0,3.7,7.4,0.99,2.4,31.9,0.8,26.2,90.9,0.8
Seoul,South Korea,2018-12-01,112.5,70.8,100.6,0.82,12.3,50.1,14.3,38.3,40.1,2.3
Berlin,Germany,2021-08-29,37.2,22.1,31.3,3.27,11.0,71.9,3.2,14.0,51.4,13.0
Cairo,Egypt,2019-05-11,117.4,81.4,152.5,3.95,,36.9,10.9,20.4,54.7,12.8
Lahore,Pakistan,2018-08-21,195.5,90.1,142.0,1.72,34.8,38.5,16.5,30.6,42.5,12.3
Buenos Aires,Argentina,2018-01-11,33.0,20.9,40.7,0.95,5.6,23.3,3.0,5.7,62.9,11.9
Delhi,India,2021-10-15,216.2,143.9,250.0,0.47,42.4,73.1,26.2,34.2,70.6,1.1
Lagos,Nigeria,2024-09-13,121.6,82.1,114.0,0.83,25.3,65.4,10.7,1.1,58.3,5.4
Karachi,Pakistan,2020-12-14,194.7,110.5,196.9,3.4,40.9,38.6,17.1,9.2,88.8,12.5
Johannesburg,South Africa,2021-02-22,99.3,66.9,128.5,4.66,14.3,63.1,11.0,28.0,39.8,10.6
Stockholm,Sweden,2022-06-21,43.4,20.1,28.8,3.67,9.1,53.4,5.4,33.5,37.9,8.6
Buenos Aires,Argentina,2020-10-16,80.2,53.1,79.7,0.79,11.8,76.7,7.7,13.8,21.0,1.2
Lahore,Pakistan,2016-11-26,216.5,93.8,145.0,4.12,29.2,73.0,13.5,2.6,55.8,14.2
Stockholm,Sweden,2021-08-28,85.3,50.1,83.3,1.84,20.0,70.2,5.6,10.3,70.2,11.5
Los Angeles,USA,2024-09-29,45.9,27.2,38.0,1.28,13.1,75.3,5.6,9.7,68.7,10.5
Delhi,India,2021-07-02,244.3,152.6,201.5,1.5,63.3,76.3,33.6,27.2,32.4,5.8
Johannesburg,South Africa,2024-04-27,67.7,38.7,76.9,2.19,10.9,29.0,4.4,18.3,76.2,8.7
Dhaka,Bangladesh,2017-10-06,237.2,96.5,165.3,0.87,33.9,63.0,19.3,2.3,63.3,3.6
Berlin,Germany,2024-06-16,84.2,52.4,85.7,2.44,21.7,31.6,5.5,24.9,50.7,10.8
Paris,France,2023-05-10,69.3,34.5,66.5,2.28,15.1,26.4,4.7,-3.4,51.8,14.8
Johannesburg,South Africa,2020-04-16,118.8,68.7,107.1,1.12,27.4,31.6,10.9,32.2,29.7,2.4
Nairobi,Kenya,2017-09-30,90.6,36.4,55.9,4.4,26.3,53.6,7.3,16.0,37.7,2.9
Wuhan,China,2023-10-27,134.4,90.4,128.2,2.92,34.3,32.8,10.7,,90.8,7.6
Johannesburg,South Africa,2019-05-13,111.9,72.6,123.3,0.56,21.3,46.1,7.2,13.9,41.2,10.6
Delhi,India,2015-10-11,142.2,90.7,172.0,1.29,34.5,56.9,17.7,30.5,69.6,14.4
Berlin,Germany,2019-05-20,34.2,16.0,31.1,1.99,8.4,70.9,3.2,-2.7,91.2,1.6
Mexico City,Mexico,2018-08-20,119.1,74.5,126.7,2.6,18.0,48.5,13.6,30.2,26.1,10.8
Beijing,China,2021-10-02,151.7,86.1,124.9,2.83,30.4,48.5,14.6,-0.0,33.7,1.9
Cairo,Egypt,2017-03-15,103.5,47.9,87.0,4.15,17.1,38.3,13.9,23.1,42.0,10.8
Mumbai,India,2016-09-15,155.4,89.5,178.6,1.72,44.5,39.2,16.2,15.7,78.7,1.4
Los Angeles,USA,2015-08-11,49.9,21.5,31.7,3.49,13.9,45.3,5.3,5.3,50.9,5.4
Ho Chi Minh City,Vietnam,2018-07-31,177.9,123.7,231.3,1.2,38.4,24.0,13.3,2.7,45.2,10.3
Lagos,Nigeria,2021-01-31,67.2,31.7,63.2,2.12,19.4,43.4,4.7,0.4,84.2,1.0
Johannesburg,South Africa,2018-01-09,55.9,27.6,43.0,0.43,14.4,78.2,7.1,18.3,82.1,12.9
Istanbul,Turkey,2017-07-12,91.7,62.5,110.8,3.4,16.2,52.0,7.4,18.3,76.0,8.6
Lahore,Pakistan,2015-01-05,150.5,,147.6,2.56,44.5,78.0,7.6,19.0,45.3,4.7
Karachi,Pakistan,2016-06-10,220.2,89.9,175.2,2.97,52.2,56.3,32.8,39.4,65.7,10.4
Cairo,Egypt,2016-04-14,118.4,58.4,83.8,2.19,28.0,23.4,12.0,13.4,59.6,13.0
Jakarta,Indonesia,2015-09-04,142.0,65.5,118.8,2.63,27.9,49.0,20.6,37.5,88.5,13.4
Tokyo,Japan,2017-08-01,94.8,49.3,95.0,3.85,18.1,66.4,6.7,22.0,60.0,8.8
Seoul,South Korea,2017-05-26,106.3,64.7,103.5,4.74,,27.3,12.5,0.8,44.2,3.8
Nairobi,Kenya,2017-06-27,117.9,59.4,83.9,4.02,22.8,47.3,16.3,19.2,73.2,5.3
Sydney,Australia,2016-12-22,6.7,4.1,7.0,2.34,1.6,39.0,0.8,19.8,38.4,10.2
Nairobi,Kenya,2024-05-30,111.4,54.9,102.7,1.88,29.4,23.1,5.7,0.1,85.5,8.2
Tokyo,Japan,2018-12-24,107.3,56.0,74.0,3.36,19.1,21.2,7.2,4.8,58.3,3.2
Cairo,Egypt,2015-05-11,92.7,57.9,108.1,4.04,22.1,52.5,9.7,37.9,85.8,9.9
Ho Chi Minh City,Vietnam,2023-04-06,105.4,42.4,78.8,2.29,24.1,37.2,6.8,25.4,53.8,3.9
Cairo,Egypt,2021-11-03,157.7,90.5,,1.63,39.0,31.0,13.2,28.5,69.5,4.4
Berlin,Germany,2020-05-25,32.4,20.6,30.4,2.85,3.8,47.9,2.2,4.5,47.5,11.5
Toronto,Canada,2018-09-13,5.0,2.6,3.6,1.62,1.0,72.2,0.7,23.7,46.3,10.6
Sydney,Australia,2024-06-30,5.0,2.4,3.2,2.27,1.1,67.3,0.7,39.7,26.6,7.7
London,UK,2017-08-27,64.8,41.5,61.7,0.63,10.5,79.0,9.1,12.8,85.7,1.0
Stockholm,Sweden,2020-08-21,5.0,2.3,4.4,3.19,1.5,28.1,0.4,9.0,86.0,4.2
Chengdu,China,2016-07-05,181.8,80.5,148.4,1.42,20.7,46.1,16.2,3.0,30.0,13.5
Tokyo,Japan,2015-04-25,52.7,36.1,49.1,4.14,14.7,42.7,4.2,25.5,72.7,11.8
Buenos Aires,Argentina,2015-05-23,53.5,26.4,42.3,4.1,15.4,47.3,3.1,37.2,26.0,2.8
Lagos,Nigeria,2022-11-09,48.9,33.2,65.5,1.85,13.4,60.7,3.8,37.4,24.7,5.1
Lima,Peru,2019-02-19,96.4,58.5,77.6,4.48,22.3,36.5,11.2,19.2,45.2,0.9
Mexico City,Mexico,2018-08-14,105.7,56.0,94.7,0.49,14.9,32.0,11.6,6.9,30.8,0.8
Stockholm,Sweden,2016-05-22,5.0,3.0,5.8,0.65,0.9,63.8,0.6,5.2,32.2,11.9
Tokyo,Japan,2023-12-01,80.5,48.9,94.6,1.06,21.2,31.8,4.2,18.3,43.9,1.1
Lagos,Nigeria,2019-05-18,115.0,69.0,133.3,5.0,,35.3,7.9,18.2,65.5,7.4
Lahore,Pakistan,2020-12-26,163.5,69.6,132.6,0.52,28.8,26.0,20.8,9.1,28.5,8.2
Sydney,Australia,2017-03-14,5.0,3.4,5.0,3.68,0.5,27.9,0.5,5.3,79.9,14.0
Tehran,Iran,2020-11-09,129.7,73.8,143.3,4.49,29.5,35.4,16.6,4.1,92.4,0.6
Stockholm,Sweden,2022-06-21,5.0,2.1,3.4,3.28,1.2,67.1,0.5,6.3,86.7,12.3
Dhaka,Bangladesh,2023-11-23,159.8,68.5,126.8,4.31,39.7,52.4,20.3,1.8,78.5,6.6
Seoul,South Korea,2023-11-02,78.2,,69.0,2.97,7.9,51.2,6.3,-2.4,53.5,5.0
Karachi,Pakistan,2019-07-01,138.1,67.7,93.4,0.7,39.0,74.2,18.3,5.4,74.4,9.1
Delhi,India,2018-05-20,165.0,110.5,220.9,3.63,24.1,53.3,10.1,8.4,73.8,4.9
Tehran,Iran,2024-06-12,140.6,97.1,159.1,1.3,27.1,56.1,18.3,15.4,33.0,3.2
Delhi,India,2015-09-21,176.1,82.9,150.0,1.56,43.0,24.7,12.5,13.4,58.6,5.6
Tokyo,Japan,2017-08-23,95.7,53.0,95.0,2.33,26.4,42.9,7.7,20.1,58.2,8.0
Wuhan,China,2016-10-09,125.0,72.1,138.4,3.21,13.0,72.2,16.8,-2.8,29.4,8.6
Buenos Aires,Argentina,2022-01-16,75.8,34.2,49.4,3.48,8.2,69.2,5.3,18.9,38.7,10.1
Lima,Peru,2021-09-30,73.0,49.9,80.5,4.41,15.7,74.9,5.8,19.7,49.3,1.5
Wuhan,China,2018-12-28,168.1,,120.7,1.42,49.7,44.0,13.7,13.8,28.7,3.3
Seoul,South Korea,2024-11-03,127.2,81.4,155.7,4.37,36.7,27.5,6.9,-0.2,65.1,8.6
Buenos Aires,Argentina,2016-03-19,24.7,13.9,18.9,4.06,7.0,43.2,3.1,19.7,,1.5
Mumbai,India,2022-01-21,132.1,76.8,102.0,4.23,38.8,25.0,9.9,25.4,80.5,5.5
Bangkok,Thailand,2018-12-02,92.4,39.2,78.3,1.15,10.1,44.6,5.7,39.0,48.6,12.5
Jakarta,Indonesia,2024-06-12,145.9,64.4,113.0,4.57,17.9,55.4,8.5,31.5,88.2,9.6
Cairo,Egypt,2022-11-25,112.9,70.9,113.8,0.67,30.6,79.6,10.8,18.0,25.9,6.1
Seoul,South Korea,2020-03-12,60.8,42.0,73.9,3.98,7.6,45.0,4.2,33.7,31.4,6.9
Cairo,Egypt,2015-06-05,120.9,66.4,,2.72,25.7,77.8,6.4,36.5,56.0,3.5
Tokyo,Japan,2017-06-23,127.9,71.0,103.6,3.25,24.9,61.3,15.2,16.3,49.3,1.4
Lima,Peru,2020-04-27,56.2,32.3,53.3,4.02,8.6,42.3,6.7,39.7,87.8,8.1
Seoul,South Korea,2022-07-29,77.3,43.2,69.4,3.13,13.7,36.8,9.3,34.2,41.6,10.7
Istanbul,Turkey,2020-03-05,122.4,83.5,129.1,3.87,20.0,68.2,15.4,29.5,94.8,2.5
Dhaka,Bangladesh,2020-07-20,130.2,83.4,129.0,0.38,25.6,79.8,11.1,38.3,27.6,3.0
Chengdu,China,2022-02-26,207.8,136.9,202.1,3.51,46.0,71.7,19.3,-2.7,63.1,14.4
Beijing,China,2016-01-28,160.2,75.6,115.1,3.9,26.4,34.3,18.4,-2.9,32.8,6.4
Karachi,Pakistan,2017-05-27,146.7,74.6,138.6,2.25,31.9,29.8,8.4,34.6,44.9,5.6
Lahore,Pakistan,2023-02-02,160.9,98.5,180.2,3.51,19.5,77.5,22.7,5.6,80.3,6.4
São Paulo,Brazil,2022-01-01,84.3,36.9,61.9,,16.1,60.1,11.6,2.4,87.0,6.2
Lima,Peru,2020-01-08,37.5,16.1,27.4,2.21,8.2,34.0,3.3,38.8,90.2,13.0
Cairo,Egypt,2024-03-16,126.5,78.2,116.0,0.46,23.2,45.5,7.1,9.4,88.8,4.1
Mexico City,Mexico,2022-02-15,73.6,,76.6,3.37,9.7,28.6,7.8,-2.9,49.5,6.3
Ho Chi Minh City,Vietnam,2017-06-26,98.6,39.8,74.2,4.8,15.6,26.7,14.3,28.3,86.8,5.7
Nairobi,Kenya,2016-11-24,43.3,29.4,47.7,3.46,10.4,70.2,6.4,10.1,38.6,1.6
Bangkok,Thailand,2018-01-13,95.0,62.7,103.8,4.24,20.0,38.8,6.0,,,9.2
Chengdu,China,2022-06-22,157.7,,116.6,4.06,46.5,51.6,9.9,31.5,72.2,14.3
Wuhan,China,2019-07-27,170.2,95.6,125.3,2.53,17.1,64.3,18.1,-0.1,81.0,8.3
São Paulo,Brazil,2023-03-17,76.8,34.4,64.6,1.97,20.3,24.2,5.7,29.4,68.1,4.9
Tokyo,Japan,2022-12-05,74.4,45.3,62.7,2.91,21.3,57.1,7.7,11.5,79.2,13.7
Lagos,Nigeria,2019-08-29,98.1,60.6,86.9,4.22,10.6,65.4,7.0,16.9,72.1,11.5
São Paulo,Brazil,2019-12-04,52.0,36.3,52.5,3.43,15.1,73.8,4.9,23.7,59.7,5.5
Bangkok,Thailand,2023-05-05,77.9,49.9,68.1,3.17,17.1,40.1,5.0,31.0,54.6,11.0
Beijing,China,2021-03-13,155.9,94.5,125.9,0.48,16.6,61.9,16.2,11.7,70.7,8.5
Mexico City,Mexico,2024-07-31,104.9,68.4,105.6,2.18,,31.2,5.4,35.9,57.9,5.6
Tehran,Iran,2017-06-11,62.1,42.2,57.5,,10.5,24.2,4.4,23.3,22.1,9.1
Seoul,South Korea,2015-10-29,91.0,58.1,89.6,0.95,17.6,43.6,13.4,39.5,50.8,2.7
Istanbul,Turkey,2024-07-08,96.7,49.3,79.5,4.54,13.2,68.4,5.0,36.4,57.5,3.8
Johannesburg,South Africa,2017-02-02,133.7,75.9,111.7,3.27,20.9,25.3,13.4,20.4,53.9,7.1
Bangkok,Thailand,2015-12-09,66.9,30.7,43.0,3.56,13.8,45.8,8.7,9.7,62.6,1.6
Nairobi,Kenya,2018-06-09,82.4,50.1,93.3,4.46,20.7,70.7,7.0,10.5,90.8,13.8
Sydney,Australia,2023-05-05,64.2,33.5,61.5,,12.4,51.6,5.3,-2.5,68.9,2.2
Lagos,Nigeria,2015-12-02,95.9,48.4,68.0,3.43,12.9,66.7,7.2,7.9,45.8,2.7
Lahore,Pakistan,2015-12-03,114.2,57.3,100.9,3.91,19.5,35.7,11.4,30.4,68.3,1.1
Dhaka,Bangladesh,2022-04-17,149.6,104.3,161.4,2.37,23.6,49.9,9.9,6.1,73.4,2.5
Toronto,Canada,2019-04-07,60.5,30.1,49.1,4.55,6.9,71.4,6.4,24.9,,11.5
Cairo,Egypt,2019-06-29,77.4,53.4,99.2,2.62,22.0,30.1,11.5,27.3,27.4,8.3
Beijing,China,2022-06-08,121.8,57.8,84.8,4.66,17.9,77.7,8.7,12.3,20.9,13.6
London,UK,2018-04-15,101.8,51.6,97.5,4.02,27.3,74.8,14.4,29.7,63.7,8.6
Lahore,Pakistan,2018-07-16,142.5,92.4,156.0,4.94,20.2,63.4,14.9,36.9,39.9,1.4
Paris,France,2017-02-02,70.4,39.2,59.5,4.94,8.0,54.2,5.4,-4.9,94.1,7.5
London,UK,2022-05-05,56.5,30.4,58.5,2.03,10.3,35.3,5.4,39.4,63.0,12.6
Sydney,Australia,2016-02-24,47.5,32.6,42.7,4.67,13.3,24.0,5.2,,50.3,1.8
Beijing,China,2023-04-28,112.8,62.5,111.2,0.7,30.9,55.6,16.8,-3.8,82.4,12.0
Stockholm,Sweden,2016-05-29,31.4,15.7,30.2,2.74,5.7,74.3,1.9,16.3,68.9,9.3
Delhi,India,2023-04-07,232.3,133.7,237.8,1.5,61.9,47.0,34.6,-4.0,48.5,3.1
Tehran,Iran,2015-04-25,155.9,71.9,115.6,2.39,,72.1,18.0,23.5,28.3,8.8
Ho Chi Minh City,Vietnam,2022-12-11,113.4,67.0,114.5,1.34,17.3,66.4,14.7,17.2,31.2,1.3
Lahore,Pakistan,2017-01-20,161.6,100.1,172.2,3.68,31.4,65.3,15.8,-1.2,26.0,12.6
Lahore,Pakistan,2019-05-14,153.4,91.1,181.5,1.01,19.7,48.1,17.5,-3.8,57.5,1.7
Cairo,Egypt,2019-02-26,141.7,87.0,158.0,3.73,16.0,67.2,13.2,16.4,51.5,12.9
Lagos,Nigeria,2023-08-25,148.1,95.0,123.8,2.55,16.1,38.4,19.3,37.5,38.2,0.8
Ho Chi Minh City,Vietnam,2024-03-23,130.0,65.1,115.4,2.63,23.4,33.8,17.3,6.2,24.1,8.7
Mumbai,India,2015-12-30,166.7,115.0,164.5,,32.7,73.4,20.4,1.5,52.9,8.4
Lima,Peru,2020-04-28,81.8,46.7,,3.9,14.4,79.2,11.8,26.8,86.2,6.2
Los Angeles,USA,2020-03-08,72.2,39.1,65.5,4.36,18.7,39.3,4.2,2.3,45.4,4.9
Mumbai,India,2017-02-08,169.9,90.0,123.6,1.34,43.7,49.7,14.8,3.3,85.0,13.6
Sydney,Australia,2021-12-12,33.0,14.2,18.7,0.9,7.4,39.3,3.8,17.9,45.0,3.7
Paris,France,2020-06-07,72.5,43.5,69.3,4.85,8.2,69.8,7.2,-4.8,39.8,6.4
London,UK,2024-01-26,59.3,37.7,68.1,4.2,13.1,20.7,5.3,4.9,52.6,7.3
Tehran,Iran,2015-11-05,142.3,57.9,80.9,4.33,35.7,67.9,11.0,5.6,22.8,7.3
Karachi,Pakistan,2017-10-17,184.8,81.9,163.1,3.92,45.1,33.0,26.0,16.3,,10.0
Toronto,Canada,2017-02-10,67.4,45.3,86.0,2.49,9.3,49.8,4.4,7.1,56.2,0.8
Stockholm,Sweden,2023-11-16,40.3,16.4,27.4,3.95,6.0,62.5,4.9,23.7,47.3,11.9
Karachi,Pakistan,2020-10-20,161.5,104.3,153.4,1.39,28.6,24.4,13.5,13.3,57.1,4.2
Karachi,Pakistan,2015-09-06,192.5,102.7,185.1,0.82,40.2,77.6,22.5,31.9,39.6,12.1
London,UK,2020-11-09,31.2,17.0,24.4,2.58,6.3,57.3,4.3,8.7,93.8,12.8
Toronto,Canada,2021-06-25,52.8,25.8,36.0,0.41,8.4,33.0,3.2,,40.1,0.6
Wuhan,China,2024-02-13,151.1,86.7,117.7,0.45,18.4,55.5,8.5,20.6,68.9,2.6
Jakarta,Indonesia,2019-02-02,140.2,65.9,90.8,4.76,31.5,23.6,7.9,22.5,60.5,1.5
Lagos,Nigeria,2022-07-09,90.4,61.3,104.3,2.37,13.6,28.0,8.2,36.5,23.7,14.9
Los Angeles,USA,2016-04-19,38.9,,36.7,3.43,8.1,43.9,4.8,-3.9,60.6,2.2
Tokyo,Japan,2019-12-28,56.8,36.2,50.6,4.7,15.8,44.9,2.9,30.5,86.1,3.0
Nairobi,Kenya,2019-12-06,78.2,50.0,80.6,2.95,12.8,29.6,9.7,-4.9,63.5,13.0
Mexico City,Mexico,2018-03-26,135.8,67.9,116.2,1.46,36.6,42.0,14.7,5.2,23.1,3.0
Beijing,China,2020-05-29,233.4,96.5,131.5,2.58,60.6,57.7,14.1,34.9,88.8,5.2
Chengdu,China,2015-12-18,133.4,73.1,143.2,2.69,39.0,32.0,11.3,30.2,78.8,11.1
London,UK,2022-09-17,73.3,39.4,64.2,,16.4,44.4,4.7,-0.2,89.3,0.9
Mexico City,Mexico,2018-11-28,152.2,81.2,120.5,2.21,18.8,27.9,19.8,29.2,,10.2
Sydney,Australia,2024-05-14,28.4,13.7,24.1,2.05,,44.5,3.6,16.4,42.5,12.6
Tehran,Iran,2023-03-31,194.7,,172.5,0.57,46.4,66.9,17.5,2.9,22.2,9.7
Berlin,Germany,2020-06-10,5.0,3.5,6.1,2.3,1.4,61.0,0.6,27.8,75.4,7.6
Dhaka,Bangladesh,2021-08-05,153.4,103.2,170.0,1.31,31.3,22.1,18.8,0.7,28.4,14.2
Beijing,China,2022-11-21,115.8,75.6,149.6,2.69,25.0,34.6,12.6,13.0,83.4,6.0
Karachi,Pakistan,2015-03-17,155.5,71.7,97.7,0.49,28.5,29.8,23.2,30.9,72.0,12.1
Buenos Aires,Argentina,2016-04-20,94.9,52.5,76.4,2.73,10.8,40.8,9.7,5.3,69.5,1.3
Delhi,India,2016-04-22,144.8,88.9,142.4,4.41,32.8,77.5,11.4,37.2,,11.3
Paris,France,2024-04-04,81.2,45.7,78.6,2.39,10.5,53.2,12.0,30.4,76.1,9.8
São Paulo,Brazil,2022-09-23,84.7,38.2,55.6,0.33,19.9,68.7,6.5,-0.9,45.2,4.7
Buenos Aires,Argentina,2022-11-26,39.7,26.7,41.0,3.99,8.9,40.3,5.2,21.8,20.6,1.5
Istanbul,Turkey,2018-08-06,57.8,30.2,49.7,1.91,8.7,41.5,4.0,25.5,27.6,8.0
Johannesburg,South Africa,2024-01-31,71.5,43.7,74.3,4.1,10.5,67.5,5.7,0.1,30.1,3.7
Los Angeles,USA,2018-10-26,45.8,21.7,37.3,1.51,7.9,73.4,4.6,22.0,34.2,2.4
Stockholm,Sweden,2021-05-12,17.3,10.2,19.4,4.69,5.2,65.8,1.0,34.2,86.4,8.6
Sydney,Australia,2020-06-20,52.4,28.4,41.2,2.38,12.8,60.1,6.7,,58.3,14.1
Lahore,Pakistan,2023-06-23,194.0,114.8,222.7,1.98,36.0,42.8,24.5,34.1,46.8,2.6
Lahore,Pakistan,2015-09-19,206.0,143.3,206.7,2.42,31.8,75.4,21.7,21.0,20.6,10.0
Bangkok,Thailand,2015-08-31,105.5,56.4,109.6,0.35,31.4,48.8,11.9,11.2,83.9,8.6
Berlin,Germany,2020-09-12,5.0,2.1,3.9,1.66,1.3,56.5,0.4,21.7,68.4,10.7
Dhaka,Bangladesh,2016-01-28,206.8,96.4,127.3,2.99,34.1,79.1,12.5,-2.9,23.4,3.6
Paris,France,2017-08-27,40.1,22.1,34.2,0.72,5.9,31.0,5.0,30.1,78.3,14.6
Delhi,India,2016-04-04,193.4,89.8,138.0,1.95,37.8,45.3,27.7,27.4,26.1,5.7
Seoul,South Korea,2022-03-22,119.0,57.6,113.5,3.61,12.1,39.7,11.2,22.1,57.5,1.5
Paris,France,2018-10-15,49.7,23.6,33.0,1.65,6.0,37.0,6.8,8.8,55.3,8.0
Karachi,Pakistan,2021-07-14,137.2,69.3,98.2,4.46,40.8,23.0,14.5,6.8,82.4,5.5
Beijing,China,2024-05-19,224.0,147.2,239.9,4.27,38.7,30.5,21.4,17.4,55.9,12.2
Los Angeles,USA,2019-03-15,115.9,77.2,128.2,1.36,14.6,72.1,6.4,0.3,24.8,6.6
Sydney,Australia,2016-11-08,44.5,26.0,46.0,0.81,5.0,78.1,3.7,33.0,72.8,9.3
Karachi,Pakistan,2024-10-09,164.0,70.0,111.2,3.15,44.9,62.9,12.3,39.3,68.2,7.8
Sydney,Australia,2022-08-28,82.0,48.0,68.4,2.85,12.8,54.2,5.1,5.4,80.7,6.4
Seoul,South Korea,2016-08-28,108.0,59.3,91.3,2.63,28.4,36.9,10.0,4.1,46.3,13.3
Toronto,Canada,2018-05-20,11.5,6.1,11.2,0.51,2.9,60.8,0.7,23.6,42.4,3.1
Berlin,Germany,2022-02-20,32.2,14.9,27.9,3.79,,52.0,1.9,11.5,82.9,6.3
Bangkok,Thailand,2023-07-23,98.0,39.6,51.7,1.66,10.1,42.5,5.5,-3.2,70.2,13.6
Stockholm,Sweden,2015-08-05,45.5,29.6,39.1,3.96,5.1,70.3,6.3,30.4,81.6,8.6
Mexico City,Mexico,2022-12-22,84.8,34.0,55.6,3.36,8.7,57.3,9.8,2.1,52.3,14.5
Wuhan,China,2018-11-26,219.7,115.0,177.6,0.88,23.5,37.8,31.6,38.1,80.9,5.6
Seoul,South Korea,2019-10-20,136.5,72.0,128.4,3.81,,50.1,17.6,-3.9,71.0,3.9
Beijing,China,2015-05-21,193.6,82.7,118.7,4.96,35.4,75.7,12.8,4.2,61.8,5.6
Seoul,South Korea,2016-06-16,76.4,43.7,66.6,3.61,17.6,43.8,5.9,22.6,90.7,2.4
Mexico City,Mexico,2019-09-05,149.3,84.0,140.2,4.82,33.0,69.8,15.1,6.2,72.1,13.9
Bangkok,Thailand,2020-04-04,81.6,45.3,77.0,1.21,11.9,65.5,10.0,32.8,90.0,5.0
Cairo,Egypt,2021-09-08,99.7,59.8,117.9,1.58,15.4,62.3,14.2,32.1,74.5,6.1
Mexico City,Mexico,2024-11-08,128.9,77.7,103.6,3.4,25.2,77.7,14.3,22.4,94.6,1.9
Wuhan,China,2019-07-24,182.5,108.9,165.6,1.93,50.8,54.8,11.0,9.0,25.7,8.6
London,UK,2021-02-04,52.1,21.8,32.9,3.2,8.7,50.8,7.3,10.8,45.2,12.4
São Paulo,Brazil,2023-06-24,112.8,47.8,68.2,4.76,32.3,33.5,11.9,1.2,70.6,3.2
Dhaka,Bangladesh,2016-02-19,159.3,68.9,129.8,3.88,37.7,74.7,15.8,0.8,24.6,5.1
Chengdu,China,2015-12-10,189.2,106.0,138.9,2.39,25.7,42.1,22.2,10.8,45.6,14.9
Dhaka,Bangladesh,2015-05-18,254.9,149.4,196.7,0.68,58.6,41.9,14.2,8.4,29.8,13.8
Ho Chi Minh City,Vietnam,2019-05-26,143.9,63.8,110.9,2.75,31.0,46.2,13.9,30.0,36.5,6.2
Paris,France,2024-03-17,30.0,13.7,18.0,1.57,3.3,29.3,2.6,-4.1,76.5,12.0
Lagos,Nigeria,2021-06-10,82.9,57.6,102.3,3.8,11.5,70.2,12.0,5.6,71.5,11.3
Sydney,Australia,2020-08-23,7.2,3.3,4.4,2.93,1.6,75.0,0.8,6.7,24.5,13.3
Bangkok,Thailand,2022-06-22,98.3,61.0,80.0,2.59,16.2,21.8,12.5,18.1,45.0,12.2
Wuhan,China,2024-02-04,181.4,117.0,165.3,2.53,19.6,41.3,22.3,5.7,28.8,7.9
Cairo,Egypt,2023-04-11,114.2,68.8,126.1,3.57,30.7,33.4,12.2,11.2,92.2,6.9
Sydney,Australia,2023-10-10,13.6,7.8,14.6,2.23,2.9,24.7,1.8,30.8,54.2,2.2
Berlin,Germany,2016-01-23,62.5,35.7,69.5,1.62,6.7,35.3,5.8,2.0,93.5,3.7
Buenos Aires,Argentina,2022-06-14,87.0,60.8,107.3,2.24,17.0,32.3,5.2,21.0,80.4,4.3
Mumbai,India,2021-09-20,181.3,102.7,198.8,0.95,26.7,75.1,9.8,24.5,68.0,6.1
Lagos,Nigeria,2016-11-11,103.6,48.6,80.7,2.23,22.3,75.3,14.7,5.4,42.7,2.8
Bangkok,Thailand,2023-11-07,106.8,55.5,,,21.6,27.2,10.0,23.4,73.9,9.9
Ho Chi Minh City,Vietnam,2018-12-27,162.4,107.8,143.7,0.5,37.1,52.9,10.6,19.7,93.1,9.6
Chengdu,China,2021-10-20,132.9,61.6,98.0,2.78,26.7,75.3,10.5,-2.5,88.7,3.6
Buenos Aires,Argentina,2019-10-17,78.0,,70.6,3.04,23.0,69.1,5.2,31.1,83.1,10.5
Lagos,Nigeria,2024-01-25,110.8,59.0,103.2,3.77,13.8,35.4,7.7,32.9,71.0,7.0
São Paulo,Brazil,2020-10-16,93.9,39.7,65.8,3.62,13.3,39.6,8.6,30.7,57.0,7.6
Delhi,India,2021-06-15,187.3,87.8,170.8,1.79,40.0,28.9,17.5,35.7,94.7,5.7
Toronto,Canada,2019-07-19,6.3,3.7,6.2,3.91,1.5,35.1,0.8,33.1,64.9,14.0
Lagos,Nigeria,2022-09-19,73.8,42.7,82.6,3.12,15.1,41.4,10.2,0.5,55.5,8.3
Lahore,Pakistan,2015-12-08,172.5,82.3,156.3,3.39,,36.6,19.6,27.1,48.8,12.3
Toronto,Canada,2024-11-09,105.4,61.0,105.5,2.81,23.8,30.0,12.5,10.1,53.9,5.3
Mexico City,Mexico,2017-03-29,142.4,77.6,118.5,2.59,33.9,40.8,13.0,20.3,42.1,3.5
Beijing,China,2023-05-02,171.7,86.8,115.8,3.04,23.2,42.6,13.2,23.4,83.8,9.7
Lima,Peru,2016-09-02,38.8,18.9,,2.57,7.3,54.0,5.5,8.9,33.6,9.1
Lagos,Nigeria,2016-12-05,84.7,35.5,59.1,2.94,20.2,79.7,7.8,18.0,25.6,12.6
Mexico City,Mexico,2019-05-07,104.3,52.3,80.0,4.77,30.9,78.4,12.6,-0.0,49.0,4.7
Johannesburg,South Africa,2022-06-20,106.5,66.0,101.6,0.99,26.6,47.5,6.1,30.6,63.9,7.6
Bangkok,Thailand,2019-09-28,136.5,63.2,124.4,4.59,21.3,59.5,18.5,11.2,,4.2
Istanbul,Turkey,2018-07-17,149.8,80.7,145.3,3.36,24.2,32.5,9.4,-3.9,26.1,4.2
São Paulo,Brazil,2021-11-13,82.5,39.0,64.8,3.83,12.6,40.9,10.1,19.6,27.1,11.5
Lagos,Nigeria,2018-06-01,73.7,35.6,64.7,3.97,15.2,27.3,10.6,33.0,30.5,1.3
São Paulo,Brazil,2016-06-16,41.1,,29.9,0.66,6.5,77.7,2.7,9.0,,5.4
Wuhan,China,2015-11-22,227.7,135.4,188.4,4.87,35.3,67.1,17.9,7.4,24.3,2.2
Lagos,Nigeria,2023-01-26,75.5,38.3,59.3,1.97,12.2,65.8,9.0,10.4,31.0,8.0
Beijing,China,2019-02-05,143.4,57.5,87.2,4.67,23.1,33.5,17.6,28.5,55.4,14.2
Mumbai,India,2020-12-01,185.3,94.6,,0.93,23.4,75.8,11.0,-4.8,49.2,2.0
London,UK,2018-01-26,53.6,21.7,36.5,2.6,,58.0,7.7,13.1,87.1,12.3
Lagos,Nigeria,2019-04-27,112.6,76.1,109.0,0.89,16.7,23.6,9.2,7.7,51.2,7.2
Sydney,Australia,2023-10-14,79.5,46.6,67.9,0.87,19.2,21.4,6.9,1.5,86.2,12.5
Sydney,Australia,2016-04-01,5.0,2.3,3.5,4.13,0.6,58.9,0.7,15.2,87.6,13.6
São Paulo,Brazil,2019-12-12,93.3,57.7,75.1,4.47,25.9,52.5,5.8,25.2,30.3,7.9
Tehran,Iran,2016-08-25,88.8,57.6,107.2,4.99,13.4,23.7,8.4,-1.2,33.4,9.2
Wuhan,China,2022-08-20,185.1,76.4,,2.79,28.4,72.3,12.2,6.4,31.8,2.2
Wuhan,China,2021-09-20,188.9,99.8,174.2,4.66,50.8,24.1,25.4,15.3,46.3,10.2
Los Angeles,USA,2019-08-16,26.1,11.2,20.6,1.26,4.6,72.4,2.7,-2.0,58.1,11.9
Sydney,Australia,2017-07-22,28.9,19.6,34.4,3.73,7.4,25.4,3.1,11.9,30.4,3.4
Sydney,Australia,2018-08-05,5.0,2.2,3.4,1.64,0.5,47.7,0.6,-4.0,28.4,10.9
Dhaka,Bangladesh,2017-09-21,146.4,93.9,153.6,3.17,17.3,32.3,18.6,,26.9,9.2
Wuhan,China,2024-10-14,182.8,106.4,184.4,2.65,36.3,75.4,18.9,22.8,40.0,13.1
Stockholm,Sweden,2021-01-16,5.0,2.9,4.5,3.67,0.5,44.4,0.7,6.3,24.0,7.7
Lagos,Nigeria,2018-01-20,140.8,59.0,79.6,3.1,21.1,44.6,18.7,3.9,73.9,7.8
Chengdu,China,2015-10-15,159.6,,167.3,1.8,23.2,77.9,14.9,-4.9,82.8,9.2
Mumbai,India,2022-01-16,194.1,79.4,119.4,4.66,55.6,38.7,25.9,14.9,69.1,5.3
Mexico City,Mexico,2016-05-05,100.5,44.4,66.8,4.89,29.5,69.7,7.4,14.9,53.0,6.1
Wuhan,China,2022-04-18,155.5,87.2,117.7,4.07,37.1,41.2,17.8,5.5,39.9,5.1
Seoul,South Korea,2024-12-20,95.6,56.5,96.6,0.92,19.1,31.8,10.2,15.1,71.0,14.7
Tokyo,Japan,2023-05-07,78.9,46.2,88.0,,20.5,34.4,8.2,39.6,93.8,5.1
Dhaka,Bangladesh,2024-07-18,163.8,102.4,144.7,4.73,30.6,56.9,12.8,16.4,76.6,7.6
Buenos Aires,Argentina,2022-01-21,67.8,41.6,56.4,3.15,15.1,42.9,5.6,-2.2,53.5,5.4
Cairo,Egypt,2023-11-02,116.4,72.9,134.5,2.56,13.4,66.8,6.9,33.1,45.1,9.8
Tokyo,Japan,2018-06-29,119.3,61.5,106.0,4.29,29.1,73.8,7.0,-1.8,73.5,6.3
Bangkok,Thailand,2015-08-03,104.5,43.9,60.4,4.2,10.9,47.0,13.3,3.8,34.0,5.0
Buenos Aires,Argentina,2024-08-05,66.0,39.8,57.3,1.37,14.2,78.0,9.3,33.9,59.8,4.8
Dhaka,Bangladesh,2019-06-02,215.0,87.0,145.4,1.89,32.2,59.7,24.9,-3.3,,5.7
Nairobi,Kenya,2023-08-07,64.1,37.2,63.5,3.26,17.2,73.2,7.9,-1.4,92.1,14.2
Mexico City,Mexico,2020-05-05,60.2,37.7,72.2,3.43,13.6,31.6,5.2,27.5,21.3,9.8
Lima,Peru,2021-09-07,78.5,39.3,53.2,4.15,10.1,42.2,9.5,31.8,84.7,8.2
Johannesburg,South Africa,2021-05-02,96.3,55.2,88.6,2.05,18.9,41.9,8.1,39.7,45.2,4.2
Dhaka,Bangladesh,2023-02-14,209.7,121.0,234.5,4.0,56.3,71.5,29.8,5.6,54.4,6.1
Ho Chi Minh City,Vietnam,2017-01-11,97.2,56.9,89.2,1.76,16.6,68.2,10.7,38.8,82.4,7.5
Chengdu,China,2021-07-12,210.8,126.9,229.6,2.48,30.8,53.4,15.9,37.3,67.2,4.7
Nairobi,Kenya,2015-07-26,109.7,63.5,109.9,,18.9,76.2,10.7,-4.1,46.1,2.4
Paris,France,2019-12-27,78.9,46.0,60.5,4.39,17.5,37.7,6.4,16.0,38.6,0.6
Toronto,Canada,2018-04-22,13.8,5.6,10.6,1.59,2.8,30.8,0.8,28.5,29.4,0.9
Ho Chi Minh City,Vietnam,2016-01-17,120.1,48.5,77.9,1.66,19.7,20.2,17.6,18.3,62.9,10.2
Beijing,China,2019-02-09,150.9,77.2,144.8,4.37,19.2,52.6,17.9,-1.2,89.7,8.0
Mumbai,India,2020-08-27,226.6,102.8,152.6,0.87,34.6,49.5,30.2,19.0,38.3,1.1
Toronto,Canada,2021-07-09,46.3,21.4,27.8,4.87,,43.8,2.5,35.2,30.5,5.4
Dhaka,Bangladesh,2018-06-07,213.8,137.5,213.3,2.8,39.7,38.7,30.9,30.9,33.1,8.5
Mumbai,India,2019-09-29,173.7,73.2,100.6,1.45,35.2,79.2,22.6,-0.0,73.8,12.3
Sydney,Australia,2016-06-06,116.0,57.9,98.9,2.74,17.7,43.8,12.1,21.1,59.9,12.8
São Paulo,Brazil,2019-06-07,115.6,68.8,133.7,3.06,26.3,62.3,7.9,28.9,42.5,6.7
Paris,France,2015-04-25,24.2,15.8,31.1,0.58,5.5,77.6,2.7,30.9,28.9,4.1
Lahore,Pakistan,2023-08-07,169.0,103.9,188.3,2.97,46.6,29.5,9.4,8.7,26.6,1.4
Buenos Aires,Argentina,2020-01-17,95.5,51.1,96.8,0.37,11.8,61.1,14.0,23.9,39.6,8.0
Lagos,Nigeria,2017-12-28,41.9,21.6,42.7,3.68,10.0,33.9,4.4,11.1,38.0,13.5
Stockholm,Sweden,2021-10-22,45.1,21.9,42.7,1.23,11.2,59.2,6.4,32.4,72.9,5.1
Karachi,Pakistan,2021-08-14,154.3,92.8,128.8,3.92,19.6,39.5,11.4,-2.3,40.3,13.7
Sydney,Australia,2017-04-13,5.0,2.0,3.6,2.02,0.7,50.5,0.4,,73.7,2.2
Karachi,Pakistan,2021-04-30,141.4,61.6,116.8,3.49,22.4,21.0,20.3,13.2,33.2,13.7
Wuhan,China,2022-10-12,189.5,102.1,182.7,4.15,22.7,73.9,27.1,6.7,57.3,12.9
Johannesburg,South Africa,2021-02-26,130.2,78.1,135.7,2.05,29.4,26.2,11.8,3.5,60.3,4.3
Dhaka,Bangladesh,2022-02-21,192.8,122.1,195.8,1.33,27.9,74.4,24.7,-3.4,90.7,2.1
Lima,Peru,2015-07-23,57.0,27.8,51.3,1.74,11.2,61.9,3.3,32.5,23.1,4.3
Tokyo,Japan,2022-12-29,62.0,41.8,76.6,1.37,18.4,44.8,5.4,33.9,25.0,8.6
Cairo,Egypt,2024-04-20,132.8,58.4,112.3,3.06,19.5,38.4,13.5,27.6,56.6,3.2
Bangkok,Thailand,2016-09-05,72.1,31.4,58.6,2.16,16.6,40.7,8.4,35.0,72.6,10.2
São Paulo,Brazil,2018-06-13,128.4,78.4,116.3,3.05,16.7,27.3,16.5,26.2,77.6,2.7
Los Angeles,USA,2022-03-08,71.5,31.5,60.1,1.96,8.7,37.2,4.9,17.1,,5.3
Jakarta,Indonesia,2021-06-03,128.3,65.3,130.1,1.18,26.3,67.8,6.4,26.6,40.0,3.0
Paris,France,2018-09-24,72.9,50.3,96.9,1.3,9.0,41.8,8.0,34.0,92.5,11.4
Delhi,India,2023-08-25,208.4,136.2,207.9,0.49,38.5,78.2,27.0,-3.5,85.6,7.3
Beijing,China,2020-05-04,229.7,115.8,198.7,2.79,53.1,54.4,14.8,6.6,83.1,10.1
Bangkok,Thailand,2020-05-26,70.7,42.0,82.4,3.09,19.2,74.3,6.8,16.3,38.7,9.2
Johannesburg,South Africa,2015-07-03,45.5,26.9,51.7,3.88,10.5,70.3,5.6,18.8,59.1,2.1
Tokyo,Japan,2022-11-18,5.0,3.2,4.5,4.04,1.2,74.0,0.4,2.9,76.9,9.0
Mexico City,Mexico,2024-03-09,167.7,117.3,168.4,2.23,23.2,71.6,8.7,1.1,38.6,11.7
Istanbul,Turkey,2021-05-08,76.9,42.0,57.4,1.57,15.1,77.5,11.3,28.5,49.2,13.0
Beijing,China,2024-10-10,148.7,100.1,174.9,1.25,17.6,74.9,8.3,8.3,56.5,0.8
Jakarta,Indonesia,2021-05-30,116.1,69.6,102.2,2.66,17.6,77.1,6.5,7.4,87.0,7.5
Karachi,Pakistan,2020-04-09,201.3,119.8,161.8,0.38,57.9,36.3,17.7,25.7,37.7,11.1
Berlin,Germany,2018-05-11,28.8,13.3,25.0,1.83,5.2,67.6,3.3,14.9,38.7,11.6
Lagos,Nigeria,2017-03-28,131.3,89.1,125.2,4.08,24.3,31.2,11.8,5.0,30.2,4.0
Seoul,South Korea,2022-02-16,98.2,42.4,65.7,3.74,16.6,38.8,6.0,-2.0,28.6,13.2
Seoul,South Korea,2024-03-15,61.3,37.3,68.5,2.97,15.1,59.1,5.9,12.2,90.6,14.6
Lagos,Nigeria,2023-05-05,102.9,,103.4,3.44,20.9,60.8,5.4,29.9,35.9,10.0
Tehran,Iran,2017-02-15,98.7,42.9,56.8,4.58,21.8,41.7,12.7,23.2,66.5,7.6
Sydney,Australia,2018-04-09,20.2,12.1,17.8,2.42,3.4,28.6,2.9,37.0,26.3,12.5
Lahore,Pakistan,2017-07-30,160.8,101.7,142.9,0.92,44.7,73.9,15.5,34.2,70.1,3.2
Lahore,Pakistan,2019-05-26,181.0,125.9,211.8,3.38,45.1,33.5,15.1,13.6,64.6,12.8
London,UK,2015-03-23,30.4,16.4,30.0,0.71,6.2,28.7,3.2,29.6,37.8,12.8
Lagos,Nigeria,2017-12-06,105.4,,94.2,1.84,24.3,41.5,6.0,9.9,81.6,14.5
Karachi,Pakistan,2022-09-19,128.9,73.6,101.1,3.5,13.1,20.9,16.5,-1.7,42.9,14.4
Seoul,South Korea,2016-11-09,108.0,55.3,90.3,1.82,13.3,38.1,12.6,-2.7,48.7,1.1
Stockholm,Sweden,2017-10-23,5.0,2.1,3.3,4.24,1.1,60.9,0.5,36.5,60.6,2.0
Mexico City,Mexico,2019-08-18,87.2,57.5,78.5,1.12,16.0,60.6,5.4,23.0,78.5,2.3
Karachi,Pakistan,2018-12-26,166.5,114.5,226.4,1.06,42.0,70.8,23.1,9.6,40.3,1.2
Dhaka,Bangladesh,2023-09-22,183.6,81.3,152.3,0.81,36.0,43.1,20.2,18.3,64.9,0.5
Lagos,Nigeria,2017-04-27,98.7,54.8,80.0,0.66,14.2,66.8,10.3,3.6,21.2,5.7
Tehran,Iran,2022-05-26,150.3,76.9,137.0,3.28,27.7,24.0,14.6,10.9,61.3,2.3
Berlin,Germany,2018-12-16,47.8,30.4,47.8,1.12,10.7,77.3,5.7,0.6,49.8,13.8
Nairobi,Kenya,2022-09-29,93.6,47.4,77.8,2.25,22.9,33.1,8.3,28.5,72.9,3.4
Seoul,South Korea,2017-08-31,63.6,25.7,43.0,1.62,6.5,45.5,9.1,36.6,47.9,7.0
Delhi,India,2018-10-03,185.8,,227.8,4.7,52.6,21.6,27.5,12.1,86.5,6.9
Paris,France,2023-10-23,35.2,14.2,19.0,3.46,10.1,33.5,2.1,4.6,35.9,4.8
Mexico City,Mexico,2020-01-21,113.7,75.8,115.4,4.99,18.1,63.3,13.0,-2.1,45.7,14.3
Paris,France,2021-03-30,45.7,20.7,40.9,0.49,8.7,75.1,6.6,39.1,56.1,1.8
Wuhan,China,2023-12-30,179.2,119.4,231.4,3.51,21.9,25.7,16.3,8.2,30.0,9.4
Beijing,China,2024-05-04,210.3,128.2,182.3,,29.4,56.1,22.4,17.6,42.2,3.9
Toronto,Canada,2023-07-10,44.2,17.9,25.8,1.66,12.3,28.3,6.4,31.7,70.9,6.5
Lagos,Nigeria,2021-10-24,97.8,54.6,85.2,3.05,14.3,36.4,13.9,30.7,58.5,6.5
Buenos Aires,Argentina,2021-04-24,81.3,51.1,102.1,3.97,10.5,39.4,7.7,0.7,79.1,8.1
Mexico City,Mexico,2016-10-04,89.9,,86.4,0.64,11.7,71.0,13.4,13.7,80.8,9.6
Ho Chi Minh City,Vietnam,2016-06-12,138.1,72.2,121.2,1.56,,57.5,8.0,28.4,73.0,13.3
London,UK,2021-01-25,5.0,2.1,3.4,0.95,1.1,22.8,0.4,-1.3,20.3,14.4
Istanbul,Turkey,2019-04-22,48.5,32.7,63.6,4.32,10.1,24.5,2.9,35.3,85.7,6.8
Tehran,Iran,2020-09-11,149.9,88.9,165.8,3.74,33.4,33.9,11.4,27.6,80.2,2.2
Karachi,Pakistan,2017-12-03,140.9,80.2,138.7,3.95,36.8,36.8,14.7,0.6,83.2,12.8
Delhi,India,2016-08-03,227.4,101.9,137.5,3.0,26.9,60.8,26.8,22.6,85.7,6.0
Buenos Aires,Argentina,2016-09-25,116.1,47.6,80.7,1.74,32.2,52.0,12.6,37.6,,6.9
Cairo,Egypt,2015-12-26,82.3,48.9,70.4,0.72,13.3,66.7,6.2,0.9,36.4,10.3
Stockholm,Sweden,2019-01-24,5.0,3.4,5.4,2.71,1.4,78.8,0.6,37.5,60.6,5.0
Lagos,Nigeria,2016-11-15,145.3,82.5,142.2,2.37,40.2,45.6,11.2,-4.6,92.8,12.5
Lagos,Nigeria,2015-06-28,122.8,83.5,131.1,2.91,14.7,77.9,18.2,30.5,54.1,7.7
Tokyo,Japan,2019-06-20,73.7,36.0,60.0,0.55,22.0,45.4,10.5,27.6,41.7,3.7
Delhi,India,2023-08-24,157.7,66.3,118.5,1.72,22.7,64.1,18.6,16.7,90.7,10.4
Karachi,Pakistan,2023-05-08,194.3,88.8,133.9,0.79,31.3,78.3,28.4,29.2,59.1,11.8
Buenos Aires,Argentina,2024-10-24,141.4,67.8,97.8,1.59,31.8,28.8,17.3,14.0,46.5,12.2
Mexico City,Mexico,2021-12-27,111.2,57.1,109.3,2.03,30.2,50.3,7.9,22.6,41.4,2.6
Seoul,South Korea,2024-08-14,109.2,71.1,135.4,1.57,25.4,33.8,12.3,34.9,23.1,14.8
Karachi,Pakistan,2024-08-31,143.6,90.3,161.0,3.92,42.9,66.2,12.2,22.6,45.3,14.6
Mexico City,Mexico,2015-10-02,153.2,103.1,151.5,3.02,30.1,66.3,13.5,26.9,50.2,2.1
Bangkok,Thailand,2021-12-20,110.4,48.1,63.6,2.8,25.9,27.6,12.3,21.9,31.0,6.4
Johannesburg,South Africa,2017-05-24,156.2,102.2,193.0,1.83,31.0,58.3,8.9,37.6,52.5,5.9
Istanbul,Turkey,2022-10-28,76.7,33.4,44.3,3.52,13.6,65.9,4.4,12.3,37.6,11.2
Mexico City,Mexico,2023-09-09,149.5,100.9,182.1,2.32,32.1,61.4,20.6,35.0,89.8,12.3
Berlin,Germany,2020-10-16,36.8,23.0,43.0,4.43,10.5,50.5,4.2,-4.6,63.0,7.4
Seoul,South Korea,2016-01-04,85.4,35.6,56.3,3.57,9.0,34.1,11.8,0.8,23.9,8.9
Nairobi,Kenya,2017-07-08,80.5,52.4,103.8,3.84,15.1,76.8,7.5,10.8,53.6,12.3
Tokyo,Japan,2021-01-21,43.0,28.8,38.4,3.98,8.2,42.6,4.1,13.8,76.7,14.0
Stockholm,Sweden,2022-06-03,5.0,3.1,5.4,3.73,1.3,73.7,0.4,16.3,71.6,12.0
London,UK,2017-05-03,103.5,53.3,102.6,1.3,,58.6,11.4,16.1,31.6,13.0
São Paulo,Brazil,2017-07-21,84.2,40.5,55.8,0.8,15.0,29.6,9.1,23.2,86.2,4.8
Wuhan,China,2023-11-19,183.5,96.9,163.5,2.06,24.1,26.2,25.1,6.9,,14.2
Bangkok,Thailand,2023-12-01,78.9,54.2,71.6,0.73,11.7,32.6,5.9,15.4,24.7,8.6
Jakarta,Indonesia,2019-10-17,122.1,72.8,135.0,4.71,26.5,67.2,8.5,13.5,59.8,8.3
Seoul,South Korea,2024-09-19,81.5,52.0,92.0,0.52,,54.3,8.2,-3.0,93.5,14.4
Lahore,Pakistan,2016-10-15,167.0,87.3,147.6,0.56,30.8,65.5,25.0,21.8,90.5,15.0
Nairobi,Kenya,2023-04-13,60.8,32.4,46.6,0.36,7.9,22.6,5.7,5.1,51.5,5.3
Lima,Peru,2022-10-27,70.1,29.3,38.5,1.3,13.0,22.7,5.8,34.9,26.8,14.3
Istanbul,Turkey,2023-06-22,148.4,101.8,139.3,3.72,18.4,67.9,8.9,9.7,78.3,7.2
Chengdu,China,2022-08-28,152.2,74.4,140.8,2.72,34.9,27.7,21.7,9.5,73.0,14.3
Bangkok,Thailand,2015-01-04,77.4,42.8,59.1,2.13,20.9,28.1,11.0,25.0,51.6,8.4
London,UK,2018-08-08,23.8,12.2,23.8,2.03,4.9,29.7,2.9,20.2,53.0,14.2
Seoul,South Korea,2024-01-28,56.9,34.0,66.2,2.95,15.1,44.6,3.3,39.7,32.4,4.1
Wuhan,China,2024-12-17,122.3,71.0,141.7,0.55,31.3,27.7,6.4,23.7,85.5,3.1
Lahore,Pakistan,2021-09-16,140.9,63.5,122.8,1.57,26.6,73.7,14.8,37.0,89.5,7.2
Lahore,Pakistan,2017-09-20,197.1,97.4,147.9,0.79,41.8,34.7,12.8,5.2,38.8,7.8
Stockholm,Sweden,2018-01-30,8.8,3.7,6.2,4.0,1.9,78.5,0.5,32.0,57.9,8.1
Los Angeles,USA,2020-09-14,58.6,25.7,34.4,1.61,16.7,52.2,6.3,22.5,44.9,3.1
Toronto,Canada,2017-10-02,53.5,33.5,55.6,2.07,10.5,22.0,4.0,6.3,53.4,3.9
Mexico City,Mexico,2020-02-13,121.3,51.0,73.8,3.94,31.9,50.0,14.5,-1.5,83.7,12.6
Wuhan,China,2017-06-27,167.6,113.1,150.9,1.39,28.9,29.5,22.0,29.1,78.0,4.7
Toronto,Canada,2020-09-25,22.8,15.5,23.7,2.54,6.0,44.0,2.1,10.7,46.4,7.3
Tehran,Iran,2018-08-04,143.2,97.5,164.0,2.44,37.5,60.9,19.8,27.9,91.4,13.4
Istanbul,Turkey,2018-04-04,48.3,30.0,40.8,1.81,13.8,47.0,3.7,16.4,41.6,11.6
São Paulo,Brazil,2017-04-24,35.5,22.5,31.6,1.88,5.1,22.6,4.4,14.3,,5.0
Lima,Peru,2015-02-20,66.8,33.5,43.8,2.35,11.4,63.1,8.1,-3.3,28.7,13.6
Wuhan,China,2023-09-25,167.5,86.6,122.6,,38.8,76.7,18.7,-3.8,68.8,14.2
Cairo,Egypt,2020-11-06,135.8,62.1,87.0,1.13,32.6,55.4,13.0,6.9,88.0,3.6
Lima,Peru,2024-06-18,89.8,59.4,108.3,1.92,22.7,57.7,4.5,12.1,41.8,3.7
Mexico City,Mexico,2021-05-13,109.4,71.6,103.7,1.12,30.4,49.7,15.3,-2.2,88.7,6.5
Sydney,Australia,2022-09-13,55.9,38.0,65.1,1.71,14.3,30.2,3.3,18.3,68.5,12.6
Berlin,Germany,2018-12-28,19.0,8.3,16.3,1.57,3.0,58.7,2.4,39.3,92.7,13.7
Seoul,South Korea,2020-06-27,142.5,64.1,109.6,0.38,19.8,20.2,9.7,16.4,49.5,5.9
Lahore,Pakistan,2019-11-08,183.8,98.1,146.2,0.88,43.1,70.5,12.6,34.5,59.5,2.6
Toronto,Canada,2017-02-06,45.5,25.3,33.4,2.18,11.7,53.3,3.6,36.8,37.8,4.2
Bangkok,Thailand,2022-06-07,100.6,60.8,120.6,3.98,13.5,67.3,12.6,5.5,44.4,10.8
Chengdu,China,2023-06-04,189.2,,153.4,1.87,45.5,27.4,20.3,26.2,20.1,12.6
Istanbul,Turkey,2020-05-25,127.9,73.5,104.1,3.44,37.1,24.6,10.6,16.3,37.4,11.2
Lahore,Pakistan,2024-01-24,220.8,96.1,163.2,2.03,32.2,70.9,12.2,16.0,55.6,8.8
Buenos Aires,Argentina,2024-02-09,15.8,10.5,20.9,3.79,2.6,34.2,1.0,5.6,37.1,14.5
Los Angeles,USA,2023-05-28,64.9,29.2,47.9,1.17,14.3,40.5,4.5,5.9,70.6,6.4
Los Angeles,USA,2024-04-14,70.2,37.8,74.4,1.31,11.1,74.7,9.5,0.9,89.7,0.6
Jakarta,Indonesia,2019-07-04,151.4,73.2,104.8,2.41,42.3,67.2,22.2,19.3,,0.7
Beijing,China,2022-11-04,168.2,70.8,126.5,2.0,19.5,76.1,18.3,28.9,38.0,11.5
Ho Chi Minh City,Vietnam,2022-09-24,130.0,68.8,117.0,4.87,35.0,46.7,15.1,30.3,21.8,9.0
Paris,France,2018-01-30,7.9,4.7,9.0,0.83,2.2,75.2,0.4,35.5,91.0,1.0
Lima,Peru,2021-05-29,90.9,59.9,98.1,0.54,25.5,51.0,9.5,-4.4,27.5,11.8
Johannesburg,South Africa,2021-04-29,77.1,36.9,63.9,3.8,13.9,25.4,4.1,4.8,74.9,3.7
Lahore,Pakistan,2017-10-29,136.1,81.0,154.2,2.11,40.4,60.8,11.7,4.6,85.0,5.1
Stockholm,Sweden,2019-07-25,5.3,2.6,4.6,2.65,1.3,40.0,0.3,2.2,79.8,1.9
Lima,Peru,2018-07-26,58.0,26.9,47.7,3.23,6.9,60.0,5.5,26.8,82.7,1.1
London,UK,2016-04-10,37.3,15.1,23.1,1.1,7.9,50.7,4.8,23.8,73.6,1.8
Jakarta,Indonesia,2021-08-22,95.0,65.6,104.9,2.16,10.2,27.1,13.7,26.3,50.7,13.6
Lagos,Nigeria,2020-06-22,96.9,51.3,,3.75,11.6,65.9,6.7,6.1,88.8,7.3
Mumbai,India,2017-06-02,227.3,152.7,246.8,0.91,40.5,55.4,19.6,36.6,40.2,3.0
Cairo,Egypt,2019-07-07,127.1,84.3,127.7,1.51,34.0,38.4,12.4,-3.6,41.5,2.4
Beijing,China,2015-03-30,134.9,71.4,106.7,1.08,27.3,67.0,16.7,,,11.1
Nairobi,Kenya,2024-09-16,67.5,46.4,70.1,4.48,12.4,53.7,7.7,1.0,22.8,6.7
Paris,France,2019-01-06,76.1,43.0,69.5,0.87,17.7,21.2,4.8,26.5,59.6,4.6
Johannesburg,South Africa,2016-08-15,54.8,38.1,72.7,0.92,,40.7,5.4,1.4,28.9,13.0
Buenos Aires,Argentina,2019-01-24,82.0,47.5,83.0,1.38,14.3,23.0,8.9,15.7,77.1,3.5
Berlin,Germany,2020-01-09,54.6,35.7,65.6,4.74,16.1,66.3,4.3,4.9,53.6,14.9
London,UK,2022-05-23,9.8,4.5,8.8,2.11,2.3,67.3,1.3,32.0,82.7,10.2
Sydney,Australia,2020-07-10,63.7,32.2,,1.92,13.4,23.1,8.1,1.2,30.0,3.4
Istanbul,Turkey,2017-10-03,109.3,53.1,82.7,4.68,29.4,71.1,11.8,34.0,78.4,14.3
Mumbai,India,2024-11-22,185.0,97.7,162.0,4.2,52.9,63.8,23.3,9.4,55.0,13.3
Seoul,South Korea,2020-02-20,105.5,63.8,85.9,0.49,13.3,54.9,10.9,37.4,72.1,4.8
Johannesburg,South Africa,2016-11-17,107.7,63.7,110.5,4.24,21.4,71.2,11.3,39.3,69.5,5.9
Wuhan,China,2023-03-02,148.5,82.1,153.1,4.22,33.2,72.3,13.4,-2.4,69.7,11.6
Istanbul,Turkey,2020-02-24,93.6,63.4,126.3,1.2,25.7,28.8,12.6,7.5,92.0,10.6
Wuhan,China,2017-10-11,141.2,68.4,100.2,,39.4,65.3,18.8,30.2,,11.5
Buenos Aires,Argentina,2015-05-04,45.7,31.9,49.9,1.68,6.8,59.5,2.8,37.9,42.1,4.8
Delhi,India,2022-06-25,211.6,100.3,159.7,2.04,32.7,22.4,16.9,30.0,52.9,4.7
Sydney,Australia,2023-10-31,5.0,,5.9,0.49,0.7,30.7,0.5,-3.1,55.8,14.0
Nairobi,Kenya,2016-07-29,95.0,48.4,88.7,1.03,11.0,57.8,4.8,31.1,25.0,8.1
Bangkok,Thailand,2018-09-29,88.2,39.9,75.8,3.62,12.3,63.0,10.7,39.9,49.4,13.0
Wuhan,China,2019-08-18,152.3,101.9,139.0,1.12,41.1,69.2,12.3,21.9,48.7,0.6
Beijing,China,2015-07-25,163.8,79.2,111.0,4.72,20.4,60.4,22.8,2.4,36.1,8.8
Tokyo,Japan,2024-06-26,42.1,18.4,30.9,1.24,9.9,62.5,5.3,35.3,69.1,7.6
Karachi,Pakistan,2023-05-25,175.1,,237.4,1.48,23.9,46.9,26.2,,73.4,12.8
Bangkok,Thailand,2024-06-10,107.3,62.8,98.4,1.08,31.8,75.5,14.0,37.5,,9.7
Johannesburg,South Africa,2020-03-07,122.7,63.6,111.8,2.49,26.8,22.4,11.8,20.0,57.0,12.8
Bangkok,Thailand,2022-04-25,95.2,63.4,100.3,3.56,11.2,32.0,12.0,-4.4,92.6,3.3
Chengdu,China,2023-04-25,242.7,103.2,160.6,1.03,49.8,53.0,29.4,34.5,55.1,3.9
Bangkok,Thailand,2021-06-13,120.4,78.8,110.5,3.25,12.4,34.7,13.1,15.5,57.0,10.1
Buenos Aires,Argentina,2024-04-29,93.8,52.7,69.0,3.45,21.0,24.7,11.7,18.5,35.4,8.6
Bangkok,Thailand,2020-06-08,65.7,44.4,80.9,1.72,8.1,71.2,8.8,2.9,24.7,10.8
Tehran,Iran,2018-01-01,155.6,75.3,111.6,1.83,31.8,68.3,15.5,8.4,86.3,1.3
Karachi,Pakistan,2017-05-30,140.0,89.0,131.4,1.23,38.5,53.5,7.6,35.1,46.2,5.5
Lagos,Nigeria,2022-03-27,73.2,32.4,54.7,3.24,19.9,49.1,8.4,-2.6,87.1,5.2
Dhaka,Bangladesh,2020-10-05,215.4,145.4,271.5,3.3,51.9,75.3,28.3,22.4,69.4,2.6
Cairo,Egypt,2019-02-24,111.9,67.0,94.1,0.38,20.1,39.3,10.3,36.9,73.0,5.2
Paris,France,2020-08-08,5.0,2.7,4.4,4.24,1.3,33.9,0.4,27.6,75.5,3.1
Johannesburg,South Africa,2021-06-22,134.3,84.8,,2.17,40.1,22.5,13.4,18.0,38.0,8.6
Los Angeles,USA,2017-07-16,16.4,8.7,14.0,3.93,4.7,32.2,2.4,37.3,28.4,13.7
Johannesburg,South Africa,2021-03-12,81.5,48.2,78.3,2.02,12.2,46.5,10.6,33.0,91.9,4.7
São Paulo,Brazil,2021-03-20,111.5,67.8,97.2,2.02,18.8,79.2,16.3,32.0,55.5,4.3
Cairo,Egypt,2022-12-10,134.9,63.9,126.5,0.5,18.2,65.9,8.8,39.1,44.1,13.8
Wuhan,China,2015-11-05,107.8,63.6,123.5,2.71,19.4,33.1,6.9,30.6,29.6,6.2
Los Angeles,USA,2021-10-12,17.9,11.6,16.8,4.01,4.8,31.6,2.3,27.1,85.6,7.9
Delhi,India,2016-04-02,207.6,139.8,259.1,0.4,59.8,76.9,17.8,-4.5,61.4,13.7
Bangkok,Thailand,2016-05-15,146.7,64.6,107.2,0.72,31.0,46.5,11.2,33.4,48.6,10.6
Tokyo,Japan,2022-06-14,78.2,35.5,49.1,0.34,12.6,69.0,10.0,34.2,77.0,0.8
London,UK,2016-08-15,8.1,4.3,6.3,4.23,1.2,45.0,0.7,34.0,76.8,1.3
Toronto,Canada,2016-03-22,41.7,23.6,37.7,,10.8,27.7,6.1,-3.9,28.9,5.0
Istanbul,Turkey,2016-10-09,116.1,58.9,78.2,4.43,33.5,57.1,15.2,0.5,40.2,5.2
Toronto,Canada,2020-07-27,14.6,8.1,10.6,2.09,1.5,34.3,1.4,9.6,22.5,2.2
Wuhan,China,2015-10-03,136.0,84.2,119.2,0.87,36.4,40.4,12.7,37.6,51.8,0.6
Wuhan,China,2019-10-13,209.2,84.6,149.1,1.82,40.6,52.8,19.0,29.8,89.8,1.8
Cairo,Egypt,2022-12-02,129.6,57.8,98.1,1.54,25.0,57.5,17.7,-4.9,36.1,1.9
Lahore,Pakistan,2022-09-05,188.2,128.7,251.6,3.82,43.0,70.9,10.5,0.4,43.8,12.6
Bangkok,Thailand,2022-07-10,53.0,31.5,60.6,1.85,11.9,39.9,6.9,16.4,45.5,6.6
Tokyo,Japan,2016-05-16,60.6,40.0,78.8,2.54,8.7,59.9,5.8,6.4,22.9,13.4
Beijing,China,2022-10-15,153.2,95.9,163.6,2.06,41.1,79.9,21.4,29.9,76.1,9.9
Toronto,Canada,2017-07-05,77.4,42.4,60.5,3.91,22.0,40.5,9.9,7.3,90.7,10.4
São Paulo,Brazil,2020-05-14,98.7,65.9,127.2,0.55,12.3,69.6,14.3,8.8,20.6,5.2
Lima,Peru,2020-12-09,91.7,57.6,76.8,1.3,25.6,29.3,11.5,11.3,69.7,1.6
Mexico City,Mexico,2023-06-09,142.9,81.3,108.3,4.07,15.9,76.1,10.2,17.0,25.4,8.6
Wuhan,China,2021-05-05,153.1,80.1,106.1,4.43,,58.0,16.4,26.3,30.8,14.0
Bangkok,Thailand,2018-06-07,133.3,78.8,150.9,1.69,33.3,55.9,7.7,13.6,82.8,5.1
Mexico City,Mexico,2016-09-30,158.8,86.8,150.4,4.45,21.4,50.3,14.7,8.3,89.0,0.6
Chengdu,China,2019-12-10,132.7,81.9,154.1,1.5,18.4,28.7,9.3,7.0,85.2,11.7
London,UK,2021-06-05,71.9,47.6,64.6,3.38,9.4,23.7,9.1,16.0,64.9,6.7
Lima,Peru,2024-07-25,85.8,39.1,65.9,2.1,9.0,31.8,6.1,-1.3,54.0,7.9
Mumbai,India,2019-06-26,207.2,108.5,182.8,0.87,44.0,62.6,28.5,8.6,76.1,9.3
Buenos Aires,Argentina,2020-05-19,71.1,36.2,65.2,4.81,20.2,78.8,4.2,15.0,52.5,6.1
Beijing,China,2024-10-30,181.3,117.8,208.6,3.15,34.3,43.3,23.3,18.7,65.6,2.0
Buenos Aires,Argentina,2019-02-20,31.6,21.8,37.5,3.33,4.4,27.7,3.2,36.7,24.2,7.9
London,UK,2023-05-29,73.1,36.2,69.2,3.92,14.8,56.2,7.8,37.6,87.2,3.9
Lagos,Nigeria,2023-05-12,114.0,47.3,72.6,2.54,30.4,39.7,9.2,36.4,25.9,8.5
Dhaka,Bangladesh,2021-01-09,187.2,78.1,106.3,2.1,23.7,48.7,20.8,26.1,61.0,6.0
Ho Chi Minh City,Vietnam,2017-10-25,115.5,78.2,112.7,2.24,28.5,62.3,16.9,3.6,21.2,5.2
Tokyo,Japan,2024-11-11,14.5,8.2,15.8,3.53,1.8,27.0,2.0,16.9,89.3,11.2
Mumbai,India,2023-04-23,173.0,108.5,176.9,1.4,25.6,43.8,10.6,3.0,57.5,14.3
Dhaka,Bangladesh,2017-12-07,205.5,107.4,157.8,1.22,47.6,70.9,18.5,19.8,,1.3
Cairo,Egypt,2024-07-16,157.3,65.4,96.0,3.5,24.3,68.9,8.3,3.6,41.1,13.9
Jakarta,Indonesia,2020-09-18,154.0,102.4,164.8,4.17,41.7,44.0,23.0,33.3,93.1,13.1
London,UK,2024-05-23,41.6,26.4,38.3,3.74,,63.0,5.6,13.6,60.9,0.7
Los Angeles,USA,2016-07-08,74.0,43.9,74.3,1.23,11.0,40.6,9.0,22.4,25.2,11.5
Stockholm,Sweden,2019-10-12,6.3,4.4,6.0,3.79,1.3,25.2,0.3,11.3,80.2,1.1
Seoul,South Korea,2022-02-13,95.8,57.2,84.9,0.66,,38.0,5.9,25.7,36.3,7.4
Lahore,Pakistan,2022-09-12,169.4,118.5,186.1,1.93,47.9,39.8,15.8,-1.5,91.7,1.7
Los Angeles,USA,2015-12-13,60.5,34.0,45.6,0.31,17.4,64.5,7.2,14.7,37.9,10.4
Toronto,Canada,2021-08-12,15.5,10.8,14.5,0.67,4.4,58.9,1.3,29.3,54.0,0.8
Nairobi,Kenya,2021-07-09,121.3,57.4,,1.36,23.7,23.0,16.8,20.2,42.0,10.5
Delhi,India,2018-02-11,142.4,61.7,117.3,1.4,14.8,58.6,9.3,39.6,85.2,9.3
Tehran,Iran,2019-12-28,154.4,94.2,141.6,2.55,33.0,53.7,19.7,32.1,25.5,10.7
Dhaka,Bangladesh,2024-07-17,187.2,75.5,133.3,4.65,21.8,49.7,21.1,3.8,68.8,1.2
Paris,France,2016-05-07,83.7,52.6,103.1,2.27,8.9,40.5,8.5,37.1,86.2,9.1
Los Angeles,USA,2017-08-28,70.5,38.3,70.0,4.1,10.1,48.4,9.0,25.4,64.4,5.2
Delhi,India,2016-08-20,241.5,140.9,225.9,4.81,55.7,71.0,15.2,29.1,65.1,5.0
Tokyo,Japan,2022-08-11,29.8,13.2,23.3,1.74,7.8,58.9,2.4,11.2,90.7,14.2
Buenos Aires,Argentina,2024-11-01,5.0,3.0,6.0,4.97,0.6,53.2,0.6,3.4,81.6,7.3
Chengdu,China,2023-03-28,131.7,56.0,109.3,2.09,17.4,28.5,12.0,23.4,78.3,13.9
Tehran,Iran,2017-11-09,108.0,56.9,90.7,3.0,22.4,58.4,10.8,-2.3,57.6,0.8
Bangkok,Thailand,2024-02-14,129.4,58.9,88.0,,18.0,79.9,16.9,31.5,,14.4
Chengdu,China,2016-11-21,95.5,47.7,82.3,2.86,20.6,69.1,9.6,27.8,38.8,14.0
Tehran,Iran,2023-01-17,82.0,42.7,79.0,0.96,12.3,27.4,7.6,12.4,68.7,14.9
Lima,Peru,2017-04-11,65.8,43.7,76.5,1.57,11.6,35.0,4.2,14.6,87.3,11.3
Karachi,Pakistan,2022-04-30,170.1,108.5,176.0,1.97,44.8,45.8,24.0,7.1,87.2,4.5
Karachi,Pakistan,2020-05-20,127.8,67.3,111.7,2.27,34.8,67.7,10.4,18.0,52.3,1.3
Nairobi,Kenya,2022-08-11,129.2,83.4,119.0,2.84,19.1,50.6,13.9,2.6,63.6,7.1
Lahore,Pakistan,2018-02-24,128.8,86.5,141.8,2.54,25.0,57.4,11.2,31.1,41.5,4.8
Paris,France,2024-07-15,36.3,16.8,32.5,0.35,4.6,65.5,5.4,26.0,89.2,12.9
Toronto,Canada,2020-05-08,33.2,16.6,28.9,2.81,3.5,77.4,3.5,34.4,75.1,5.4
Ho Chi Minh City,Vietnam,2019-09-05,119.9,78.2,116.5,3.45,14.7,71.9,14.7,1.9,21.6,6.2
Lahore,Pakistan,2024-06-02,211.8,102.7,203.5,4.69,46.5,38.9,29.6,31.2,26.5,7.4
Toronto,Canada,2015-10-22,62.2,43.1,67.7,4.83,7.9,29.6,4.8,16.0,33.6,5.4
Stockholm,Sweden,2017-01-30,27.6,18.8,25.8,4.65,3.2,57.2,2.1,32.2,24.6,14.3
Istanbul,Turkey,2021-08-18,90.0,56.8,74.7,3.19,12.3,76.7,8.4,-2.8,73.5,7.5
Lagos,Nigeria,2016-10-19,98.7,65.4,123.1,4.36,12.4,34.6,5.2,39.2,37.7,5.8
London,UK,2023-05-19,38.4,26.5,,3.62,7.3,68.7,5.4,38.3,27.4,13.3
Tokyo,Japan,2019-01-16,35.0,18.2,28.0,3.47,7.7,26.5,4.5,14.8,20.2,6.5
Sydney,Australia,2020-06-04,41.9,21.5,36.2,2.51,4.6,38.9,2.6,17.0,88.0,14.9
Seoul,South Korea,2021-04-22,53.6,37.3,48.9,3.73,8.3,71.9,7.0,14.1,55.5,4.3
Delhi,India,2020-04-16,161.6,69.9,139.3,4.56,34.0,61.6,20.2,4.2,90.1,8.1
Toronto,Canada,2018-04-02,14.7,7.9,14.8,0.98,3.5,41.2,1.0,10.2,60.0,13.9
São Paulo,Brazil,2019-04-29,53.5,22.7,31.6,0.75,11.5,47.2,2.7,10.8,29.6,14.8
Los Angeles,USA,2016-06-17,62.2,32.9,57.5,1.98,15.1,74.3,6.2,12.2,59.1,9.3
Nairobi,Kenya,2019-12-24,63.3,37.3,74.3,4.31,15.9,30.6,7.9,-1.3,57.0,5.9
Wuhan,China,2020-02-01,156.1,69.9,129.5,0.53,37.5,37.6,23.0,25.2,43.2,3.9
Stockholm,Sweden,2023-12-21,5.4,3.2,5.8,1.42,1.1,59.8,0.8,31.2,51.6,12.7
São Paulo,Brazil,2022-09-08,62.2,37.0,61.5,2.07,13.2,70.3,8.3,27.7,91.4,9.1
Seoul,South Korea,2022-09-02,55.2,31.1,60.2,4.24,8.1,51.2,6.4,39.4,22.3,7.2
Stockholm,Sweden,2018-11-22,5.0,3.5,5.3,0.3,1.1,72.0,0.4,37.0,45.0,9.3
Beijing,China,2022-09-13,121.8,65.9,124.2,0.77,27.6,60.6,12.9,37.1,65.1,9.7
London,UK,2015-04-30,5.0,3.1,4.3,4.5,0.5,58.4,0.6,4.4,23.1,2.5
Cairo,Egypt,2021-08-23,125.4,83.6,122.5,4.98,19.0,64.3,11.5,1.1,39.1,10.3
Istanbul,Turkey,2019-01-10,85.4,39.0,66.9,4.58,22.3,34.5,8.5,14.0,92.4,12.1
Beijing,China,2015-10-27,175.7,78.7,154.7,4.97,44.9,21.6,17.3,13.3,80.0,4.7
Toronto,Canada,2019-09-17,14.2,6.1,9.4,4.88,4.1,65.0,2.0,4.5,66.6,7.7
Sydney,Australia,2021-11-29,59.7,32.6,,3.62,7.6,22.9,8.0,17.1,80.8,4.8
Mumbai,India,2015-01-22,168.2,109.2,171.1,2.23,28.6,22.1,20.0,7.3,86.3,13.5
Mumbai,India,2022-06-08,140.5,72.6,136.5,3.62,17.5,58.1,7.2,27.0,77.3,12.3
London,UK,2022-03-16,5.2,2.4,4.4,4.53,1.2,36.5,0.4,5.4,21.3,0.6
Nairobi,Kenya,2023-12-12,85.9,44.3,57.9,4.95,16.4,79.5,10.5,-2.7,84.4,8.2
Lagos,Nigeria,2016-03-07,130.6,71.2,134.0,2.76,29.2,44.8,8.5,39.9,59.9,5.4
Mumbai,India,2019-06-11,140.1,92.9,125.3,,27.4,39.1,18.6,24.5,77.0,6.5
Ho Chi Minh City,Vietnam,2021-03-16,148.1,74.5,124.6,4.69,17.3,26.5,22.1,38.7,77.9,7.5
Los Angeles,USA,2024-04-15,41.7,22.1,29.3,2.43,8.2,59.9,4.2,33.8,47.6,6.4
Beijing,China,2019-01-12,112.1,51.7,81.4,3.52,20.4,74.4,12.5,1.9,56.6,11.6
Tokyo,Japan,2017-05-21,69.5,29.1,40.1,3.35,10.3,55.3,9.0,21.0,51.2,9.9
Nairobi,Kenya,2022-07-13,94.7,58.4,104.4,2.72,14.7,67.9,9.6,,88.9,11.6
Lagos,Nigeria,2018-04-19,126.2,79.8,133.7,3.37,19.7,31.7,9.8,8.2,75.5,2.5
Paris,France,2023-07-14,45.8,29.4,44.7,1.85,6.0,59.1,5.5,1.2,39.1,2.7
Cairo,Egypt,2020-02-19,115.6,48.7,,0.88,12.2,23.9,10.0,21.8,49.9,7.1
Wuhan,China,2020-11-06,148.0,59.4,114.2,3.28,27.8,39.9,9.3,36.5,73.4,5.4
Wuhan,China,2023-11-22,129.9,82.6,149.0,2.64,36.0,30.8,12.4,27.0,25.1,5.9
Los Angeles,USA,2020-04-07,38.4,19.6,32.0,,6.7,26.4,2.5,18.7,33.1,13.4
Lima,Peru,2023-12-08,105.8,59.2,83.6,3.19,25.0,25.0,8.6,-4.8,43.7,5.4
Mexico City,Mexico,2023-01-14,96.0,44.1,58.3,1.78,25.4,43.9,8.8,16.1,76.4,7.5
Seoul,South Korea,2022-11-23,67.8,37.5,49.5,1.63,15.0,41.3,8.2,12.6,93.4,14.5
Lahore,Pakistan,2022-05-02,153.8,105.6,152.4,3.83,25.3,63.5,13.4,8.0,91.9,3.5
Delhi,India,2022-04-17,144.0,77.4,108.4,4.63,42.3,63.9,19.4,-1.3,48.8,5.3
Tehran,Iran,2015-09-05,172.0,78.2,132.6,3.38,21.7,27.9,9.2,29.2,44.8,3.8
Buenos Aires,Argentina,2020-05-17,88.9,50.8,74.2,3.36,22.1,53.0,11.9,21.7,27.2,12.2
Tokyo,Japan,2018-11-24,56.2,37.3,62.2,,16.5,45.9,5.4,32.2,28.3,0.9
Lima,Peru,2021-07-29,59.4,41.2,72.4,4.32,16.6,27.3,8.5,34.0,23.4,14.7
Berlin,Germany,2015-04-22,20.8,14.4,27.0,2.37,4.2,36.5,2.1,-0.2,88.1,10.8
Lagos,Nigeria,2015-05-22,78.0,43.8,67.0,0.35,17.4,71.2,9.4,5.1,81.4,5.0
Nairobi,Kenya,2023-05-27,82.7,56.9,74.6,1.09,16.0,30.0,5.5,23.5,81.4,10.1
São Paulo,Brazil,2016-04-14,92.6,50.5,89.3,4.9,27.5,50.5,5.5,10.1,51.0,8.3
São Paulo,Brazil,2023-02-04,27.9,17.0,24.4,0.73,3.3,66.1,1.5,8.0,29.7,11.4
Lagos,Nigeria,2015-02-27,129.7,81.1,135.1,1.6,28.2,76.0,7.2,7.0,41.4,9.7
Seoul,South Korea,2019-03-06,61.8,35.1,51.5,3.2,18.5,36.6,4.8,26.5,23.2,12.4
Johannesburg,South Africa,2023-12-24,76.1,49.8,80.3,0.92,21.3,62.3,5.1,6.1,40.2,14.5
Ho Chi Minh City,Vietnam,2019-02-25,147.6,74.4,121.0,1.64,36.7,29.7,12.4,22.3,85.8,9.7
Buenos Aires,Argentina,2022-01-22,70.0,33.9,60.2,1.21,11.7,65.5,9.5,13.8,59.3,6.1
Jakarta,Indonesia,2023-10-21,130.0,72.0,128.4,3.83,38.3,46.3,7.6,26.0,57.4,12.7
Sydney,Australia,2020-06-17,17.2,9.0,15.3,3.52,4.6,34.1,1.4,19.7,46.0,8.7
Buenos Aires,Argentina,2020-04-01,128.3,63.2,96.5,4.96,34.7,70.3,13.0,16.0,25.3,3.4
Tehran,Iran,2018-01-31,149.3,86.2,134.9,1.59,42.4,42.2,9.6,7.5,68.4,2.4
Johannesburg,South Africa,2020-12-06,90.5,48.6,66.1,2.15,14.9,43.5,8.9,3.3,53.2,5.7
Lahore,Pakistan,2018-05-30,192.2,115.4,159.8,2.68,47.7,70.5,13.1,5.1,84.7,7.5
Tokyo,Japan,2024-03-21,71.6,39.2,55.8,3.25,18.7,70.2,3.8,27.2,26.8,14.5
Tokyo,Japan,2022-11-25,8.1,4.5,6.8,4.52,2.4,44.6,0.5,24.9,48.2,14.8
Tehran,Iran,2016-06-09,143.4,66.6,100.4,4.89,15.9,79.7,20.2,25.5,90.7,2.7
São Paulo,Brazil,2016-06-20,91.1,38.4,74.1,2.59,21.0,72.9,12.6,13.4,37.8,4.2
Los Angeles,USA,2019-03-13,75.4,51.2,69.1,0.37,19.9,43.2,5.9,3.5,46.0,14.6
Seoul,South Korea,2016-06-08,55.1,37.5,54.6,1.61,9.2,37.1,3.7,11.0,55.4,8.5
Toronto,Canada,2021-02-20,25.0,,24.0,4.61,4.1,71.8,2.1,17.8,47.9,6.1
Mexico City,Mexico,2018-06-29,132.6,75.7,109.8,4.95,31.4,42.5,19.5,38.1,26.0,0.8
Cairo,Egypt,2018-10-18,141.8,85.8,154.3,3.7,32.0,37.1,9.5,36.8,88.5,4.0
Berlin,Germany,2019-12-10,27.2,12.2,19.1,1.42,6.7,74.3,3.8,22.2,72.8,7.7
Paris,France,2017-01-27,43.9,25.9,,0.33,9.4,31.9,6.1,37.0,32.2,0.9
Lima,Peru,2016-11-12,55.2,28.3,52.3,2.21,14.1,61.3,5.6,28.2,85.9,12.0
Stockholm,Sweden,2018-05-09,27.1,16.6,23.4,4.77,3.8,40.9,2.8,0.7,64.5,3.1
Lagos,Nigeria,2020-03-20,95.9,53.2,89.0,0.55,23.2,32.6,12.4,9.0,55.8,13.4
Johannesburg,South Africa,2019-05-01,92.5,40.4,66.6,3.89,10.7,29.8,10.3,20.2,87.9,12.3
Paris,France,2017-06-06,49.9,32.5,54.3,,5.5,68.0,5.1,15.2,28.4,11.3
Nairobi,Kenya,2021-02-01,100.7,46.1,64.0,0.33,23.4,36.3,6.5,9.4,57.4,7.8
Cairo,Egypt,2015-09-18,46.9,30.4,40.1,4.38,7.0,63.3,4.2,8.2,66.2,11.6
Tehran,Iran,2015-04-11,134.2,72.5,97.2,4.64,36.2,43.9,17.0,9.1,74.8,8.0
Jakarta,Indonesia,2022-05-12,133.8,67.3,130.3,1.61,29.6,27.8,17.1,4.0,84.8,7.1
Ho Chi Minh City,Vietnam,2019-02-13,122.2,62.2,114.9,0.66,27.5,50.4,9.9,29.0,23.9,7.7
Johannesburg,South Africa,2019-08-14,118.8,49.4,64.6,1.21,23.5,22.4,14.6,1.8,77.9,3.5
Ho Chi Minh City,Vietnam,2019-02-12,58.9,40.3,56.8,2.07,10.8,63.9,4.2,39.4,76.2,12.0
Chengdu,China,2018-07-05,180.2,86.7,121.5,2.58,51.6,49.2,16.3,24.3,90.3,1.2
Lahore,Pakistan,2015-05-06,168.9,74.3,101.0,1.72,24.6,52.9,14.0,13.2,90.6,2.8
Beijing,China,2018-07-18,170.0,105.5,197.6,2.72,46.1,67.1,11.2,6.0,70.4,14.6
Cairo,Egypt,2021-02-01,80.7,37.9,72.3,1.24,19.3,22.1,4.2,15.3,69.2,2.6
Bangkok,Thailand,2018-09-15,102.9,50.7,92.6,4.08,11.7,31.6,14.3,13.7,55.8,2.9
Toronto,Canada,2024-12-27,7.6,5.2,6.7,2.89,2.1,45.8,0.7,12.1,22.2,12.0
Lima,Peru,2018-10-07,24.9,15.8,29.4,2.9,7.0,27.0,3.2,20.1,37.3,2.4
Karachi,Pakistan,2018-07-23,176.4,122.3,214.0,2.43,44.5,25.5,19.5,24.7,53.9,4.2
Karachi,Pakistan,2024-01-12,148.6,87.5,149.0,3.85,37.3,57.2,10.5,34.9,38.6,1.9
Lahore,Pakistan,2022-02-12,158.6,86.5,124.9,1.87,32.2,39.4,9.3,3.9,79.6,14.3
Istanbul,Turkey,2018-07-20,113.9,55.8,104.9,4.55,18.2,23.4,16.1,,21.0,7.4
Lagos,Nigeria,2019-01-18,118.4,79.4,111.8,1.73,30.6,68.4,16.6,17.4,94.0,8.0
Delhi,India,2021-04-11,196.0,118.7,160.7,0.81,54.5,68.6,16.3,18.5,84.0,2.0
Bangkok,Thailand,2018-04-18,95.0,58.4,79.3,1.96,14.3,65.6,4.8,0.2,27.4,5.1
Lagos,Nigeria,2023-10-16,91.6,42.5,58.4,3.04,26.6,56.4,11.5,38.7,,7.2
Lahore,Pakistan,2024-05-16,131.4,65.3,,3.23,35.3,70.0,8.4,,36.7,4.3
Tokyo,Japan,2024-02-09,69.9,30.4,44.8,4.38,15.2,52.8,7.6,6.4,77.1,7.7
Nairobi,Kenya,2015-01-22,76.2,34.5,,1.92,19.4,59.8,6.1,0.7,80.5,9.8
Mumbai,India,2020-08-14,251.4,100.7,,3.38,29.3,67.3,33.3,8.1,32.2,10.5
Seoul,South Korea,2022-10-01,99.8,65.6,107.4,4.58,22.8,37.1,9.7,18.8,81.1,13.0
Beijing,China,2018-02-15,167.7,73.7,107.6,1.72,19.2,73.1,10.4,26.4,57.9,12.6
Nairobi,Kenya,2015-05-06,24.3,15.3,24.3,4.22,2.9,46.7,3.6,37.7,,8.8
Nairobi,Kenya,2020-05-10,107.9,43.2,81.7,1.35,31.6,74.3,7.5,23.6,42.2,2.0
Berlin,Germany,2018-09-29,69.1,31.4,50.0,4.64,7.9,53.0,7.4,29.3,82.0,6.7
Mexico City,Mexico,2018-03-25,184.5,111.0,208.0,2.69,22.6,43.1,22.5,23.1,76.5,7.7
Tehran,Iran,2024-04-11,141.3,61.4,100.5,1.27,41.9,31.9,15.1,-4.9,39.0,4.3
Cairo,Egypt,2024-02-15,120.6,62.0,108.5,3.29,13.4,75.7,9.0,35.1,36.0,8.7
Istanbul,Turkey,2017-08-28,94.9,52.1,67.9,1.95,9.7,61.0,12.8,12.3,59.4,1.5
Tokyo,Japan,2022-09-28,82.6,38.0,63.9,2.4,13.6,57.1,8.3,10.1,71.7,4.6
Sydney,Australia,2023-05-08,18.1,12.4,22.5,2.27,4.5,68.6,1.5,26.7,52.6,12.4
Mumbai,India,2016-06-08,183.5,92.8,147.9,1.93,23.7,24.1,15.1,15.6,47.1,0.7
Beijing,China,2016-06-21,180.4,80.0,115.8,0.87,36.8,25.7,13.6,15.3,32.6,7.0
Karachi,Pakistan,2018-10-31,180.1,125.7,209.9,3.0,52.1,44.0,19.0,12.1,60.9,1.7
Stockholm,Sweden,2018-02-23,42.4,29.5,39.7,4.06,6.3,31.9,5.1,-3.0,54.7,0.5
Stockholm,Sweden,2020-09-05,55.4,34.1,47.4,1.97,15.9,63.5,6.1,20.2,49.9,9.0
Chengdu,China,2024-10-16,157.7,108.9,159.9,2.4,16.5,53.0,13.9,6.2,93.9,6.7
Sydney,Australia,2024-05-09,5.0,2.6,4.0,2.49,1.4,31.6,0.6,-3.3,43.8,7.4
Seoul,South Korea,2023-02-13,82.1,40.0,74.4,1.99,8.5,22.6,10.1,7.2,43.1,9.5
São Paulo,Brazil,2021-07-04,133.1,90.8,172.3,1.43,37.4,37.8,15.4,34.4,66.8,12.2
Istanbul,Turkey,2015-01-17,110.1,76.0,120.7,4.97,17.0,47.7,13.9,38.7,24.0,14.2
Istanbul,Turkey,2020-01-12,107.6,43.3,86.2,1.01,19.3,21.8,8.7,20.6,89.8,14.9
Tehran,Iran,2023-06-01,170.7,90.2,127.4,2.64,49.2,29.9,13.1,35.1,67.0,5.3
Johannesburg,South Africa,2018-10-05,138.7,77.1,,3.31,18.2,33.8,14.6,,75.9,9.0
Paris,France,2024-11-23,51.4,25.6,49.7,0.49,12.2,43.5,4.5,24.3,,11.0
Karachi,Pakistan,2024-01-26,70.7,38.1,53.4,2.93,11.5,57.1,7.3,37.3,52.6,10.1
Nairobi,Kenya,2021-08-20,67.8,41.0,61.0,1.51,14.4,70.9,8.3,17.0,39.1,11.5
Dhaka,Bangladesh,2019-03-23,193.7,87.5,169.0,3.32,26.4,22.2,23.1,22.3,65.8,7.5
Tokyo,Japan,2021-11-11,42.0,27.8,54.7,,8.3,36.4,3.8,30.8,,6.2
Karachi,Pakistan,2024-04-29,152.8,77.7,148.9,4.57,35.5,46.4,15.5,,,14.6
Beijing,China,2016-04-21,135.6,70.1,102.5,2.81,22.9,24.4,13.2,20.7,65.8,1.6
Wuhan,China,2021-11-28,169.3,69.0,,0.59,22.3,30.4,14.0,32.4,84.2,5.9
Cairo,Egypt,2015-09-14,133.2,61.9,99.3,1.59,18.0,29.5,17.0,0.3,66.2,2.9
Lima,Peru,2018-02-06,83.7,38.3,52.9,4.24,21.6,47.7,7.7,28.7,60.2,6.4
Lima,Peru,2016-07-23,114.0,49.8,85.4,4.18,28.4,61.8,16.3,12.8,30.3,2.0
Chengdu,China,2018-12-31,198.1,111.1,175.4,1.24,53.7,23.8,27.7,4.2,,2.0
Buenos Aires,Argentina,2018-03-03,75.9,32.0,49.6,1.48,8.1,51.9,11.4,33.4,32.7,13.3
Berlin,Germany,2019-11-20,67.0,31.2,59.7,3.23,8.5,54.2,6.8,16.2,47.4,7.4
São Paulo,Brazil,2024-04-14,39.5,24.5,47.6,0.51,8.5,65.1,2.4,36.0,38.4,12.6
Lima,Peru,2016-03-15,106.9,73.9,147.6,3.51,17.9,72.5,12.3,9.5,89.9,11.3
Bangkok,Thailand,2015-02-20,105.1,,112.6,2.06,12.5,52.3,14.6,21.3,79.5,1.3
Cairo,Egypt,2020-11-08,133.2,73.2,143.6,0.92,13.6,28.2,8.9,6.3,81.1,6.0
Dhaka,Bangladesh,2019-10-27,151.0,72.7,138.3,0.34,43.3,64.8,13.8,21.0,90.0,8.9
Stockholm,Sweden,2020-05-09,61.1,42.5,72.6,1.03,15.5,79.8,5.9,12.3,61.4,2.9
Paris,France,2019-04-02,54.1,35.2,48.6,4.74,15.6,39.0,6.1,-0.0,26.3,7.8
Karachi,Pakistan,2020-12-23,191.9,121.4,174.8,1.51,31.4,56.3,21.3,4.4,52.8,10.5
Tokyo,Japan,2016-10-27,93.3,39.4,56.7,1.07,21.1,24.1,12.9,,64.8,14.0
Beijing,China,2021-07-12,141.4,81.5,161.8,4.88,21.2,26.1,15.4,13.9,77.1,8.2
Wuhan,China,2022-06-09,138.5,82.3,114.2,3.48,27.4,69.2,8.8,8.5,91.3,8.5
Lima,Peru,2024-04-21,89.5,44.3,60.4,4.07,23.3,57.1,9.7,36.2,33.2,9.4
Nairobi,Kenya,2019-12-02,86.4,38.2,61.4,4.16,21.3,78.4,4.7,12.2,31.9,1.0
Stockholm,Sweden,2024-06-07,15.8,7.0,11.5,4.62,4.0,70.5,2.1,12.5,73.2,11.4
Lahore,Pakistan,2019-12-16,124.7,,133.0,0.38,28.5,60.6,13.1,4.6,56.2,6.3
Istanbul,Turkey,2024-11-08,111.0,50.4,77.3,2.08,22.0,21.8,12.1,11.1,62.1,0.6
Istanbul,Turkey,2020-11-29,114.9,72.4,119.6,4.01,27.5,71.3,5.8,6.8,61.2,14.1
London,UK,2021-04-13,12.7,,11.2,3.96,2.3,39.1,0.7,-2.9,52.9,5.5
Wuhan,China,2015-11-15,156.2,,135.1,0.58,23.0,23.2,12.4,34.1,88.2,5.0
Mumbai,India,2022-08-27,171.2,111.0,210.5,0.52,24.3,32.2,22.7,15.5,47.6,14.4
Karachi,Pakistan,2023-01-17,139.8,74.4,103.3,1.1,17.1,60.8,14.7,20.0,27.4,12.0
Lagos,Nigeria,2019-04-03,116.6,81.0,,0.84,14.0,21.6,14.8,26.2,63.8,11.6
Istanbul,Turkey,2021-12-28,84.1,43.8,78.5,2.07,14.3,71.1,9.0,0.4,50.3,12.1
Karachi,Pakistan,2020-12-09,126.0,59.9,95.6,2.96,12.7,36.1,14.8,25.3,69.0,14.3
Berlin,Germany,2021-04-02,89.6,43.1,80.5,2.13,13.2,53.4,7.1,12.8,72.0,14.9
Tokyo,Japan,2023-01-01,46.1,23.5,30.8,2.48,10.7,50.7,6.3,17.2,54.7,5.0
Mexico City,Mexico,2021-08-28,102.4,68.7,136.4,4.91,30.3,62.7,10.9,2.8,77.5,11.2
Chengdu,China,2017-06-09,189.1,116.4,165.3,1.27,49.7,45.5,14.2,14.0,32.1,13.4
Buenos Aires,Argentina,2023-06-18,62.2,31.5,53.2,4.41,15.9,21.3,8.2,23.7,,9.5
Buenos Aires,Argentina,2017-02-23,126.7,53.4,99.7,3.23,26.9,62.5,13.4,29.5,63.8,8.0
Mexico City,Mexico,2024-05-24,112.5,60.9,,3.24,21.5,28.8,7.3,27.4,69.6,4.3
Chengdu,China,2020-02-10,166.5,88.0,164.6,4.49,36.3,31.1,16.1,17.7,52.4,4.3
Bangkok,Thailand,2020-01-28,150.9,80.6,116.6,4.55,41.8,65.6,13.6,11.7,73.7,9.3
Mexico City,Mexico,2019-01-03,118.8,79.7,108.3,1.89,24.0,61.2,7.0,34.3,23.0,12.9
Dhaka,Bangladesh,2023-01-23,147.1,65.6,122.0,4.34,43.6,26.9,15.1,-1.5,31.7,3.0
Mumbai,India,2022-04-24,222.2,102.1,204.2,1.93,62.5,76.9,32.2,28.9,39.0,2.2
Dhaka,Bangladesh,2022-06-15,218.4,111.0,208.8,3.8,33.9,21.0,16.1,20.5,25.9,10.0
Karachi,Pakistan,2022-02-06,180.2,104.9,171.5,,21.9,44.4,24.9,12.4,51.8,10.2
Berlin,Germany,2017-02-04,6.8,2.8,4.5,1.87,1.5,53.3,0.8,24.4,39.1,4.1
Tehran,Iran,2024-04-26,65.2,40.8,69.3,4.84,11.4,22.6,7.1,10.9,45.7,8.7
Toronto,Canada,2022-12-31,27.4,13.1,20.6,4.49,7.6,34.1,3.3,13.7,90.2,11.1
Johannesburg,South Africa,2022-08-23,27.0,15.7,28.0,3.61,5.3,39.9,3.6,38.1,84.8,10.4
Bangkok,Thailand,2024-09-16,73.6,48.5,93.2,1.04,17.9,36.7,4.4,34.4,41.9,5.5
Istanbul,Turkey,2021-03-06,86.0,45.5,72.1,4.61,14.5,21.8,5.8,27.5,64.3,14.3
São Paulo,Brazil,2024-10-30,39.0,17.9,24.8,2.75,,29.9,4.3,33.9,74.6,10.1
Paris,France,2018-01-01,44.2,18.2,25.5,4.59,6.4,59.7,5.3,24.0,61.5,7.5
Stockholm,Sweden,2023-05-07,24.9,16.8,22.0,0.55,4.9,39.8,2.3,39.9,78.1,13.2
Sydney,Australia,2018-08-17,16.6,9.2,13.3,1.71,2.5,40.8,0.9,21.0,23.4,10.1
Cairo,Egypt,2015-12-29,132.4,65.4,124.2,3.66,35.1,32.0,7.1,33.3,49.0,3.1
Lima,Peru,2018-11-29,107.2,74.9,133.9,0.91,24.2,51.4,15.2,26.1,58.9,9.6
Dhaka,Bangladesh,2018-03-24,205.7,113.7,205.2,0.67,45.9,25.3,27.9,37.4,78.5,10.9
Dhaka,Bangladesh,2023-03-31,154.3,84.0,109.6,4.84,16.4,55.8,13.2,-0.4,21.8,4.3
Johannesburg,South Africa,2017-02-28,68.6,46.8,68.8,,,44.9,9.2,32.7,94.4,12.2
Delhi,India,2020-04-09,202.8,112.0,168.9,1.29,49.4,26.1,11.1,12.2,75.8,13.1
Jakarta,Indonesia,2017-07-15,195.1,127.2,167.6,2.44,24.7,55.0,27.7,-4.7,70.1,12.0
Berlin,Germany,2017-01-09,26.1,16.1,25.1,0.85,6.4,57.6,1.6,36.6,43.2,10.0
Lahore,Pakistan,2018-11-18,218.6,116.5,230.0,4.47,31.5,72.7,17.3,33.4,74.7,5.6
Paris,France,2018-12-24,5.0,2.4,4.7,3.87,0.8,35.3,0.4,6.0,28.3,7.5
Seoul,South Korea,2021-11-14,80.2,32.3,56.0,0.72,21.6,26.4,8.4,25.4,37.2,13.4
Lagos,Nigeria,2020-09-19,129.2,85.0,152.6,1.67,23.0,61.4,8.9,17.3,75.3,10.0
Istanbul,Turkey,2021-02-26,86.2,,113.8,2.45,9.6,70.1,5.3,4.9,69.0,11.3
Tehran,Iran,2021-08-27,164.3,106.8,188.4,2.37,31.7,30.6,21.0,34.0,82.0,8.4
London,UK,2019-06-07,41.4,,49.7,4.92,10.9,36.2,5.5,11.9,58.7,12.0
Chengdu,China,2022-10-08,120.2,56.0,104.1,2.74,32.1,56.1,13.1,12.3,79.2,10.4
Paris,France,2023-05-12,11.5,8.0,13.0,1.79,2.7,33.4,1.5,25.6,85.3,5.3
Johannesburg,South Africa,2015-09-04,68.7,31.5,45.7,3.91,9.7,53.7,7.9,29.8,78.8,10.9
Paris,France,2015-12-11,48.0,27.1,40.7,3.94,12.0,33.8,5.5,-2.4,77.6,11.8
Tehran,Iran,2022-06-29,151.1,69.0,106.7,1.53,26.4,46.8,15.3,-3.4,24.1,10.0
Cairo,Egypt,2018-01-20,139.5,59.5,93.5,2.53,31.7,27.1,20.8,16.4,71.1,13.7
Buenos Aires,Argentina,2021-08-06,5.0,2.7,5.3,4.91,1.5,33.8,0.5,6.7,47.6,1.0
Nairobi,Kenya,2019-10-29,56.9,29.5,45.9,1.61,8.3,64.9,4.5,26.8,,12.1
Paris,France,2023-02-12,62.1,41.9,58.7,0.65,17.8,27.0,4.7,36.8,80.2,5.5
Wuhan,China,2021-11-22,133.1,75.9,102.5,3.6,27.6,54.4,19.9,1.9,69.3,7.2
Karachi,Pakistan,2015-05-31,202.2,132.8,254.4,,33.4,51.8,17.4,7.5,61.4,10.0
Dhaka,Bangladesh,2022-07-18,212.0,145.5,219.6,2.05,49.5,56.0,10.6,9.1,39.0,12.7
Lagos,Nigeria,2020-12-18,63.2,27.5,42.3,2.51,14.8,35.7,8.8,16.8,50.4,9.1
Delhi,India,2017-04-02,147.3,63.6,98.1,0.49,25.8,60.3,19.3,21.1,71.8,12.6
Chengdu,China,2024-03-26,182.0,87.3,148.7,2.3,31.8,31.0,19.3,27.8,62.8,1.5
Paris,France,2019-04-23,5.0,2.0,3.9,3.9,0.6,34.2,0.4,36.0,93.5,1.8
Mumbai,India,2016-11-28,166.2,115.4,229.5,2.52,22.7,52.8,13.6,36.8,81.4,5.0
Los Angeles,USA,2021-09-25,33.1,23.1,41.1,2.3,5.2,20.3,2.2,-4.7,64.8,10.1
Bangkok,Thailand,2021-03-18,100.0,66.2,110.8,2.39,19.8,66.9,5.2,36.3,73.6,13.3
Cairo,Egypt,2019-05-26,195.8,91.6,156.1,2.58,40.6,22.8,27.7,38.0,71.4,4.2
Delhi,India,2015-12-09,136.0,72.9,103.5,1.35,19.3,39.2,8.6,31.4,36.6,6.5
Beijing,China,2018-01-08,165.7,88.6,124.0,,49.5,24.1,12.7,19.2,79.5,0.8
Lahore,Pakistan,2015-12-15,176.1,107.0,173.3,4.16,43.4,65.6,13.9,22.9,30.6,12.4
Paris,France,2019-03-02,41.4,26.8,38.8,0.91,9.8,23.5,3.1,35.9,30.0,5.9
Berlin,Germany,2017-03-03,40.7,25.9,50.2,3.76,11.3,22.1,2.4,28.2,76.5,9.3
Sydney,Australia,2015-02-13,23.9,15.7,26.5,4.75,5.7,48.3,2.2,28.8,67.3,12.4
Sydney,Australia,2019-07-02,55.2,33.7,48.6,3.21,7.7,53.5,7.1,31.6,68.8,11.9
Cairo,Egypt,2020-08-30,131.1,69.6,105.7,3.15,38.4,74.1,7.0,16.6,44.7,7.9
Chengdu,China,2024-11-01,178.1,96.6,192.7,0.42,24.6,61.4,21.3,21.2,92.9,6.5
Dhaka,Bangladesh,2022-02-17,155.7,104.8,175.7,1.96,38.0,57.2,12.6,8.4,49.7,1.5
Wuhan,China,2020-03-22,145.2,86.3,155.9,3.76,25.4,72.4,15.2,14.7,80.8,4.0
Jakarta,Indonesia,2015-07-02,104.7,58.8,113.5,1.25,,61.3,11.7,14.0,91.7,6.9
London,UK,2021-03-19,23.6,11.5,21.2,0.9,6.2,57.5,2.5,5.3,79.0,12.2
Cairo,Egypt,2023-10-10,158.0,81.6,120.2,3.84,36.0,32.4,20.4,34.7,24.4,11.7
Sydney,Australia,2020-03-29,45.5,19.5,,2.68,10.1,39.8,6.5,7.2,68.7,7.7
Lahore,Pakistan,2019-02-03,167.1,76.3,150.3,2.94,36.9,67.0,9.7,27.1,,11.2
Bangkok,Thailand,2017-01-07,70.5,35.8,50.3,4.55,8.7,48.3,5.2,39.8,63.9,2.7
Dhaka,Bangladesh,2018-03-13,221.8,154.7,266.6,2.45,35.2,25.5,16.1,19.9,76.5,13.2
Nairobi,Kenya,2024-01-07,72.2,45.7,77.2,3.41,11.3,39.7,7.3,4.1,,12.7
Bangkok,Thailand,2017-09-28,47.9,32.6,55.7,2.28,5.8,71.0,4.6,20.3,43.5,8.1
Tehran,Iran,2021-07-04,239.6,99.6,156.7,4.63,40.7,66.0,35.4,0.7,45.0,7.4
Tehran,Iran,2019-12-01,125.4,50.6,82.4,2.82,28.2,69.6,9.4,-2.3,26.7,7.7
Ho Chi Minh City,Vietnam,2022-09-20,134.0,83.0,120.1,1.49,23.0,59.3,17.7,19.6,30.0,7.0
São Paulo,Brazil,2019-12-14,18.8,8.0,13.7,4.79,5.0,66.5,2.3,35.4,76.5,9.6
Mexico City,Mexico,2024-01-08,107.3,72.7,124.1,1.17,24.6,47.9,15.4,2.2,73.4,10.4
Stockholm,Sweden,2017-02-12,5.0,2.8,5.4,0.42,0.6,40.8,0.6,15.2,35.2,9.0
Toronto,Canada,2019-03-30,13.3,9.1,,1.54,3.2,39.1,1.3,10.4,86.0,14.9
Lagos,Nigeria,2024-10-02,111.6,45.4,66.0,3.07,15.0,68.7,10.1,22.5,54.2,13.6
Tehran,Iran,2024-08-07,165.6,98.5,156.6,0.37,39.4,69.8,9.7,14.9,32.2,9.4
Dhaka,Bangladesh,2024-02-17,213.6,128.2,195.2,0.96,55.3,39.4,11.2,20.7,38.5,12.7
Berlin,Germany,2023-04-15,5.0,2.8,5.4,3.86,1.2,78.6,0.5,-4.7,52.2,1.9
Tokyo,Japan,2015-03-13,93.2,47.9,78.4,1.1,15.1,36.6,8.1,-0.1,49.8,8.5
Dhaka,Bangladesh,2019-01-11,223.8,90.1,120.1,,61.5,79.9,13.3,-4.2,37.2,7.3
Istanbul,Turkey,2017-02-10,99.0,68.5,131.6,2.94,17.1,39.3,10.6,27.5,56.1,4.9
Karachi,Pakistan,2021-11-30,109.2,68.2,102.1,2.58,31.4,63.4,9.7,19.6,50.4,2.1
Paris,France,2024-10-24,96.5,63.5,103.1,3.05,13.2,41.4,13.8,9.1,38.8,1.3
Toronto,Canada,2020-02-26,93.4,55.4,92.9,2.61,10.7,70.4,9.5,0.9,30.2,7.9
Mexico City,Mexico,2017-04-13,138.3,93.6,154.3,4.9,34.1,68.6,12.3,1.0,71.7,6.4
Tokyo,Japan,2024-06-12,74.7,49.3,78.0,4.78,,55.2,9.5,4.1,24.3,1.7
Los Angeles,USA,2023-12-27,19.4,9.1,13.2,2.46,,79.7,2.3,-3.6,71.9,12.0
Cairo,Egypt,2015-12-15,149.8,72.5,102.1,3.83,22.0,34.7,17.1,30.5,63.7,13.3
Mumbai,India,2018-02-28,208.4,99.1,173.1,4.2,43.3,20.6,24.5,31.6,40.7,1.3
Cairo,Egypt,2017-02-04,127.1,,75.1,2.13,15.6,26.8,16.9,-3.1,71.7,12.3
Tokyo,Japan,2021-04-16,44.2,20.3,35.5,1.78,8.6,70.2,2.8,22.9,90.7,1.3
Buenos Aires,Argentina,2021-01-11,104.1,42.1,61.9,3.8,17.8,25.1,11.7,6.3,72.6,13.6
Stockholm,Sweden,2022-05-12,5.0,2.9,4.8,4.14,0.7,44.1,0.7,27.6,44.0,12.6
Ho Chi Minh City,Vietnam,2022-10-30,142.8,81.8,152.0,3.76,39.0,78.1,7.5,-3.7,64.6,14.3
Buenos Aires,Argentina,2022-11-17,68.8,29.4,57.6,1.17,19.2,78.3,9.5,25.5,75.8,10.6
Berlin,Germany,2019-12-26,13.5,8.4,14.6,3.05,3.1,66.5,1.7,-0.3,47.2,4.3
Sydney,Australia,2019-11-11,5.1,2.1,2.9,3.63,0.8,46.5,0.6,15.0,36.9,8.5
Mumbai,India,2015-04-11,136.2,59.6,87.9,4.75,34.6,25.3,6.9,2.9,90.8,8.9
Los Angeles,USA,2023-10-07,109.7,52.2,78.8,2.81,20.7,62.3,11.0,0.0,32.4,13.6
Bangkok,Thailand,2023-07-24,126.7,69.8,138.1,0.86,25.6,53.8,6.6,13.5,78.7,7.3
Buenos Aires,Argentina,2023-01-03,114.2,67.8,124.4,4.08,27.2,65.0,13.6,19.8,62.5,3.3
Nairobi,Kenya,2021-02-25,91.0,43.2,77.2,4.88,,57.1,9.7,17.0,35.4,5.5
Mumbai,India,2023-03-21,122.2,83.5,133.5,3.06,34.8,51.1,9.2,,48.2,10.9
Wuhan,China,2016-04-20,176.4,88.3,,3.3,30.4,52.0,20.0,13.3,89.4,6.3
Lima,Peru,2018-11-10,84.7,56.4,78.7,0.88,24.3,32.5,5.5,19.1,23.5,9.5
Cairo,Egypt,2020-12-29,89.0,,89.1,3.3,25.7,44.0,5.9,-1.9,92.2,11.6
Cairo,Egypt,2022-09-16,156.6,95.5,147.0,0.88,44.8,49.4,14.0,21.0,28.0,5.0
Tokyo,Japan,2017-10-08,130.6,59.6,78.8,4.8,13.8,20.1,10.8,5.0,63.0,13.5
São Paulo,Brazil,2015-01-01,86.1,54.4,105.3,1.19,17.0,58.5,7.2,28.3,72.9,6.6
Lagos,Nigeria,2021-01-13,147.0,74.1,137.5,4.48,39.3,49.1,8.6,11.7,51.8,14.4
Mexico City,Mexico,2023-08-29,73.1,46.4,78.8,3.11,10.9,23.5,8.9,33.2,50.9,8.5
Beijing,China,2020-09-18,156.1,105.5,176.5,2.33,34.3,27.5,18.0,-0.8,63.3,10.9
Ho Chi Minh City,Vietnam,2016-12-25,94.1,63.4,89.1,1.1,19.1,75.9,8.4,36.7,72.0,11.8
São Paulo,Brazil,2018-02-12,137.2,78.7,145.6,1.59,35.3,62.8,15.1,-3.3,78.1,2.4
Karachi,Pakistan,2022-11-21,199.2,,252.3,2.06,57.4,68.3,26.9,37.0,90.3,4.0
Lahore,Pakistan,2020-10-04,188.0,93.7,166.6,0.59,20.6,41.3,13.0,27.3,91.1,10.1
Mexico City,Mexico,2018-09-09,164.4,66.1,109.6,4.14,37.9,33.7,22.2,,40.9,3.5
Berlin,Germany,2017-11-25,58.1,39.1,53.9,0.36,14.5,38.4,7.7,4.7,56.9,1.0
Cairo,Egypt,2023-06-06,125.2,56.7,85.5,2.55,19.3,22.4,6.6,38.0,44.4,5.3
Lima,Peru,2022-05-08,89.9,53.7,100.0,1.09,20.9,25.9,5.6,5.9,73.2,13.4
Paris,France,2018-10-14,74.9,,65.2,3.65,16.7,51.8,5.5,22.8,21.4,8.6
Tokyo,Japan,2019-09-01,30.6,15.3,24.5,4.16,4.5,63.3,4.4,12.1,22.0,12.5
Lahore,Pakistan,2015-04-06,150.1,77.3,142.1,4.52,29.3,20.3,20.7,2.4,29.5,5.0
Toronto,Canada,2017-01-11,26.0,10.8,18.8,3.45,6.8,43.9,1.5,19.9,29.1,0.7
Mexico City,Mexico,2021-09-06,147.7,77.0,128.3,3.42,26.6,23.1,11.1,3.7,93.3,11.2
Buenos Aires,Argentina,2019-12-16,26.7,11.5,21.2,2.5,7.1,33.6,3.2,0.3,26.7,2.4
Bangkok,Thailand,2016-05-16,84.0,41.7,69.0,4.6,10.7,49.7,7.2,25.5,67.6,8.6
Tehran,Iran,2024-03-18,153.3,106.9,151.7,0.66,38.2,40.6,10.9,,70.6,3.6
Mexico City,Mexico,2021-09-11,94.1,46.9,71.3,2.29,,72.4,7.8,0.3,39.2,1.7
Istanbul,Turkey,2016-12-25,81.0,55.5,100.4,2.08,9.7,49.6,8.1,19.8,71.2,4.3
Istanbul,Turkey,2017-07-12,142.8,91.9,172.5,4.58,42.0,29.6,12.2,33.3,90.0,0.7
Lagos,Nigeria,2020-04-03,116.8,72.9,133.3,2.13,21.2,35.7,10.1,39.2,23.5,5.2
Johannesburg,South Africa,2018-04-07,80.9,41.6,81.8,1.86,21.8,68.9,4.1,13.1,41.0,7.5
Toronto,Canada,2023-09-04,50.2,25.6,34.4,1.03,6.0,55.5,3.9,35.4,32.2,14.0
London,UK,2015-02-04,50.8,25.1,50.3,,7.1,55.4,6.3,39.2,72.6,8.6
London,UK,2017-05-21,94.4,43.9,77.8,1.26,18.7,35.6,7.7,22.6,24.8,0.7
Sydney,Australia,2018-10-30,81.6,36.8,52.9,3.94,15.5,48.2,9.3,27.8,20.3,12.9
Dhaka,Bangladesh,2017-09-15,185.1,74.2,99.0,1.64,49.8,59.2,17.5,14.7,55.0,5.0
Beijing,China,2022-12-31,134.8,73.5,119.4,4.7,33.0,28.7,12.6,8.0,94.0,6.5
Johannesburg,South Africa,2015-05-24,143.0,84.6,111.8,2.79,17.6,29.4,10.2,22.6,49.3,1.7
Beijing,China,2016-04-24,220.3,93.2,164.5,2.92,40.0,75.7,22.4,34.9,63.4,6.0
Paris,France,2017-02-27,61.4,42.7,62.9,1.82,11.1,49.0,7.5,1.2,42.7,8.3
Seoul,South Korea,2015-04-11,58.2,32.7,52.4,3.64,8.2,37.0,5.5,,26.2,2.2
Chengdu,China,2018-10-03,161.6,99.4,174.5,1.13,32.3,67.6,20.6,35.4,87.6,4.3
Mumbai,India,2017-03-30,184.0,109.5,210.3,1.16,45.6,45.4,16.5,-3.4,92.1,10.3
Nairobi,Kenya,2022-09-04,103.4,70.7,100.0,4.92,19.2,78.7,11.7,9.6,48.1,4.7
Jakarta,Indonesia,2015-04-09,83.2,33.7,66.7,3.91,24.0,63.1,8.2,3.5,58.7,10.8
Buenos Aires,Argentina,2022-04-11,68.6,40.2,68.9,0.55,13.5,68.5,8.9,17.8,,12.5
Sydney,Australia,2021-10-06,5.0,2.2,4.3,0.48,0.8,52.9,0.3,5.4,46.5,4.4
Jakarta,Indonesia,2017-09-21,65.8,32.5,43.2,0.53,,26.8,6.4,32.9,47.6,5.5
Seoul,South Korea,2016-08-08,85.1,56.1,,2.99,24.7,69.1,7.8,,29.1,8.5
London,UK,2016-05-29,25.2,12.8,,3.12,4.1,67.5,2.6,23.7,40.9,12.3
Mumbai,India,2017-03-29,168.5,112.7,,4.16,32.1,79.5,19.2,2.0,20.5,14.0
Los Angeles,USA,2024-07-14,93.8,53.9,93.0,1.29,15.7,75.9,13.8,9.0,,4.0
Johannesburg,South Africa,2022-09-20,40.0,25.5,42.1,4.29,9.0,57.7,2.1,28.7,93.3,7.4
Lima,Peru,2017-08-30,52.6,22.8,33.1,2.88,11.1,56.4,5.7,17.3,80.2,14.0
Mexico City,Mexico,2018-06-05,105.2,46.2,73.8,0.42,29.1,34.4,11.0,0.2,61.5,1.1
Beijing,China,2018-10-11,157.6,75.2,121.4,3.21,21.7,68.2,11.0,-4.8,59.3,2.2
Johannesburg,South Africa,2015-01-25,95.7,43.1,80.7,2.51,20.4,31.2,6.2,23.4,39.2,6.1
Cairo,Egypt,2019-10-13,150.9,102.9,164.8,4.61,41.7,30.0,10.2,16.5,59.4,5.4
Jakarta,Indonesia,2017-08-09,100.9,53.4,95.3,0.7,24.4,75.6,12.8,3.6,26.6,7.6
Lahore,Pakistan,2020-06-09,177.6,78.7,141.6,4.12,51.0,56.7,18.0,22.9,,9.6
Mexico City,Mexico,2018-10-28,148.6,87.8,168.2,2.96,29.8,64.0,17.3,-2.4,74.4,6.4
Karachi,Pakistan,2023-01-19,230.9,107.4,164.6,1.61,60.1,76.5,21.1,-1.5,27.0,6.3
Karachi,Pakistan,2019-02-20,143.3,63.6,118.6,2.65,17.5,25.9,13.6,0.3,62.1,6.1
Lima,Peru,2018-07-20,130.2,83.8,,2.71,16.2,46.0,11.4,14.3,28.1,6.3
Buenos Aires,Argentina,2017-05-30,25.9,17.6,25.9,1.71,,26.9,2.2,25.8,41.9,1.6
Berlin,Germany,2016-03-01,90.1,44.8,77.5,4.49,19.0,55.3,7.9,-1.3,,13.9
Nairobi,Kenya,2016-12-15,5.0,2.7,4.7,2.93,1.4,33.4,0.7,26.0,,5.9
Delhi,India,2019-01-24,183.2,87.5,141.9,2.36,37.4,70.8,23.5,34.3,62.9,9.4
Berlin,Germany,2020-03-30,17.3,10.6,15.3,2.53,4.2,66.7,1.3,3.2,41.6,13.8
London,UK,2021-10-17,65.8,45.1,67.8,0.91,17.4,30.3,3.6,3.8,52.8,7.7
Jakarta,Indonesia,2021-06-23,142.6,76.0,131.0,4.68,20.7,32.7,12.7,39.3,45.2,1.1
Nairobi,Kenya,2016-09-01,17.7,11.2,19.3,2.93,2.9,53.1,2.0,3.1,75.2,6.2
Beijing,China,2018-05-03,201.6,91.4,160.8,0.43,26.6,73.5,19.4,17.9,,7.5
Toronto,Canada,2022-08-21,74.4,39.7,56.3,2.86,11.4,76.8,8.0,39.2,23.2,0.7
Stockholm,Sweden,2019-11-14,13.1,8.6,14.4,4.42,1.7,62.0,1.5,19.5,50.4,9.9
Lima,Peru,2018-04-20,59.2,30.6,50.7,2.69,11.0,39.6,5.0,7.0,63.5,12.8
Seoul,South Korea,2021-03-09,75.9,53.0,72.2,1.31,18.7,58.7,4.8,23.4,50.5,14.4
Tokyo,Japan,2024-04-20,56.8,24.3,47.5,4.02,13.3,69.8,4.3,27.7,66.2,12.8
Jakarta,Indonesia,2016-05-14,119.5,75.2,142.6,2.88,21.8,76.9,8.0,-3.4,33.4,10.4
Nairobi,Kenya,2015-04-19,61.7,42.6,68.6,4.91,17.5,44.4,4.1,-1.0,59.9,11.6
Chengdu,China,2022-12-03,209.4,103.8,180.7,,46.2,60.6,18.4,30.4,72.7,10.5
Bangkok,Thailand,2020-07-06,176.7,82.7,151.4,0.87,23.0,44.8,11.2,-4.5,50.9,9.9
Jakarta,Indonesia,2020-08-13,94.4,39.2,,2.76,23.4,67.6,9.6,24.1,87.8,1.4
Stockholm,Sweden,2015-06-05,97.4,39.1,63.2,1.11,22.3,36.1,13.7,-2.1,80.7,6.2
Karachi,Pakistan,2021-11-06,144.1,92.9,136.3,0.54,34.5,32.3,20.6,,44.3,0.7
Karachi,Pakistan,2015-06-01,231.8,143.3,269.8,0.82,58.5,36.7,14.8,7.0,84.3,9.6
Sydney,Australia,2016-04-08,51.5,29.6,47.0,2.26,6.7,40.0,5.2,22.3,25.4,5.3
Nairobi,Kenya,2022-12-24,135.7,80.1,136.2,1.67,36.3,67.1,9.3,24.5,88.0,6.8
Bangkok,Thailand,2015-10-06,104.0,42.3,70.2,1.5,15.9,72.7,8.4,-4.0,60.5,14.6
London,UK,2024-08-12,37.2,24.2,36.0,1.92,6.6,42.8,2.6,36.2,79.5,14.6
Bangkok,Thailand,2017-01-12,45.6,18.8,26.0,1.98,,78.9,6.0,5.7,69.5,9.2
Jakarta,Indonesia,2020-11-22,59.8,24.3,45.0,2.79,12.4,77.4,5.9,9.2,45.5,0.7
Wuhan,China,2023-01-03,163.2,67.4,99.2,0.6,27.1,27.6,23.1,37.2,65.3,12.2
Seoul,South Korea,2022-02-12,100.2,,101.3,2.36,18.0,57.5,14.4,14.9,63.1,7.6
Lahore,Pakistan,2021-05-19,203.8,121.0,161.8,1.78,56.5,55.8,16.0,37.3,79.0,11.2
Berlin,Germany,2023-09-12,18.3,9.9,18.2,4.99,2.5,65.3,2.0,18.9,92.5,5.2
Chengdu,China,2018-11-22,129.6,85.9,115.9,4.14,28.2,29.8,9.4,2.0,73.9,2.6
Ho Chi Minh City,Vietnam,2020-08-29,137.8,93.1,157.5,4.84,24.5,34.7,9.3,16.6,29.8,13.2
Delhi,India,2016-01-10,170.4,96.9,174.9,0.53,24.0,57.3,16.7,22.2,26.7,10.0
São Paulo,Brazil,2015-04-04,17.4,7.9,11.7,2.76,2.6,66.7,1.1,18.2,57.2,2.5
Wuhan,China,2018-10-11,180.3,116.7,183.2,3.52,43.9,59.1,16.8,34.8,77.9,8.4
Wuhan,China,2024-03-05,161.5,108.1,188.2,2.26,17.7,55.8,13.7,19.2,77.5,12.2
Stockholm,Sweden,2020-11-14,5.0,3.0,5.7,3.55,1.3,61.1,0.7,5.0,77.0,2.2
Dhaka,Bangladesh,2016-08-05,117.6,66.9,118.7,1.36,28.2,79.7,14.8,2.8,67.5,0.6
Chengdu,China,2017-10-25,157.6,97.3,189.2,1.38,18.1,80.0,18.8,34.9,30.8,12.1
Jakarta,Indonesia,2015-02-10,112.9,55.2,80.1,4.88,19.5,65.7,14.7,12.4,71.2,2.1
Cairo,Egypt,2015-11-26,122.7,84.7,120.1,2.11,31.7,59.9,13.9,33.4,22.2,11.7
Johannesburg,South Africa,2016-09-11,91.2,46.0,61.4,2.26,20.9,75.1,10.2,33.6,29.1,3.6
Nairobi,Kenya,2021-10-24,70.5,47.0,68.8,3.22,12.2,48.1,9.6,28.1,37.9,5.1
London,UK,2017-11-16,5.0,2.7,4.2,3.48,0.8,30.2,0.6,-3.6,73.9,4.3
Johannesburg,South Africa,2017-02-20,52.5,27.0,37.3,2.11,6.3,49.0,3.5,0.8,63.4,9.6
Johannesburg,South Africa,2016-07-02,68.7,42.7,75.9,0.53,19.8,77.6,5.7,0.9,28.6,12.7
Lahore,Pakistan,2016-06-26,164.3,66.2,128.9,3.09,39.1,69.4,21.7,-1.6,63.0,10.6
Lahore,Pakistan,2022-05-25,154.8,103.1,195.4,3.98,46.1,34.6,15.0,15.1,70.9,12.8
London,UK,2015-08-27,5.0,2.7,4.7,3.79,0.7,77.7,0.3,-4.0,46.9,10.7
Chengdu,China,2018-02-26,165.7,88.0,151.1,4.85,25.4,48.7,19.8,-4.5,48.6,8.7
Mumbai,India,2022-04-01,193.2,134.8,227.7,4.74,23.2,62.1,17.4,28.8,85.1,1.3
Lahore,Pakistan,2018-08-17,160.7,109.3,202.6,3.99,40.6,54.2,23.3,32.4,53.0,11.3
Toronto,Canada,2024-01-27,5.0,3.3,4.3,3.77,1.4,39.7,0.7,13.1,51.6,2.8
Paris,France,2020-02-12,117.7,60.1,103.6,2.15,32.2,77.2,12.9,32.9,84.0,10.8
Wuhan,China,2021-11-09,184.8,82.5,160.4,1.55,27.6,30.0,19.0,25.5,70.7,4.3
São Paulo,Brazil,2020-04-04,81.1,47.3,70.5,1.16,21.8,71.5,6.3,20.2,53.0,2.6
Seoul,South Korea,2023-08-09,26.0,10.5,15.0,1.92,7.0,67.3,2.8,26.3,45.6,14.1
Beijing,China,2016-02-09,159.6,91.4,176.6,4.31,43.5,42.3,21.2,-1.9,56.5,3.9
Tehran,Iran,2021-09-28,160.4,93.9,127.1,0.86,18.7,78.5,8.7,7.1,68.9,12.4
London,UK,2019-10-13,84.6,51.1,74.1,2.64,25.0,71.8,5.9,3.1,82.1,3.4
Delhi,India,2020-10-21,176.6,80.2,105.1,4.41,45.2,48.2,11.6,31.3,47.0,10.1
Seoul,South Korea,2024-02-24,123.2,77.4,145.7,2.38,18.1,29.2,10.4,31.1,40.5,1.2
Wuhan,China,2019-02-04,87.2,35.7,68.6,3.49,13.2,48.1,10.8,36.2,85.6,1.5
Cairo,Egypt,2024-09-21,127.3,62.1,123.1,3.81,30.2,30.9,10.0,22.2,79.7,14.0
Stockholm,Sweden,2024-02-19,106.6,56.0,99.9,0.63,23.5,73.7,12.1,-4.7,72.1,11.0
Bangkok,Thailand,2020-11-22,125.4,81.0,127.0,2.19,28.2,43.9,6.8,27.8,68.1,6.6
Dhaka,Bangladesh,2019-09-12,212.8,106.3,157.3,2.76,55.1,44.2,26.8,15.1,36.1,7.0
Stockholm,Sweden,2020-01-05,5.0,2.3,,1.7,1.2,40.4,0.7,39.5,81.9,8.9
Mumbai,India,2018-03-28,171.1,85.3,118.2,0.67,33.0,78.7,12.8,13.5,68.1,5.6
Mexico City,Mexico,2020-04-06,147.7,100.9,150.6,4.63,40.4,44.4,7.5,33.0,41.5,11.5
Mumbai,India,2015-05-03,167.2,78.0,136.8,3.89,32.6,64.9,15.1,39.1,38.0,11.8
Tehran,Iran,2017-02-11,75.9,40.5,70.5,2.79,19.1,41.6,4.6,17.8,39.4,9.4
Ho Chi Minh City,Vietnam,2019-05-11,142.6,90.4,153.9,2.32,17.7,27.2,16.3,34.6,51.1,8.2
Bangkok,Thailand,2024-08-27,78.8,45.4,63.4,2.91,20.1,20.3,7.3,,59.6,3.9
Karachi,Pakistan,2015-04-08,168.9,107.3,166.7,1.7,35.3,41.9,22.6,30.1,43.4,7.1
Chengdu,China,2022-12-28,173.1,85.7,118.6,0.85,26.9,52.9,24.4,8.6,34.9,7.4
Cairo,Egypt,2021-08-24,111.8,53.8,107.2,2.92,28.7,32.7,11.4,18.0,81.0,0.8
Toronto,Canada,2016-10-15,43.1,18.5,29.9,1.71,7.9,52.7,4.1,-4.0,84.8,1.9
Mexico City,Mexico,2015-12-22,75.5,49.5,83.8,1.45,8.9,60.3,5.3,28.0,82.4,14.8
Lima,Peru,2022-02-20,122.4,80.4,141.8,4.91,32.5,27.5,12.3,35.6,90.8,6.0
Lagos,Nigeria,2016-05-24,118.0,61.7,85.6,4.46,33.8,50.3,6.1,31.7,55.8,1.6
Jakarta,Indonesia,2018-08-10,133.8,65.5,91.0,4.61,39.0,28.3,9.8,21.6,31.3,2.8
Seoul,South Korea,2018-11-03,59.3,40.6,80.1,4.26,14.2,63.2,5.7,18.9,67.6,11.1
London,UK,2023-12-28,8.3,4.4,6.5,0.73,1.2,58.4,0.6,24.1,27.5,1.1
Cairo,Egypt,2017-08-07,103.8,47.3,74.0,4.26,17.9,44.7,8.5,35.5,69.8,3.5
Ho Chi Minh City,Vietnam,2018-01-10,126.9,85.4,152.2,,36.3,66.5,7.5,5.4,57.5,0.7
Johannesburg,South Africa,2022-04-06,76.2,45.5,81.3,,14.5,71.3,9.7,22.6,23.5,10.6
Dhaka,Bangladesh,2020-04-20,142.1,90.0,143.3,4.5,17.2,49.1,10.0,15.4,,12.1
Buenos Aires,Argentina,2023-04-19,98.7,57.2,90.7,2.73,24.0,41.4,8.6,-1.5,61.4,6.5
Nairobi,Kenya,2023-05-03,93.6,42.2,62.8,2.14,12.5,78.3,10.7,-4.5,63.4,11.8
Berlin,Germany,2020-03-26,40.3,23.1,36.0,3.03,6.1,60.0,4.7,19.3,89.3,13.7
Karachi,Pakistan,2015-09-18,142.9,59.5,99.2,0.42,33.7,20.2,7.6,32.5,38.9,1.7
Nairobi,Kenya,2015-10-20,38.1,15.8,28.8,2.62,8.0,65.2,4.9,1.1,41.0,3.0
Lima,Peru,2018-07-22,26.0,11.6,19.2,3.28,6.6,21.0,2.7,7.0,94.4,2.8
Lagos,Nigeria,2018-09-28,117.3,81.1,117.5,4.09,17.4,24.5,6.4,37.7,36.0,4.7
Nairobi,Kenya,2019-10-13,75.2,39.9,53.2,,19.0,25.4,6.4,34.8,37.7,9.4
São Paulo,Brazil,2024-09-28,144.2,93.1,123.4,4.14,18.3,20.9,15.8,6.6,73.2,7.3
Buenos Aires,Argentina,2020-09-05,84.4,36.6,56.8,2.62,19.5,37.6,12.0,35.7,80.0,2.2
Lagos,Nigeria,2022-09-22,102.7,45.7,60.4,2.91,19.8,38.4,9.9,25.8,28.2,4.2
Johannesburg,South Africa,2019-09-10,54.1,28.1,38.9,1.49,14.5,46.4,6.2,,33.7,14.1
Johannesburg,South Africa,2023-03-15,116.1,74.0,113.3,2.94,23.0,77.4,8.6,37.6,73.0,6.5
Paris,France,2021-04-03,11.0,7.5,10.6,3.88,1.8,54.4,0.6,4.2,53.3,10.3
Tokyo,Japan,2016-03-02,60.0,24.5,34.5,3.73,15.7,34.2,4.4,-1.0,31.3,0.6
Bangkok,Thailand,2016-01-31,113.6,77.4,143.9,4.31,25.9,68.7,9.7,4.4,88.4,11.1
Istanbul,Turkey,2020-12-10,141.3,64.8,89.5,1.99,37.7,24.9,9.8,16.4,41.6,11.0
London,UK,2019-12-03,46.4,30.3,54.3,2.65,,36.0,3.5,20.3,32.5,3.0
Mumbai,India,2021-08-11,210.3,122.8,245.2,4.48,50.7,67.1,19.3,8.4,47.6,1.7
Seoul,South Korea,2017-04-26,101.0,46.1,67.3,4.8,12.2,49.9,5.7,-0.9,67.5,9.6
Toronto,Canada,2020-12-04,20.3,,24.0,1.71,3.0,65.3,2.5,1.7,46.2,3.6
Beijing,China,2022-07-01,155.2,63.0,114.0,4.7,20.4,24.1,11.9,33.2,28.0,10.9
Berlin,Germany,2016-07-15,99.0,40.6,78.1,3.92,21.8,30.3,7.7,-2.8,68.4,10.4
Stockholm,Sweden,2019-08-07,65.2,44.6,70.2,2.62,15.6,40.5,8.9,33.1,70.6,8.3
Ho Chi Minh City,Vietnam,2018-12-31,85.9,49.1,79.4,4.15,14.5,72.5,11.3,25.4,39.4,14.6
Sydney,Australia,2022-05-25,32.3,22.4,42.0,4.76,4.6,45.8,1.9,1.2,41.3,14.3
Mexico City,Mexico,2020-11-06,113.9,56.3,110.8,3.78,32.1,75.6,14.2,5.9,94.7,5.2
Los Angeles,USA,2022-07-10,45.4,26.5,41.4,1.45,4.7,72.3,2.9,34.5,65.1,9.5
Ho Chi Minh City,Vietnam,2023-07-30,140.1,66.8,132.9,3.86,27.5,33.6,15.0,5.4,34.5,1.9
Mexico City,Mexico,2020-09-18,97.6,50.5,83.0,3.88,20.8,57.1,11.7,15.3,45.7,12.1
Bangkok,Thailand,2020-07-17,85.9,38.3,75.4,4.67,23.6,45.4,11.5,23.3,,11.7
Wuhan,China,2017-02-07,180.2,118.7,226.1,4.34,38.0,57.0,26.1,0.8,80.5,8.1
Mexico City,Mexico,2024-02-01,98.9,58.5,82.8,4.13,23.2,28.9,5.0,19.5,38.1,13.1
Lagos,Nigeria,2016-08-02,73.0,36.9,52.6,2.66,15.8,54.9,9.9,24.4,75.5,5.2
Johannesburg,South Africa,2019-03-12,128.9,52.3,70.8,2.11,18.3,68.8,15.2,38.7,86.5,14.7
Wuhan,China,2019-11-08,90.5,62.4,98.7,,13.6,45.5,10.0,22.8,76.9,9.9
Tokyo,Japan,2019-02-05,51.5,21.1,37.6,0.7,10.0,73.8,5.6,,80.6,4.9
Berlin,Germany,2024-01-30,82.8,34.7,66.0,,9.8,47.4,7.2,-2.5,32.5,6.9
Wuhan,China,2020-08-11,184.0,80.3,110.3,4.08,36.5,41.6,17.7,13.5,78.6,0.6
Johannesburg,South Africa,2016-05-18,75.4,32.7,52.3,3.32,17.5,67.8,9.9,21.9,46.5,1.2
Beijing,China,2017-02-03,134.1,93.2,172.5,2.2,25.9,64.2,13.6,11.2,46.2,3.5
Buenos Aires,Argentina,2020-05-04,110.1,63.0,115.1,1.81,27.6,67.4,6.7,-0.9,93.9,2.2
Sydney,Australia,2015-01-28,19.7,13.4,,1.96,5.5,61.0,1.7,-2.4,74.1,5.6
Chengdu,China,2017-11-02,112.8,56.6,92.5,3.67,17.5,24.9,10.4,-2.5,72.3,14.4
Mexico City,Mexico,2022-09-20,140.0,67.6,96.4,1.39,20.2,38.8,8.4,35.3,86.4,9.4
Toronto,Canada,2015-04-17,30.6,16.2,,1.08,3.7,71.6,2.6,4.8,56.5,1.0
Paris,France,2021-11-27,26.8,12.7,21.9,3.19,7.0,33.8,2.6,38.3,74.5,14.6
Seoul,South Korea,2019-03-16,41.2,25.8,,3.07,9.9,56.8,4.2,13.7,23.4,13.1
Stockholm,Sweden,2021-01-07,50.6,29.2,43.5,0.43,5.1,24.4,4.3,3.5,39.9,10.6
Wuhan,China,2019-11-04,154.9,108.1,210.9,1.96,25.4,34.5,10.2,15.7,45.6,11.3
Dhaka,Bangladesh,2024-02-13,131.7,81.8,122.8,3.09,30.0,60.3,8.9,7.7,38.5,8.9
Dhaka,Bangladesh,2020-06-14,148.8,74.6,132.8,2.24,23.2,57.0,18.5,6.5,42.5,9.8
Johannesburg,South Africa,2024-08-11,91.2,42.3,74.4,4.56,17.5,39.0,10.6,,47.0,4.2
Lima,Peru,2017-10-18,77.9,43.8,82.0,1.67,11.9,78.3,11.3,34.6,36.1,9.0
Stockholm,Sweden,2018-04-18,35.4,16.3,26.3,2.49,5.2,77.3,3.5,18.6,64.9,13.4
Stockholm,Sweden,2022-11-10,5.0,2.9,4.6,,0.8,62.9,0.6,16.4,27.3,9.6
Los Angeles,USA,2017-03-11,62.5,28.2,38.3,0.49,6.6,70.5,7.7,4.1,88.8,2.5
Toronto,Canada,2023-02-03,16.3,8.2,11.3,4.01,1.8,21.0,2.0,30.1,57.2,5.1
Stockholm,Sweden,2019-07-31,27.3,11.9,19.5,2.61,5.2,66.7,1.6,25.2,50.1,4.0
Lagos,Nigeria,2024-11-24,91.7,64.1,123.2,3.58,15.0,52.2,5.7,10.0,25.1,9.3
Sydney,Australia,2024-03-05,14.4,9.3,17.6,1.12,3.3,77.4,1.8,-4.8,86.2,10.7
São Paulo,Brazil,2022-10-25,58.3,36.1,47.0,2.48,17.5,71.1,6.3,26.2,65.3,12.3
Beijing,China,2020-01-02,149.4,94.1,134.4,2.05,38.4,69.4,16.9,27.1,33.1,5.9
Berlin,Germany,2016-01-13,25.9,12.1,17.0,0.86,7.6,74.4,2.5,19.7,82.9,9.9
Toronto,Canada,2018-09-09,6.5,4.2,6.8,4.88,1.5,58.0,0.4,39.4,25.3,14.8
Johannesburg,South Africa,2021-02-02,102.7,59.8,119.5,4.88,26.9,25.2,9.0,34.0,72.7,2.3
Seoul,South Korea,2023-08-08,111.0,45.0,86.7,3.81,20.8,65.6,15.9,7.6,41.4,7.5
Cairo,Egypt,2018-12-19,93.3,57.6,110.7,1.16,22.6,74.6,5.8,,35.2,6.9
Ho Chi Minh City,Vietnam,2020-05-08,87.6,53.0,83.8,2.97,17.9,61.6,12.2,7.6,64.6,8.8
Ho Chi Minh City,Vietnam,2015-07-30,113.6,76.2,100.1,4.08,22.3,69.1,11.0,24.1,47.2,11.3
Johannesburg,South Africa,2018-11-29,94.7,41.2,55.3,3.77,16.4,43.6,10.2,39.4,32.9,4.8
Toronto,Canada,2024-10-13,71.9,41.6,71.2,1.0,19.2,20.5,6.6,4.7,27.8,5.1
Stockholm,Sweden,2017-06-12,61.1,33.6,64.2,3.12,9.2,50.9,4.4,3.0,91.6,7.3
Sydney,Australia,2018-03-22,23.8,15.1,28.0,4.17,3.3,77.8,1.8,30.0,32.2,13.9
Nairobi,Kenya,2023-04-17,103.6,60.5,104.6,0.3,19.2,62.7,7.1,33.3,69.5,0.6
Ho Chi Minh City,Vietnam,2016-05-12,167.3,106.4,159.3,1.98,33.8,55.0,13.3,39.7,75.3,4.5
Johannesburg,South Africa,2019-07-18,58.8,31.2,59.3,1.85,8.1,22.8,8.7,11.2,36.5,7.6
Istanbul,Turkey,2019-02-27,112.6,47.6,78.8,2.12,23.3,39.2,12.1,-1.3,48.2,3.9
Lagos,Nigeria,2017-11-09,69.6,36.1,63.0,3.26,12.7,30.9,7.5,38.5,33.9,1.5
Toronto,Canada,2024-10-09,5.0,3.3,5.4,1.46,1.5,27.5,0.3,6.0,25.8,11.4
Cairo,Egypt,2015-09-29,107.3,66.4,121.7,1.42,21.8,51.2,14.7,-3.8,43.8,13.3
Cairo,Egypt,2018-08-06,136.7,67.2,,4.15,27.9,51.0,10.6,30.7,75.5,3.9
London,UK,2019-07-02,12.9,8.2,12.8,2.2,2.2,29.7,1.1,31.1,56.8,7.1
Toronto,Canada,2019-10-30,39.8,20.8,31.0,4.95,7.1,67.3,2.8,6.1,62.6,0.6
Mexico City,Mexico,2016-06-30,100.0,58.9,84.7,3.76,11.8,61.5,13.6,37.8,24.1,1.4
Sydney,Australia,2023-10-25,54.6,34.0,61.3,3.18,14.3,22.1,6.8,21.2,88.1,14.1
Stockholm,Sweden,2023-10-12,50.7,34.8,51.8,4.3,11.0,43.7,6.7,34.2,41.2,12.0
Istanbul,Turkey,2022-08-15,89.4,61.2,111.1,3.85,11.3,54.7,7.9,28.0,31.8,4.6
Cairo,Egypt,2020-07-22,118.3,53.3,92.9,1.78,13.8,33.4,16.2,36.0,51.5,9.5
Paris,France,2020-09-21,20.8,11.6,20.8,1.94,5.0,77.7,1.1,2.4,88.7,1.5
Mumbai,India,2023-07-01,141.4,83.1,110.7,0.3,28.3,27.0,19.4,16.6,37.6,2.9
Johannesburg,South Africa,2021-09-27,119.4,50.8,88.3,4.39,30.2,27.1,17.3,-1.9,61.8,14.2
Paris,France,2023-02-04,77.5,46.8,89.0,3.46,8.6,41.1,7.2,19.6,37.2,13.3
Ho Chi Minh City,Vietnam,2023-12-30,154.9,96.0,134.0,4.77,18.3,32.0,9.9,25.0,80.6,4.0
Nairobi,Kenya,2023-04-21,90.4,39.9,60.8,2.6,23.7,42.6,6.1,15.9,55.7,0.7
Toronto,Canada,2019-12-21,68.6,,50.7,0.83,10.7,48.9,4.1,-4.3,29.5,11.2
Dhaka,Bangladesh,2016-03-14,148.6,79.3,104.2,3.64,20.9,25.5,19.9,16.9,76.2,12.4
Paris,France,2024-04-15,29.1,16.5,27.3,0.57,4.7,44.7,1.9,-4.6,76.8,12.8
Mexico City,Mexico,2016-05-17,115.4,46.3,89.0,0.93,20.8,42.0,7.7,21.9,88.9,7.9
Dhaka,Bangladesh,2023-12-02,186.9,89.2,131.6,0.85,51.0,63.5,15.7,10.7,83.4,13.9
Delhi,India,2015-06-04,169.4,70.5,97.9,0.97,26.3,35.4,17.7,37.5,84.6,7.9
Paris,France,2016-12-13,18.8,8.3,12.1,1.46,,57.4,1.6,15.2,33.6,1.3
Sydney,Australia,2018-09-20,5.0,2.1,3.2,4.24,0.9,31.6,0.7,23.8,94.1,4.9
Lahore,Pakistan,2023-09-12,197.4,87.9,129.1,3.6,48.9,77.5,29.2,24.9,47.2,7.1
Lima,Peru,2019-03-19,57.3,29.6,45.5,1.09,9.9,78.2,7.9,22.8,34.5,13.2
Bangkok,Thailand,2020-10-24,163.9,114.1,194.8,4.05,21.4,68.6,20.7,38.6,90.2,3.6
Paris,France,2021-10-12,78.9,53.1,92.9,2.48,9.6,41.1,9.2,30.0,53.5,1.3
Delhi,India,2022-07-03,179.8,122.0,188.8,4.47,46.3,77.7,23.2,9.5,87.5,10.2
Jakarta,Indonesia,2017-08-30,144.8,59.9,93.2,4.0,32.4,51.6,7.3,14.6,31.8,7.1
Berlin,Germany,2015-08-08,31.1,18.0,29.7,0.91,9.3,45.5,3.1,24.1,34.4,3.7
London,UK,2018-10-13,66.8,41.5,66.4,0.51,11.7,33.1,4.8,12.0,93.4,14.4
Bangkok,Thailand,2017-04-21,124.1,50.2,67.2,4.23,26.4,42.4,15.4,0.1,41.5,11.1
Mumbai,India,2016-10-15,156.8,91.0,146.8,1.25,43.5,46.1,17.2,6.4,46.0,1.2
Lahore,Pakistan,2021-04-02,131.0,87.3,156.6,2.45,18.2,78.4,7.5,1.1,40.3,14.3
Los Angeles,USA,2019-05-31,19.5,10.7,19.6,4.67,4.3,43.1,2.9,-3.8,82.4,4.5
Chengdu,China,2022-08-28,146.5,61.0,87.9,3.13,37.0,74.7,9.1,1.3,,11.6
Istanbul,Turkey,2023-12-31,65.1,35.4,49.9,2.08,11.4,58.9,7.2,-2.3,83.6,14.1
Istanbul,Turkey,2019-06-21,82.5,51.0,82.0,3.96,9.5,63.0,7.6,-3.6,60.9,10.6
Lima,Peru,2018-02-24,62.7,27.4,51.3,1.79,,74.4,4.4,16.4,30.3,10.3
Buenos Aires,Argentina,2022-07-20,11.1,6.7,12.3,4.93,1.5,40.7,0.7,34.6,61.1,12.9
London,UK,2020-10-17,5.0,2.9,5.3,3.58,0.8,49.2,0.6,36.9,57.5,4.9
Stockholm,Sweden,2016-08-24,35.6,21.4,,4.53,7.6,67.6,3.1,21.4,50.3,5.4
Dhaka,Bangladesh,2023-02-01,154.3,75.5,118.2,2.03,42.3,30.2,13.6,35.0,21.1,14.2
Bangkok,Thailand,2018-07-31,154.4,107.6,181.7,0.76,41.8,28.0,11.7,34.3,39.2,11.3
Ho Chi Minh City,Vietnam,2018-08-30,100.8,63.3,92.6,2.27,16.5,34.9,8.2,9.5,91.7,8.2
Delhi,India,2023-08-06,174.2,106.5,190.3,2.24,20.8,42.9,26.0,20.0,45.6,11.3
Mexico City,Mexico,2021-08-01,133.5,76.6,133.7,3.05,38.9,50.5,14.6,16.2,65.0,13.4
Beijing,China,2018-12-15,69.8,36.3,68.0,1.39,14.0,75.5,4.6,-4.8,39.9,13.9
Stockholm,Sweden,2016-01-06,22.8,,15.3,3.92,5.7,25.2,3.3,5.7,41.0,6.1
Delhi,India,2022-12-06,203.4,115.8,220.1,0.67,55.2,31.9,17.5,9.4,45.3,13.8
Tokyo,Japan,2021-05-22,61.2,29.4,44.3,4.08,12.7,47.0,8.7,36.9,76.7,8.0
Chengdu,China,2022-11-03,186.5,122.3,208.8,3.2,45.1,72.4,10.2,20.3,47.7,12.6
Beijing,China,2018-01-02,177.5,119.5,165.7,0.72,30.1,79.7,20.1,-3.8,38.7,2.7
Jakarta,Indonesia,2019-01-07,48.8,28.5,41.4,4.21,8.6,49.0,6.0,2.5,39.7,2.7
Lima,Peru,2022-11-13,83.9,36.0,59.2,3.82,16.9,50.5,4.7,30.2,65.3,10.2
Delhi,India,2022-11-29,192.2,115.1,222.2,3.3,49.5,48.8,20.9,3.1,56.6,2.7
Johannesburg,South Africa,2018-03-09,176.1,73.9,125.8,1.65,47.2,42.6,25.0,16.3,83.7,4.8
London,UK,2024-10-18,5.0,3.0,4.5,2.58,0.5,24.7,0.4,31.3,69.5,13.5
Lima,Peru,2018-05-06,97.4,49.9,77.7,4.23,18.0,71.4,9.8,14.1,40.9,2.3
Lahore,Pakistan,2017-11-03,188.3,114.1,222.0,2.14,19.0,58.4,25.8,38.9,47.3,12.4
Wuhan,China,2015-09-13,189.8,84.2,146.6,1.11,35.9,72.8,24.5,20.7,80.7,2.7
Wuhan,China,2016-02-14,179.4,119.7,202.8,4.8,44.1,53.8,19.9,33.2,26.8,2.9
Istanbul,Turkey,2024-03-14,74.6,49.8,97.8,1.97,21.2,52.8,7.3,32.5,61.0,7.1
Nairobi,Kenya,2020-03-26,84.5,49.6,80.4,3.64,25.2,34.8,8.9,32.9,21.3,3.5
Dhaka,Bangladesh,2023-12-20,166.8,94.4,128.4,2.21,34.0,45.4,20.0,29.7,54.5,6.7
Nairobi,Kenya,2019-05-02,111.9,60.9,103.7,0.91,29.9,45.3,13.6,14.3,20.1,6.3
Stockholm,Sweden,2015-01-17,34.8,18.1,27.5,1.25,4.3,63.7,4.4,6.9,57.1,7.2
Buenos Aires,Argentina,2018-11-26,39.9,26.4,49.8,2.26,9.8,49.9,2.3,32.0,,10.7
Nairobi,Kenya,2024-07-11,62.2,37.8,61.6,3.6,6.6,22.5,8.7,28.7,82.1,7.1
Tehran,Iran,2020-12-11,91.7,56.9,106.9,4.56,18.7,44.9,12.2,28.9,85.0,10.0
Bangkok,Thailand,2024-11-10,106.4,45.4,80.6,0.72,26.6,57.7,5.5,22.0,31.0,2.6
Berlin,Germany,2024-05-13,11.3,5.0,7.3,0.3,1.8,57.1,1.2,38.6,29.0,13.1
Toronto,Canada,2022-07-20,38.7,,30.8,0.89,7.6,67.2,5.3,38.3,78.9,9.5
Mexico City,Mexico,2016-01-27,121.0,54.3,96.5,2.33,26.5,73.9,14.0,37.2,85.0,2.4
Tehran,Iran,2024-03-30,157.3,81.1,154.5,1.38,37.5,48.6,19.6,2.4,37.9,4.0
Tokyo,Japan,2018-05-08,86.5,43.6,76.9,4.76,19.2,34.5,11.5,-4.4,39.2,6.1
Chengdu,China,2015-02-19,142.1,,139.6,2.21,22.6,46.0,11.2,5.0,46.3,9.2
Lima,Peru,2018-03-02,82.3,39.4,70.8,0.68,19.2,47.6,8.8,3.3,52.5,11.6
Karachi,Pakistan,2020-04-17,166.7,78.6,121.5,0.32,19.7,27.6,13.2,29.2,58.3,12.0
Mumbai,India,2020-11-19,179.9,122.2,207.6,2.57,49.3,24.3,20.8,0.1,81.5,12.0
Sydney,Australia,2015-05-03,114.3,77.7,101.6,2.03,30.9,74.6,9.3,5.9,54.6,11.3
Istanbul,Turkey,2022-03-25,97.0,42.9,75.9,3.25,21.8,65.3,6.6,26.4,86.5,8.2
Bangkok,Thailand,2018-10-02,145.0,,130.0,1.9,39.3,50.0,19.4,6.3,49.2,12.4
Tokyo,Japan,2019-07-11,50.2,21.9,30.4,2.63,12.4,59.4,4.8,27.8,67.5,9.6
São Paulo,Brazil,2019-06-15,96.5,47.6,73.4,4.1,24.6,35.2,5.4,29.6,50.7,3.7
Beijing,China,2020-05-14,158.9,79.8,142.6,4.89,22.5,34.6,13.3,16.0,72.3,5.6
Lagos,Nigeria,2024-12-01,102.7,63.6,118.0,1.46,13.1,51.7,7.3,11.8,78.3,3.7
Bangkok,Thailand,2017-01-25,60.7,34.5,58.8,3.91,12.5,40.7,8.6,-1.5,80.7,6.4
Delhi,India,2020-10-30,165.1,72.0,104.7,0.87,31.7,41.0,14.1,2.1,69.5,9.3
Ho Chi Minh City,Vietnam,2015-06-19,140.4,57.6,77.8,3.35,25.4,33.8,7.1,24.8,53.1,3.0
Cairo,Egypt,2023-07-12,119.7,60.5,91.4,2.7,18.6,36.4,17.6,6.8,65.4,1.0
Paris,France,2024-03-06,48.9,26.8,41.0,3.59,11.0,56.0,4.1,9.7,85.5,8.4
Chengdu,China,2016-02-05,147.7,83.1,123.6,1.17,23.1,57.7,15.0,2.4,88.1,7.7
Wuhan,China,2021-04-30,168.8,,170.9,4.54,41.1,45.8,24.9,8.4,39.2,13.5
Tehran,Iran,2015-08-11,136.7,68.9,100.7,1.14,22.2,27.5,8.8,29.9,24.8,6.9
São Paulo,Brazil,2022-07-05,78.7,35.3,48.1,3.74,,76.3,8.3,13.1,71.3,3.4
Lagos,Nigeria,2024-10-07,126.9,84.2,134.5,3.87,36.0,59.2,11.1,22.9,47.0,8.7
Seoul,South Korea,2015-05-23,97.4,53.5,76.6,4.49,26.4,53.5,14.3,36.7,87.3,2.4
Lima,Peru,2021-11-14,59.5,37.2,57.3,2.6,13.9,40.6,6.7,6.3,41.9,5.0
Lagos,Nigeria,2021-12-16,117.1,66.7,89.3,3.35,19.4,56.7,15.7,-3.0,65.5,8.7
Bangkok,Thailand,2022-10-22,136.6,81.1,137.0,3.91,16.7,46.6,20.5,26.0,71.3,5.1
Chengdu,China,2021-06-20,144.2,,148.0,4.86,24.8,21.2,16.1,27.0,49.8,3.2
Lahore,Pakistan,2018-05-18,142.9,85.3,140.4,3.79,20.5,70.5,9.4,9.8,64.3,11.2
Seoul,South Korea,2017-04-18,87.9,40.9,74.0,3.57,22.0,75.0,10.7,10.8,79.3,10.6
Cairo,Egypt,2023-05-05,136.4,69.0,134.2,2.71,30.8,44.9,17.5,10.3,80.8,2.1
Istanbul,Turkey,2021-07-25,152.0,85.1,118.6,2.54,44.5,65.3,12.2,37.5,78.4,5.8
Bangkok,Thailand,2018-03-09,93.4,47.0,93.6,3.23,24.7,46.8,6.5,9.6,46.0,8.7
Istanbul,Turkey,2015-06-07,70.1,38.5,75.5,1.89,7.7,56.5,8.0,16.6,49.8,13.4
Buenos Aires,Argentina,2021-01-10,58.0,34.9,57.6,0.62,9.3,37.1,3.2,33.0,85.0,13.7
Lagos,Nigeria,2021-11-12,104.2,68.5,113.5,0.44,22.6,43.4,10.6,14.8,57.3,2.1
Berlin,Germany,2018-11-26,97.3,47.1,76.9,1.97,27.3,27.4,11.9,22.5,80.5,8.4
Cairo,Egypt,2020-05-05,123.0,66.7,96.0,0.69,12.8,65.9,12.1,33.0,47.1,10.7
Lagos,Nigeria,2015-07-20,84.1,49.1,76.5,0.68,24.3,70.2,6.8,38.1,42.5,6.9
Tehran,Iran,2023-09-30,107.1,56.0,91.2,0.88,11.1,75.1,9.1,-0.4,76.9,4.8
Buenos Aires,Argentina,2021-09-16,29.2,20.1,39.1,0.8,8.2,73.5,3.3,18.8,36.3,2.3
Istanbul,Turkey,2022-10-18,111.4,50.6,76.1,2.87,25.1,24.3,12.4,28.1,33.6,4.1
Cairo,Egypt,2020-04-15,158.0,103.6,206.5,2.26,27.7,55.6,18.8,34.1,48.0,11.6
Lahore,Pakistan,2018-11-30,159.1,95.2,149.1,1.68,31.4,73.7,18.7,22.5,74.0,11.1
Istanbul,Turkey,2017-03-04,154.1,72.4,119.9,0.99,30.0,61.6,7.8,,92.2,14.0
Los Angeles,USA,2018-12-19,21.2,10.6,19.6,4.32,3.8,38.7,2.5,27.3,93.8,10.6
Tokyo,Japan,2023-02-18,68.8,28.8,42.6,1.37,8.2,46.7,5.4,36.6,50.3,13.2
Los Angeles,USA,2023-04-16,49.8,20.4,33.5,1.37,8.0,61.1,5.1,35.0,90.2,10.5
Lahore,Pakistan,2022-12-25,207.7,95.2,129.1,1.86,34.3,59.9,27.8,8.4,51.9,2.0
Beijing,China,2024-03-29,138.7,58.6,106.0,3.64,23.5,53.8,8.3,13.7,84.3,10.1
Dhaka,Bangladesh,2022-01-28,127.2,83.2,147.9,2.43,30.3,30.4,13.4,22.8,89.6,1.5
Delhi,India,2019-12-28,169.5,87.3,121.5,1.35,34.0,39.1,12.1,12.7,72.6,2.2
Delhi,India,2020-07-23,187.1,82.0,130.6,2.84,38.5,42.8,19.3,-0.8,69.1,7.7
Delhi,India,2017-09-14,159.6,80.6,146.4,1.88,34.1,77.7,9.3,3.6,56.0,11.2
Bangkok,Thailand,2015-01-14,110.2,48.0,,3.33,,78.6,13.9,17.2,41.9,13.9
London,UK,2020-01-26,39.2,,,4.69,4.2,71.8,5.1,31.7,64.8,1.3
Wuhan,China,2016-11-24,138.3,72.2,120.5,3.78,30.3,37.6,15.2,-1.3,20.4,6.3
Buenos Aires,Argentina,2021-08-02,71.0,46.9,65.1,4.83,20.2,56.0,4.0,15.4,33.4,9.6
Tokyo,Japan,2022-12-14,98.7,53.8,77.6,1.15,14.8,21.8,12.0,8.8,72.4,10.0
Toronto,Canada,2020-09-01,59.3,40.0,63.3,2.67,14.8,68.2,8.4,17.4,34.5,11.6
Berlin,Germany,2020-06-22,5.0,2.6,4.6,3.55,1.2,31.6,0.7,3.0,27.2,10.1
London,UK,2023-07-07,107.2,60.2,80.1,3.5,18.4,76.1,7.4,8.6,57.9,7.4
Paris,France,2023-10-26,86.7,42.9,60.1,4.16,16.5,54.4,9.1,20.9,72.9,9.6
São Paulo,Brazil,2024-07-14,32.7,18.8,30.2,0.49,8.1,36.5,4.6,7.6,94.7,7.2
Berlin,Germany,2023-11-22,52.0,22.0,29.8,0.56,8.0,39.5,3.2,14.7,47.4,9.7
Ho Chi Minh City,Vietnam,2017-10-16,116.3,78.4,108.8,3.46,26.3,66.7,14.5,-3.5,49.1,5.2
Bangkok,Thailand,2020-11-09,98.2,62.1,111.5,2.38,27.3,21.0,7.2,26.3,58.1,8.2
Jakarta,Indonesia,2020-09-28,109.8,53.6,87.3,4.17,20.8,73.9,6.8,7.2,25.3,7.9
Los Angeles,USA,2021-12-04,44.8,28.6,38.0,,8.2,32.1,4.9,12.4,34.8,12.5
Seoul,South Korea,2023-07-17,85.0,,79.4,3.71,18.9,25.3,12.2,1.5,53.8,10.4
Lagos,Nigeria,2024-06-20,100.6,66.9,126.0,0.94,22.5,23.1,12.3,28.1,45.8,11.9
São Paulo,Brazil,2019-11-21,5.0,2.2,3.6,1.03,1.2,55.7,0.4,6.1,55.7,7.9
Nairobi,Kenya,2022-09-04,88.4,43.4,68.7,1.91,15.8,54.0,9.3,11.3,65.2,9.4
Buenos Aires,Argentina,2019-05-06,40.9,23.0,41.4,1.31,10.5,55.2,3.0,2.3,38.4,11.5
Ho Chi Minh City,Vietnam,2016-02-16,127.3,77.0,129.5,2.87,34.4,72.5,13.2,-2.1,32.1,14.3
Dhaka,Bangladesh,2016-02-25,179.5,77.9,151.5,4.66,40.0,43.3,19.9,23.2,66.7,11.1
Nairobi,Kenya,2024-06-14,117.3,50.5,75.7,1.94,26.7,30.3,12.2,3.3,46.7,14.1
Tehran,Iran,2022-04-02,143.3,78.9,149.4,0.67,42.4,47.7,16.9,27.8,67.2,13.4
Mexico City,Mexico,2021-06-09,126.5,70.8,113.4,3.61,22.6,73.6,12.5,19.1,57.0,9.5
Mexico City,Mexico,2020-01-11,110.4,69.5,121.9,4.82,15.1,61.6,14.5,36.0,59.6,5.8
Jakarta,Indonesia,2018-02-05,110.3,70.3,114.6,3.36,17.2,56.9,11.5,-3.2,84.9,7.6
Beijing,China,2023-06-05,170.0,72.1,,4.78,50.8,67.9,17.3,35.5,28.4,14.2
Mumbai,India,2019-01-18,142.5,93.8,165.9,4.81,38.9,73.3,16.1,32.5,76.8,2.8
Tehran,Iran,2018-08-29,120.8,56.6,93.6,4.55,,47.2,14.1,3.3,31.5,2.8
Paris,France,2018-02-06,22.3,13.7,21.0,4.54,6.5,43.9,2.3,11.1,37.1,11.8
Lima,Peru,2019-07-22,70.9,29.9,41.5,3.25,14.8,34.4,4.5,34.8,30.1,1.7
Seoul,South Korea,2017-11-27,132.7,76.3,101.9,1.23,18.6,30.3,15.4,36.8,77.2,7.4
Beijing,China,2017-03-18,203.6,103.4,150.7,3.13,36.3,20.8,10.6,7.3,58.4,5.6
Lagos,Nigeria,2023-04-21,61.2,,39.0,4.76,9.9,20.9,7.1,5.5,62.5,2.7
Stockholm,Sweden,2020-10-04,31.8,19.5,31.1,4.82,5.9,34.4,2.0,4.4,62.9,4.1
Lahore,Pakistan,2018-11-02,175.4,90.3,173.4,2.92,39.4,53.4,24.3,-2.1,25.1,10.7
Berlin,Germany,2023-07-23,5.0,2.4,3.5,4.59,0.8,58.9,0.6,-4.0,22.5,5.3
Jakarta,Indonesia,2023-07-02,93.9,44.9,58.4,,11.1,33.2,7.8,0.8,73.0,4.2
Tehran,Iran,2015-07-25,165.9,70.7,102.6,4.37,43.9,31.5,10.1,33.5,33.4,13.1
Tehran,Iran,2021-02-03,146.4,74.3,112.2,4.78,16.6,74.5,12.1,6.1,86.2,4.7
Mexico City,Mexico,2019-04-20,70.5,48.8,71.2,4.57,15.4,65.3,7.6,22.8,31.6,2.7
Lagos,Nigeria,2024-03-20,190.5,96.0,172.6,3.7,40.5,44.1,22.4,25.9,80.7,12.3
Delhi,India,2020-06-23,144.6,94.6,156.2,2.6,30.5,27.6,15.4,19.8,76.6,9.7
Cairo,Egypt,2022-09-18,74.3,31.5,58.0,3.83,11.4,61.9,8.6,8.4,74.3,14.0
Dhaka,Bangladesh,2017-04-27,156.1,96.8,130.7,2.68,31.8,33.7,8.5,5.1,37.3,10.5
Lima,Peru,2019-10-15,40.7,20.4,27.3,,7.9,40.7,4.9,25.7,44.6,10.8
Los Angeles,USA,2020-07-19,76.8,47.5,90.6,2.65,11.3,70.2,5.2,37.2,43.0,0.8
Istanbul,Turkey,2023-12-07,67.4,35.3,47.3,2.22,9.5,21.1,5.4,5.2,51.5,11.5
Berlin,Germany,2020-05-26,20.7,8.4,16.3,1.78,4.3,48.2,2.2,34.8,85.0,14.7
Dhaka,Bangladesh,2015-06-17,210.0,142.1,232.7,0.51,27.1,40.0,25.7,-1.3,47.1,14.7
Tehran,Iran,2018-08-04,119.6,48.4,66.4,1.84,26.5,31.8,6.6,-0.9,52.0,11.7
Wuhan,China,2021-07-04,163.3,65.7,104.2,2.91,33.1,44.3,21.0,17.6,67.7,3.2
Tokyo,Japan,2020-09-24,51.2,25.9,49.8,4.53,7.4,65.2,3.1,-3.7,82.7,2.4
Cairo,Egypt,2018-12-21,62.6,36.4,68.1,1.19,7.7,24.6,3.3,0.2,90.7,1.9
Cairo,Egypt,2015-07-24,136.2,55.8,95.9,4.54,22.4,38.8,10.2,17.7,37.8,11.0
Cairo,Egypt,2016-07-10,150.5,78.3,141.4,0.76,37.6,56.2,17.0,-2.1,66.4,7.7
Chengdu,China,2019-09-11,104.4,55.0,95.1,1.71,16.1,49.9,11.4,20.5,86.1,11.7
Bangkok,Thailand,2022-11-11,56.6,32.2,51.3,2.0,16.5,47.4,6.9,38.5,31.3,1.3
Buenos Aires,Argentina,2022-08-28,97.3,43.0,73.8,1.03,17.1,40.7,10.8,-1.4,27.8,9.3
Wuhan,China,2017-05-04,184.4,92.6,129.9,4.46,20.4,63.0,11.8,23.7,69.8,12.2
Sydney,Australia,2016-12-12,70.2,44.4,73.2,5.0,13.5,61.8,8.2,18.3,63.9,12.1
London,UK,2015-12-07,39.3,21.0,37.1,0.47,4.8,27.5,3.6,34.2,68.2,14.6
Jakarta,Indonesia,2017-06-01,91.5,37.3,70.0,1.06,13.1,40.4,11.8,23.1,39.9,2.9
Tehran,Iran,2022-10-19,174.0,77.4,147.7,4.64,51.1,70.1,24.1,31.7,91.9,12.8
Toronto,Canada,2021-08-28,65.0,37.9,64.4,3.62,15.6,25.2,5.1,35.0,64.3,5.3
Stockholm,Sweden,2017-03-23,5.0,2.4,3.8,1.6,1.4,63.7,0.5,37.0,89.6,10.8
Tokyo,Japan,2019-01-16,76.6,45.5,63.8,3.96,23.0,29.3,9.7,1.6,91.3,6.5
Lima,Peru,2023-04-21,22.3,14.2,23.2,1.66,5.6,58.1,3.1,6.2,90.5,9.8
Lagos,Nigeria,2024-06-03,119.1,73.9,146.3,4.29,34.0,63.8,15.7,8.0,70.2,3.5
London,UK,2018-11-06,55.6,31.9,58.9,0.69,7.6,25.6,6.3,-1.4,27.0,4.3
Berlin,Germany,2019-11-07,27.5,16.1,25.6,1.14,6.4,39.8,3.7,39.5,78.4,11.3
Lagos,Nigeria,2024-12-10,111.8,62.6,83.7,3.72,26.3,36.2,11.6,25.6,47.6,11.0
Istanbul,Turkey,2016-06-20,73.3,38.1,55.9,3.95,15.7,42.8,3.8,9.7,82.7,11.3
Mexico City,Mexico,2023-02-18,79.8,51.1,72.8,4.94,21.8,74.8,10.1,27.0,38.3,9.0
Wuhan,China,2018-10-11,137.4,94.0,149.1,1.78,16.7,40.5,15.3,1.6,65.4,11.2
Wuhan,China,2015-02-19,113.0,78.6,126.1,0.45,30.6,25.0,15.4,39.2,88.0,14.5
Los Angeles,USA,2024-04-28,27.7,14.7,,2.89,3.2,72.4,2.3,21.3,73.4,11.8
Jakarta,Indonesia,2016-01-27,145.3,79.5,109.7,2.78,38.4,65.3,8.0,17.1,83.9,9.9
Lima,Peru,2022-04-27,93.6,42.3,,3.28,13.1,53.0,12.3,11.9,38.5,10.7
São Paulo,Brazil,2020-01-13,22.8,14.8,29.1,4.83,4.3,57.4,3.1,5.1,22.1,6.1
Istanbul,Turkey,2015-01-14,193.9,117.8,200.5,0.56,41.1,58.9,22.1,27.8,59.0,13.6
Paris,France,2019-12-28,64.6,41.0,77.1,3.35,8.1,39.9,3.4,8.3,,12.2
London,UK,2015-12-23,95.5,63.0,124.6,4.49,18.5,64.8,7.1,-2.1,24.1,4.0
Cairo,Egypt,2017-10-02,148.9,85.4,168.8,0.75,23.0,42.4,9.2,8.5,71.9,7.4
Tokyo,Japan,2016-04-10,105.8,73.8,,3.83,18.5,71.6,9.7,37.1,75.8,10.8
Cairo,Egypt,2016-08-20,118.0,75.4,103.6,2.83,,73.0,12.6,6.6,83.7,11.6
Jakarta,Indonesia,2024-08-05,103.5,69.8,96.7,3.28,18.6,79.5,14.7,30.3,34.9,10.6
Jakarta,Indonesia,2015-10-15,121.4,53.5,99.3,0.71,23.8,45.6,15.9,14.2,72.1,7.4
Toronto,Canada,2018-01-26,18.0,11.0,15.3,1.13,5.2,35.2,1.5,23.5,53.0,8.6
Stockholm,Sweden,2018-09-18,10.8,6.5,9.2,3.81,2.2,69.0,0.7,12.0,83.5,12.1
Dhaka,Bangladesh,2018-08-25,181.3,73.5,145.2,1.12,50.9,60.7,26.1,6.2,45.9,2.9
Toronto,Canada,2018-12-19,5.0,3.4,5.8,2.26,0.8,55.1,0.6,13.3,37.3,9.0
Karachi,Pakistan,2020-06-01,169.5,89.9,169.7,1.48,19.2,71.2,18.5,6.7,45.7,6.7
Lima,Peru,2022-08-04,78.9,42.7,67.3,3.97,9.0,59.2,7.5,10.1,89.6,11.8
Lima,Peru,2024-02-05,106.6,74.2,132.8,3.55,23.7,22.4,11.6,31.2,49.7,9.0
Mumbai,India,2018-09-10,194.9,88.0,131.7,0.82,39.0,70.4,18.2,-1.9,39.8,13.4
Jakarta,Indonesia,2021-10-09,174.1,104.3,190.2,1.86,27.5,61.1,23.0,13.6,44.1,12.5
Los Angeles,USA,2023-07-28,20.3,10.2,17.0,4.82,5.1,33.3,1.6,6.9,83.6,9.8
Beijing,China,2018-11-01,124.9,75.4,136.3,1.73,36.3,66.5,10.8,13.5,73.7,4.9
Berlin,Germany,2018-07-22,68.5,40.2,56.1,4.97,10.8,43.0,5.0,24.0,24.5,14.0
London,UK,2020-12-07,41.5,23.0,41.1,3.18,8.4,67.3,4.0,10.0,73.9,14.1
Buenos Aires,Argentina,2018-01-01,71.0,34.4,63.0,3.88,10.9,43.1,4.6,-1.4,80.6,5.9
Cairo,Egypt,2018-03-30,122.7,85.3,132.8,1.07,33.5,63.4,14.3,8.4,51.2,12.7
Ho Chi Minh City,Vietnam,2016-10-27,125.8,63.4,87.2,4.53,36.6,63.1,15.0,19.2,92.9,10.6
London,UK,2021-01-23,47.6,22.1,37.8,3.89,4.8,69.4,4.6,15.8,52.6,10.5
Tehran,Iran,2016-09-24,159.9,93.1,123.9,4.11,42.1,38.7,9.7,28.6,55.3,13.9
Mumbai,India,2018-08-22,201.5,112.4,217.7,4.73,57.6,55.9,20.5,7.1,32.2,8.6
Lahore,Pakistan,2018-07-28,202.9,91.6,142.0,1.18,40.6,59.8,24.3,19.0,59.1,7.4
London,UK,2019-01-18,83.8,39.9,71.5,4.33,18.3,27.1,6.9,-0.8,42.7,3.6
Toronto,Canada,2021-06-23,78.1,41.2,74.3,,10.2,34.2,8.2,15.2,23.2,3.5
Nairobi,Kenya,2021-10-26,34.4,20.9,31.3,0.47,8.5,38.7,3.6,29.8,72.7,5.6
London,UK,2024-10-05,71.0,48.1,83.1,3.61,19.4,70.6,6.0,39.6,22.1,14.8
Dhaka,Bangladesh,2024-08-03,204.8,96.9,141.3,3.32,49.4,20.4,19.5,17.0,40.4,8.4
Jakarta,Indonesia,2021-11-17,115.4,57.3,103.2,4.41,25.1,24.5,13.6,35.4,57.8,7.7
London,UK,2020-09-13,79.7,47.3,68.8,1.64,,47.4,7.2,-4.0,86.3,13.3
Mexico City,Mexico,2017-09-06,125.4,76.6,109.0,2.67,23.6,59.4,12.2,,42.2,1.2
Delhi,India,2024-05-28,123.1,69.6,113.0,1.5,14.5,28.3,12.1,,27.5,10.3
Sydney,Australia,2024-05-15,18.5,8.9,15.8,3.53,4.5,73.4,1.7,6.0,60.8,1.4
London,UK,2019-07-23,47.6,25.3,37.5,1.48,7.0,69.8,7.1,19.1,26.0,11.4
Lagos,Nigeria,2017-08-09,140.6,,166.3,2.68,31.5,20.8,16.2,26.9,74.2,8.7
Sydney,Australia,2016-09-05,9.7,6.5,11.2,3.72,1.6,75.2,1.0,25.6,91.4,13.8
Ho Chi Minh City,Vietnam,2023-01-06,139.1,62.6,123.0,4.93,16.8,47.0,14.6,-0.9,34.2,8.3
Mexico City,Mexico,2024-06-10,104.7,54.6,107.1,2.75,12.2,36.4,10.1,37.9,62.7,10.6
Berlin,Germany,2020-02-14,5.0,2.8,5.5,2.39,1.2,48.3,0.3,7.2,25.0,6.9
Buenos Aires,Argentina,2015-02-21,63.2,34.0,56.8,1.17,13.1,41.9,5.0,21.4,31.1,13.6
Istanbul,Turkey,2022-04-04,46.0,27.5,41.6,3.24,,43.5,3.6,2.6,36.3,10.0
Cairo,Egypt,2024-07-07,102.2,,65.4,1.39,16.8,34.5,11.9,23.7,88.4,10.6
Lahore,Pakistan,2021-07-14,161.5,101.0,144.2,2.93,18.6,22.8,15.6,-0.3,43.0,5.4
Los Angeles,USA,2015-04-09,52.9,33.4,48.2,4.08,14.1,79.3,5.0,11.7,72.7,1.3
Beijing,China,2022-12-29,97.3,48.7,88.2,0.85,22.1,36.2,11.2,,28.6,4.1
Lagos,Nigeria,2016-03-26,106.5,73.1,128.7,4.23,31.5,52.4,7.9,36.8,72.4,14.4
Paris,France,2022-02-03,10.5,6.6,12.7,3.87,2.2,48.3,1.4,29.7,47.5,7.7
Sydney,Australia,2021-03-05,50.0,25.0,42.0,4.21,7.6,27.4,7.2,26.7,33.3,12.4
Delhi,India,2022-10-12,170.2,110.9,165.6,2.41,40.6,43.4,9.7,1.1,64.8,5.9
Delhi,India,2024-12-07,166.4,82.2,147.9,2.44,39.8,20.8,8.5,20.2,93.7,4.4
Nairobi,Kenya,2020-04-21,123.7,55.9,84.8,0.67,34.2,38.6,9.0,27.9,35.0,4.0
Mumbai,India,2019-03-21,218.1,112.3,207.3,3.79,56.5,31.2,22.2,27.1,41.3,12.7
Delhi,India,2022-04-10,158.4,72.6,110.0,4.37,28.0,53.7,22.9,24.3,70.7,4.1
Ho Chi Minh City,Vietnam,2023-08-03,153.5,67.4,101.0,0.61,,28.9,20.6,36.6,70.2,2.0
Mumbai,India,2024-03-17,173.9,119.9,167.3,2.92,29.7,79.9,13.7,-2.9,72.7,5.2
Tehran,Iran,2022-02-17,141.7,72.6,121.7,4.31,41.7,65.2,17.9,18.8,27.3,10.2
Beijing,China,2020-12-17,131.1,62.1,111.5,3.39,21.3,66.3,18.9,19.5,70.8,4.4
Stockholm,Sweden,2021-04-22,47.1,31.9,57.6,4.11,9.0,75.2,5.8,9.7,22.6,8.3
Tehran,Iran,2024-06-10,130.0,85.6,161.3,1.31,24.1,56.8,15.2,10.1,,9.1
Los Angeles,USA,2018-12-29,86.3,38.9,74.3,1.43,21.5,30.6,10.0,35.3,20.7,14.7
Beijing,China,2022-01-01,209.4,84.5,160.6,3.63,25.4,76.2,24.5,-0.0,84.5,7.5
Jakarta,Indonesia,2021-11-18,136.5,80.1,154.5,4.35,19.8,72.7,11.9,14.4,92.9,11.5
Sydney,Australia,2020-01-04,57.5,34.1,57.3,0.85,15.9,69.3,7.3,20.2,36.6,13.3
Seoul,South Korea,2016-07-19,95.0,38.4,56.0,2.42,21.4,62.5,12.2,20.0,69.2,12.3
Istanbul,Turkey,2022-05-11,124.6,85.5,163.5,1.1,36.1,32.3,18.6,26.6,67.1,5.2
Ho Chi Minh City,Vietnam,2016-02-07,182.1,123.7,182.9,3.89,35.3,32.8,24.6,25.6,,8.4
São Paulo,Brazil,2017-09-03,21.2,8.9,14.2,4.08,5.8,66.5,1.7,17.8,75.6,2.7
Chengdu,China,2023-12-21,182.1,78.9,120.9,2.85,43.7,63.8,13.7,-4.4,72.0,13.7
Ho Chi Minh City,Vietnam,2024-10-11,143.9,84.4,167.6,2.34,29.5,20.7,20.8,21.3,49.3,1.1
Ho Chi Minh City,Vietnam,2017-07-14,89.9,57.1,,1.25,24.6,67.0,13.0,-5.0,54.3,15.0
Ho Chi Minh City,Vietnam,2022-08-25,135.8,92.5,180.7,3.09,34.0,71.5,12.1,21.1,33.2,14.8
Johannesburg,South Africa,2021-07-30,174.8,92.8,120.8,1.38,21.0,39.4,12.9,29.3,57.9,12.3
Istanbul,Turkey,2023-07-04,68.6,,78.4,4.28,7.7,54.7,6.3,22.0,84.7,0.7
Stockholm,Sweden,2017-10-11,5.0,2.5,3.7,0.48,,34.0,0.7,38.0,63.2,5.9
Chengdu,China,2024-02-13,116.3,47.4,92.4,2.22,18.8,27.6,16.9,31.5,74.3,14.0
Karachi,Pakistan,2022-02-18,195.8,123.4,208.5,1.01,56.4,38.9,21.1,-4.1,52.2,9.4
Tehran,Iran,2024-11-14,119.2,64.7,92.8,1.95,29.2,78.2,11.5,25.9,93.2,11.7
Toronto,Canada,2021-07-21,16.0,10.7,19.1,1.41,3.9,56.0,1.3,20.1,59.5,7.9
Beijing,China,2021-12-30,142.7,57.1,85.0,2.33,17.9,64.9,19.2,31.8,54.5,10.5
Tokyo,Japan,2018-04-19,62.3,28.2,50.6,2.6,11.6,74.8,7.5,26.1,27.3,1.8
Karachi,Pakistan,2018-07-01,184.4,82.4,133.3,2.98,32.8,25.1,22.9,34.8,32.1,12.9
Wuhan,China,2018-12-04,182.9,127.7,217.8,4.66,51.8,37.4,9.4,14.8,84.6,12.6
Delhi,India,2021-09-29,249.6,111.6,153.4,4.79,46.0,58.9,35.1,34.1,62.5,7.6
Buenos Aires,Argentina,2019-10-16,102.2,41.6,78.1,4.99,29.7,41.6,10.5,5.6,42.7,7.1
Istanbul,Turkey,2022-07-29,50.4,,32.2,2.92,7.2,24.7,5.2,23.7,68.1,5.7
Tehran,Iran,2017-07-13,154.1,61.8,82.2,0.9,28.4,40.0,10.4,-0.0,90.4,13.7
Seoul,South Korea,2015-01-27,71.1,33.8,51.6,3.43,11.3,51.8,8.2,18.4,51.0,5.5
Chengdu,China,2021-11-13,161.4,92.7,165.5,3.74,32.0,38.8,22.8,-2.9,46.7,10.2
Buenos Aires,Argentina,2018-02-23,98.4,41.5,73.2,2.59,23.3,39.0,11.9,3.1,78.2,11.4
Seoul,South Korea,2017-09-15,101.4,50.4,75.4,2.19,15.9,34.9,12.9,26.5,28.2,8.6
Lima,Peru,2021-07-12,50.9,35.2,56.2,0.49,8.5,38.8,2.6,17.0,87.9,12.1
Tehran,Iran,2021-10-21,104.2,52.4,72.6,0.77,22.4,68.8,6.2,10.1,29.2,5.0
Istanbul,Turkey,2022-11-26,74.1,30.4,53.3,0.58,13.7,48.4,6.7,23.7,93.0,4.4
Lahore,Pakistan,2016-11-19,181.2,112.0,158.6,3.84,42.6,79.7,20.3,13.7,91.5,9.6
Toronto,Canada,2017-07-31,23.5,9.5,17.4,0.86,6.7,77.7,1.7,0.1,64.6,3.6
Berlin,Germany,2015-07-29,82.6,57.8,93.6,3.52,13.9,71.8,4.4,17.2,33.3,3.1
Ho Chi Minh City,Vietnam,2021-01-16,118.1,58.1,94.3,1.74,22.6,37.2,15.4,20.1,32.1,0.6
Sydney,Australia,2018-10-08,5.0,2.4,4.2,4.12,0.6,26.6,0.4,14.9,49.6,9.8
Paris,France,2024-03-26,25.8,14.2,26.4,4.66,5.5,28.3,3.2,30.8,34.7,10.3
Ho Chi Minh City,Vietnam,2016-06-12,111.2,,80.3,2.77,,78.7,10.0,14.6,24.1,11.7
Dhaka,Bangladesh,2023-10-22,223.7,116.5,209.3,3.23,56.8,38.8,25.7,23.2,26.8,4.6
Toronto,Canada,2021-12-16,28.8,13.5,18.9,0.94,4.9,68.2,4.2,20.7,67.6,11.8
Bangkok,Thailand,2019-05-04,68.1,44.6,85.6,3.25,14.1,43.5,6.6,10.5,52.0,13.5
Buenos Aires,Argentina,2019-12-20,28.1,11.9,22.4,4.39,5.3,52.5,3.5,11.9,35.1,2.2
Lima,Peru,2021-07-23,56.7,33.7,51.9,4.38,6.7,45.0,4.3,34.9,80.5,14.8
São Paulo,Brazil,2015-08-01,67.8,30.3,40.2,2.48,8.5,40.9,5.3,38.9,69.4,6.5
Berlin,Germany,2019-11-29,51.2,21.5,32.9,2.72,5.7,28.8,7.1,3.1,89.1,1.9
Ho Chi Minh City,Vietnam,2015-08-21,197.2,95.5,142.4,2.61,33.7,24.7,16.8,6.5,83.7,12.7
Chengdu,China,2024-08-02,117.6,72.8,117.6,4.38,18.2,25.3,15.3,34.1,83.0,5.3
Nairobi,Kenya,2018-01-02,106.1,73.7,116.2,3.95,14.2,43.0,12.8,4.3,44.0,8.7
Stockholm,Sweden,2016-07-08,20.7,10.5,16.4,0.82,6.1,56.7,2.1,4.5,56.6,7.0
Karachi,Pakistan,2024-02-01,128.0,78.5,151.9,0.31,27.0,63.9,18.0,11.1,88.0,12.5
Cairo,Egypt,2018-09-17,122.4,58.4,102.6,1.52,20.8,48.0,12.2,3.5,72.0,14.9
Stockholm,Sweden,2018-07-27,5.0,2.5,3.9,3.74,0.9,50.4,0.5,20.0,41.8,7.9
Delhi,India,2023-10-21,244.5,152.2,,3.99,64.8,21.1,32.5,24.2,27.3,15.0
Berlin,Germany,2023-07-28,69.8,28.8,51.9,0.98,14.7,25.8,8.2,15.9,20.5,1.5
Tokyo,Japan,2022-04-23,52.8,27.5,48.6,2.13,9.1,71.3,7.2,36.4,81.7,2.3
Paris,France,2024-08-11,17.3,9.7,17.5,0.74,2.9,31.3,2.6,9.3,71.8,13.8
Sydney,Australia,2024-03-22,35.1,18.2,27.6,4.1,4.9,63.0,4.7,33.2,20.7,7.7
Chengdu,China,2021-03-16,161.1,85.1,125.2,4.27,26.4,69.6,22.4,-2.4,58.2,6.6
Ho Chi Minh City,Vietnam,2022-12-20,141.8,72.5,121.3,0.91,38.9,53.5,12.0,5.9,66.2,11.9
São Paulo,Brazil,2019-12-26,80.7,56.0,110.6,3.12,17.5,26.3,11.5,31.1,57.5,4.9
Lahore,Pakistan,2020-11-02,180.1,87.8,147.5,1.23,47.0,65.2,14.3,0.3,33.3,9.4
Delhi,India,2019-02-01,207.2,88.0,150.2,2.18,25.7,50.6,21.1,12.0,24.1,3.5
Chengdu,China,2021-05-14,145.6,70.3,99.3,2.59,26.1,59.9,15.4,2.6,71.6,7.2
São Paulo,Brazil,2020-10-12,81.0,47.4,88.9,3.88,22.3,37.5,7.4,-2.2,50.9,3.7
Los Angeles,USA,2018-06-27,51.2,30.6,56.5,3.08,11.2,34.1,6.0,1.5,40.7,3.1
Toronto,Canada,2017-05-06,43.3,28.9,43.5,2.11,8.4,25.4,5.7,0.4,,13.9
Lagos,Nigeria,2015-08-18,123.5,55.6,89.2,0.95,15.3,65.4,11.0,-5.0,,12.4
Tehran,Iran,2018-03-26,125.5,62.0,107.5,3.43,13.2,74.4,16.3,0.9,20.8,11.7
Stockholm,Sweden,2023-02-21,52.0,34.1,44.4,1.6,14.8,24.9,5.8,17.8,31.4,1.1
Nairobi,Kenya,2022-10-11,57.0,34.6,58.3,,13.3,31.5,5.5,19.7,,6.3
Sydney,Australia,2019-07-19,51.8,30.9,54.0,4.49,15.5,54.0,4.4,,30.7,7.9
São Paulo,Brazil,2024-08-11,76.2,43.0,65.5,4.2,19.0,66.3,4.9,12.9,60.3,2.3
Wuhan,China,2022-08-07,202.7,86.4,170.3,3.83,45.4,32.3,16.9,1.5,60.2,12.4
Karachi,Pakistan,2024-03-10,163.2,100.2,193.1,3.84,33.5,26.3,20.5,-0.2,46.1,5.0
Istanbul,Turkey,2024-05-19,85.0,42.4,78.0,1.11,22.9,71.5,8.4,-0.2,63.2,12.4
Stockholm,Sweden,2015-03-15,44.5,31.0,58.2,1.25,8.4,26.2,2.5,26.8,88.5,14.6
Lima,Peru,2016-05-22,102.7,47.3,80.0,1.24,16.3,70.2,13.5,35.3,56.2,8.7
Lima,Peru,2016-02-01,99.2,,82.2,4.52,14.4,73.7,11.9,14.1,34.7,3.4
Berlin,Germany,2023-08-22,17.6,9.2,15.8,1.85,2.6,70.2,2.5,26.7,32.1,1.8
Lagos,Nigeria,2023-10-29,172.2,115.7,202.8,4.61,21.3,62.6,24.6,15.8,,8.5
Beijing,China,2022-01-13,182.5,114.0,184.7,0.46,42.2,35.3,14.4,-4.1,61.8,4.7
Mumbai,India,2020-02-13,157.8,77.1,138.7,1.49,29.9,29.6,11.9,-0.6,52.0,13.9
Dhaka,Bangladesh,2020-05-19,213.8,113.6,171.4,2.01,54.4,46.1,24.6,38.7,66.2,5.4
Delhi,India,2024-07-18,212.6,,196.1,2.89,62.9,74.5,28.1,-3.5,48.5,8.8
Karachi,Pakistan,2021-12-12,202.8,127.6,247.1,4.0,29.2,49.1,18.1,29.5,87.1,4.7
Paris,France,2015-07-02,92.9,60.5,99.5,2.37,24.9,71.6,5.8,35.9,40.8,10.2
Tokyo,Japan,2019-03-20,66.9,32.4,49.0,3.62,9.0,71.5,4.8,10.8,40.0,4.1
Chengdu,China,2018-01-25,174.7,109.0,144.9,4.44,22.8,55.3,19.9,23.3,,14.0
Mexico City,Mexico,2023-07-10,63.6,36.5,56.8,1.81,17.6,71.2,5.1,1.9,84.6,9.3
Stockholm,Sweden,2016-01-06,10.7,4.9,8.2,2.83,1.6,78.9,1.0,26.9,39.4,6.7
Berlin,Germany,2024-12-02,46.9,20.8,35.7,2.37,6.8,25.9,4.4,24.3,66.9,11.7
Sydney,Australia,2018-03-23,47.8,33.1,44.1,2.78,7.9,26.3,4.5,23.9,59.6,0.9
Nairobi,Kenya,2020-05-10,21.1,9.9,15.3,1.77,5.7,22.9,1.8,12.8,66.4,11.9
Buenos Aires,Argentina,2019-06-18,42.9,28.9,45.9,0.35,10.0,56.2,2.7,38.2,62.1,7.3
Lahore,Pakistan,2015-01-09,188.2,87.1,171.4,3.6,40.2,57.9,25.2,,28.6,10.6
Bangkok,Thailand,2015-03-15,73.4,40.0,71.0,1.13,16.9,69.5,4.8,26.8,25.1,0.6
Nairobi,Kenya,2021-01-28,68.6,40.5,59.2,0.88,18.7,57.5,4.5,23.3,75.1,9.2
Paris,France,2016-04-08,86.7,58.0,92.0,3.22,25.2,60.3,12.2,25.8,25.1,3.4
Johannesburg,South Africa,2024-05-15,100.1,65.4,104.4,1.06,13.2,74.3,6.7,12.4,87.6,1.0
Jakarta,Indonesia,2020-05-08,96.5,55.1,90.3,0.77,14.8,64.4,12.1,21.9,28.3,12.9
Jakarta,Indonesia,2016-12-23,111.1,68.4,91.0,1.86,21.7,21.7,7.5,9.4,93.7,11.8
Delhi,India,2021-07-19,143.0,,155.2,3.17,22.8,35.8,12.0,9.1,25.8,12.1
Bangkok,Thailand,2017-04-19,129.9,79.5,118.9,3.13,13.9,26.4,11.2,7.1,46.5,14.0
Johannesburg,South Africa,2017-05-23,48.0,24.3,43.1,4.87,11.5,73.1,3.1,3.2,85.8,9.3
Lima,Peru,2020-01-19,69.8,30.1,50.2,1.22,9.9,35.4,6.7,17.2,85.4,13.4
Berlin,Germany,2017-10-02,67.1,42.8,79.6,0.38,16.8,71.2,7.4,28.8,78.2,7.8
Jakarta,Indonesia,2015-11-06,102.7,65.5,127.2,4.63,21.2,21.9,5.3,37.3,45.3,6.0
Johannesburg,South Africa,2018-02-08,107.9,68.6,101.5,3.79,25.3,51.5,8.9,34.3,50.2,5.9
Jakarta,Indonesia,2024-01-04,73.5,49.7,82.3,3.7,14.1,33.1,4.6,,21.6,8.5
Sydney,Australia,2024-04-16,5.0,2.5,4.4,3.16,0.8,40.6,0.6,20.0,73.9,14.2
Sydney,Australia,2022-05-24,27.6,13.5,24.8,2.42,7.0,73.2,2.1,5.7,52.4,1.2
Sydney,Australia,2023-12-11,12.0,6.5,11.1,0.65,2.9,51.6,1.3,27.6,70.7,1.9
Buenos Aires,Argentina,2021-12-07,102.2,59.6,107.3,1.53,14.7,69.6,9.1,20.9,61.4,9.0
Cairo,Egypt,2016-12-20,118.0,64.2,124.0,2.13,30.3,37.2,16.0,13.9,46.6,10.6
Ho Chi Minh City,Vietnam,2022-12-06,124.5,50.3,67.3,2.36,27.2,73.2,18.5,39.1,61.8,1.0
Bangkok,Thailand,2024-09-27,130.2,52.9,87.7,3.37,20.5,38.9,11.6,7.4,52.8,2.8
Lahore,Pakistan,2024-05-04,164.8,67.7,107.6,3.62,33.2,51.8,15.7,21.3,37.2,3.5
Seoul,South Korea,2015-09-16,123.1,83.1,,1.7,29.0,45.9,18.1,31.5,81.1,9.0
Lagos,Nigeria,2016-02-17,104.2,67.7,89.2,0.88,27.9,33.1,14.0,5.6,77.8,8.4
Dhaka,Bangladesh,2020-10-15,182.6,125.6,196.1,1.87,43.1,44.1,13.0,2.3,34.4,10.7
Karachi,Pakistan,2021-04-01,153.0,,158.4,2.78,34.3,54.8,22.5,34.9,23.3,12.6
Mexico City,Mexico,2024-04-27,76.5,48.4,63.2,2.1,8.0,77.2,3.9,2.0,60.4,9.9
Lagos,Nigeria,2024-10-25,139.7,83.2,156.1,2.55,32.9,64.0,15.6,10.8,,9.9
Tokyo,Japan,2016-10-12,111.5,44.8,72.0,3.23,15.5,74.1,11.7,10.5,21.4,7.5
Paris,France,2019-04-03,68.4,47.3,74.0,4.63,16.2,24.4,9.8,2.6,,13.9
Beijing,China,2021-04-25,165.6,110.6,155.7,0.5,34.2,78.5,20.0,8.7,70.2,1.1
Nairobi,Kenya,2024-11-06,104.6,49.3,65.8,1.47,25.6,53.1,5.5,13.4,76.4,14.3
Lagos,Nigeria,2017-09-14,98.0,58.2,81.9,4.6,25.0,45.2,10.6,19.4,,13.0
Lagos,Nigeria,2021-07-15,69.6,42.1,57.9,2.46,15.8,20.8,4.2,-0.9,48.1,9.5
Los Angeles,USA,2018-11-14,37.1,19.5,27.3,0.42,7.9,72.8,5.1,-0.5,31.1,7.6
Seoul,South Korea,2021-09-16,72.9,44.5,73.3,0.39,11.4,74.1,7.4,30.9,50.2,10.3
Toronto,Canada,2020-12-25,65.2,27.8,39.8,2.48,14.8,58.2,7.6,27.1,57.9,8.8
Lagos,Nigeria,2019-07-29,130.8,71.9,131.0,4.1,32.2,49.2,10.2,15.0,20.7,9.2
Johannesburg,South Africa,2021-06-04,100.7,40.7,69.2,3.3,25.9,24.1,5.1,29.5,41.8,13.4
Ho Chi Minh City,Vietnam,2019-06-26,99.9,57.5,79.1,2.19,27.6,56.5,11.9,5.2,89.2,9.5
Chengdu,China,2023-01-17,193.3,127.2,188.7,3.1,56.0,56.4,25.4,15.8,73.9,0.8
Seoul,South Korea,2017-01-14,75.1,45.2,70.1,2.26,12.4,51.5,4.6,33.0,55.9,1.1
Karachi,Pakistan,2016-11-26,161.6,100.3,172.8,,48.2,31.1,21.4,0.6,33.5,4.8
London,UK,2017-06-22,16.8,9.0,14.2,2.61,3.8,45.4,2.5,1.1,55.7,6.5
Istanbul,Turkey,2017-01-25,71.9,37.8,,2.36,13.5,36.2,4.0,18.1,78.1,2.6
Ho Chi Minh City,Vietnam,2019-11-08,141.5,80.2,149.8,3.44,18.0,74.4,17.2,-3.4,63.5,7.5
Stockholm,Sweden,2019-01-05,37.1,18.3,26.9,0.41,,43.8,3.5,28.1,50.3,3.3
Buenos Aires,Argentina,2021-09-18,35.6,15.0,29.7,0.61,5.0,45.7,5.1,3.0,50.0,14.8
Seoul,South Korea,2016-11-09,94.2,52.0,67.7,0.45,22.3,32.7,9.2,19.8,70.1,1.7
Los Angeles,USA,2018-07-04,57.2,,57.2,2.09,14.2,34.9,6.0,24.7,85.9,5.5
Beijing,China,2017-05-26,142.8,,88.0,,26.4,62.4,13.7,-2.8,76.7,8.2
Tokyo,Japan,2018-11-11,31.8,18.8,31.5,1.68,4.7,33.8,2.9,2.7,83.3,12.2
Ho Chi Minh City,Vietnam,2024-07-11,169.6,69.2,104.0,0.94,24.8,51.1,10.3,5.3,62.4,7.9
Lima,Peru,2023-11-16,96.7,43.0,67.1,4.64,25.1,55.8,12.3,15.2,88.3,9.2
Beijing,China,2015-07-02,199.7,118.3,159.9,3.14,51.3,20.0,27.8,37.9,29.6,8.3
Stockholm,Sweden,2016-06-06,64.9,31.5,54.6,1.72,11.2,64.8,7.0,18.3,44.3,10.7
Lahore,Pakistan,2018-08-13,176.5,99.1,184.6,2.58,27.5,29.3,18.7,14.1,49.8,5.6
Paris,France,2018-11-25,73.7,40.9,68.6,1.75,16.4,44.2,9.4,18.8,41.7,2.6
Mumbai,India,2023-02-20,162.0,109.2,171.6,3.81,31.1,73.5,8.6,6.7,60.9,5.2
Mumbai,India,2021-02-06,174.7,105.9,139.6,3.12,46.7,38.9,11.2,28.2,87.5,10.0
São Paulo,Brazil,2024-01-06,80.0,54.4,83.9,3.8,22.4,51.3,9.0,38.7,38.8,5.7
Tokyo,Japan,2023-03-16,63.1,31.7,,0.54,13.4,57.6,3.7,6.0,52.5,11.8
Nairobi,Kenya,2017-02-03,73.9,46.3,60.3,3.87,20.6,39.0,6.2,-5.0,52.2,9.4
Toronto,Canada,2023-07-18,146.4,87.4,136.0,3.46,22.0,66.5,15.4,19.0,56.6,12.7
Tehran,Iran,2024-03-19,151.8,84.1,113.4,3.03,17.6,63.5,17.5,17.2,76.2,4.6
Istanbul,Turkey,2021-08-18,63.1,25.5,,0.56,7.6,49.7,5.5,19.0,82.6,2.8
Beijing,China,2016-12-10,146.6,66.3,123.8,4.57,16.9,54.8,21.1,24.0,81.5,3.8
Cairo,Egypt,2017-03-16,165.1,84.7,133.5,4.0,29.9,34.2,22.9,30.2,70.0,3.5
Mexico City,Mexico,2018-08-08,205.7,98.1,136.0,2.01,38.2,23.2,21.9,-4.9,31.3,2.6
Berlin,Germany,2023-10-09,15.2,8.3,15.7,1.54,2.2,68.2,1.4,7.3,51.4,6.7
Lagos,Nigeria,2017-07-20,180.6,80.8,116.0,3.72,46.4,24.5,26.9,14.5,63.9,9.1
Chengdu,China,2019-01-01,104.8,72.2,124.6,2.23,18.6,21.5,5.3,,56.8,1.0
Sydney,Australia,2022-12-07,71.1,37.7,69.8,3.28,7.6,78.1,4.8,7.4,80.7,3.3
Lima,Peru,2023-04-22,56.7,37.4,65.3,1.72,13.0,68.8,5.1,20.7,94.1,14.5
Mumbai,India,2016-02-05,188.6,90.6,160.3,1.95,46.0,42.0,27.2,1.2,25.1,11.8
Ho Chi Minh City,Vietnam,2021-07-31,112.7,60.8,118.9,3.07,26.2,21.2,13.2,12.5,54.5,12.2
Seoul,South Korea,2018-06-24,103.3,54.1,72.3,0.39,11.3,77.5,8.5,26.5,64.6,8.8
Lagos,Nigeria,2021-02-18,157.2,77.1,148.2,4.62,36.0,71.8,8.8,-0.5,61.9,12.8
Lahore,Pakistan,2020-10-22,162.6,113.2,207.9,2.0,48.2,25.5,15.7,-2.4,45.1,3.7
Istanbul,Turkey,2022-06-27,95.7,63.7,88.7,0.32,9.9,32.6,5.9,19.9,,9.3
Stockholm,Sweden,2016-04-06,48.4,22.6,35.7,3.68,11.4,53.7,7.2,0.9,56.6,9.5
Istanbul,Turkey,2024-03-05,137.3,77.3,124.4,4.63,27.6,76.4,17.2,2.6,32.6,5.1
Ho Chi Minh City,Vietnam,2021-06-03,163.8,85.2,149.4,4.91,22.7,41.5,8.6,5.4,78.5,10.0
Delhi,India,2021-03-06,184.0,116.6,192.1,4.62,49.9,61.5,12.0,17.4,84.8,9.3
Dhaka,Bangladesh,2021-04-09,172.2,116.6,208.1,3.35,39.9,39.1,17.7,23.3,42.9,12.0
Tehran,Iran,2023-10-11,132.4,55.8,80.4,2.22,37.3,44.9,7.8,3.8,60.8,3.1
London,UK,2016-06-22,72.9,47.7,90.3,2.08,18.0,55.0,3.8,,24.0,1.7
Mumbai,India,2017-04-18,201.0,138.4,261.7,2.36,30.1,24.3,18.7,22.0,79.8,1.2
Los Angeles,USA,2019-10-18,8.8,3.9,7.3,3.58,1.6,42.1,1.2,-0.9,31.0,13.6
Mexico City,Mexico,2015-04-17,89.5,56.6,98.3,1.67,25.7,49.5,7.0,11.5,21.3,4.2
Tehran,Iran,2024-12-28,130.4,53.9,75.3,1.25,23.9,55.0,10.7,1.4,90.5,8.0
London,UK,2023-01-08,38.4,23.3,35.0,2.93,8.5,41.1,4.5,,47.3,0.7
Cairo,Egypt,2015-12-24,93.8,63.8,112.1,2.74,9.6,26.2,12.1,12.5,23.4,12.5
Cairo,Egypt,2016-08-03,113.4,58.5,115.9,0.37,27.7,76.9,6.4,34.0,51.2,13.2
Stockholm,Sweden,2019-02-10,65.6,34.8,51.6,1.54,10.9,57.0,8.8,17.5,50.3,12.0
Lahore,Pakistan,2015-12-31,184.8,112.1,154.0,0.83,42.3,25.0,12.1,23.1,52.9,8.6
Berlin,Germany,2016-12-16,51.7,30.2,48.7,4.08,11.7,31.6,6.5,17.6,22.8,6.2
Toronto,Canada,2018-10-13,96.8,62.0,90.8,2.43,10.7,72.9,9.1,33.5,70.8,5.1
Bangkok,Thailand,2020-11-26,37.5,22.5,41.4,3.54,7.2,35.6,4.9,10.6,66.0,2.2
Cairo,Egypt,2016-01-02,117.7,80.7,130.4,2.88,,67.7,17.2,7.0,55.2,7.1
Ho Chi Minh City,Vietnam,2018-01-11,135.0,75.7,120.5,2.84,35.2,49.5,17.2,13.7,33.7,6.5
Seoul,South Korea,2024-02-21,112.7,73.9,135.9,2.06,24.3,41.6,13.6,14.6,77.4,0.7
Karachi,Pakistan,2019-07-21,135.0,86.6,161.8,1.59,28.6,40.9,9.3,31.3,94.4,8.7
Wuhan,China,2023-12-28,187.3,94.1,181.7,4.58,29.4,25.0,26.8,8.5,29.0,5.5
Tokyo,Japan,2023-05-04,29.0,15.2,24.2,2.34,8.1,23.6,4.2,25.0,72.3,2.8
Seoul,South Korea,2020-03-27,56.9,23.6,41.5,1.9,12.0,65.2,6.0,-1.8,24.6,13.1
Karachi,Pakistan,2023-06-15,133.2,81.2,127.5,2.44,31.3,57.4,17.0,28.7,53.0,3.3
Berlin,Germany,2018-09-03,24.0,14.7,21.8,2.37,2.9,27.3,1.8,-1.2,40.6,8.7
Bangkok,Thailand,2017-04-23,102.7,52.3,76.2,0.45,17.0,67.4,10.6,29.9,50.9,12.7
Lagos,Nigeria,2020-10-31,97.6,63.0,102.9,3.81,14.4,49.2,12.0,16.8,54.4,12.3
Lima,Peru,2015-09-26,114.5,74.8,103.5,4.3,11.7,71.3,8.8,21.0,20.7,11.1
Bangkok,Thailand,2019-05-17,96.9,63.4,107.0,4.22,21.6,64.8,12.1,6.1,63.3,13.2
Wuhan,China,2024-05-22,113.3,67.5,124.6,0.47,13.4,66.7,10.6,25.0,81.5,11.5
London,UK,2015-02-24,14.2,7.9,11.1,,4.2,38.3,1.3,29.4,25.7,11.5
Lima,Peru,2019-08-09,91.8,43.8,76.5,4.57,16.6,76.6,13.2,4.3,52.4,14.9
Sydney,Australia,2020-03-30,5.0,2.7,4.3,4.11,0.7,33.3,0.3,2.5,39.3,8.2
Dhaka,Bangladesh,2015-04-22,161.9,94.0,150.3,4.25,,37.2,20.8,8.9,42.2,3.3
Paris,France,2021-08-24,51.4,24.6,40.0,4.12,13.3,71.3,3.4,21.4,88.6,1.1
Mumbai,India,2022-05-20,203.4,125.2,243.8,2.69,54.9,22.7,18.7,14.8,60.4,7.5
Tehran,Iran,2020-01-29,105.0,44.5,66.0,4.85,19.8,54.3,6.1,7.8,23.0,2.5
Nairobi,Kenya,2015-09-15,95.1,45.2,69.3,2.98,11.1,68.4,9.4,38.4,28.8,2.4
Toronto,Canada,2017-04-12,50.8,23.5,41.9,4.75,6.0,34.5,3.7,17.9,53.9,11.0
São Paulo,Brazil,2021-02-14,136.6,89.1,,0.36,19.5,22.1,12.2,11.1,27.4,11.4
Beijing,China,2022-12-21,205.2,96.0,175.8,3.44,28.4,79.0,13.9,29.7,92.6,11.0
Los Angeles,USA,2022-06-23,46.9,22.7,39.7,4.45,10.5,78.6,3.4,32.2,89.5,6.7
Buenos Aires,Argentina,2018-03-12,79.1,36.4,71.7,4.54,9.0,51.3,8.1,-2.4,23.0,0.6
Lagos,Nigeria,2016-05-24,148.1,59.6,105.2,4.59,25.3,38.8,16.7,9.8,50.2,4.5
Wuhan,China,2015-01-13,122.0,73.7,143.3,3.04,12.4,35.8,17.7,36.0,28.7,13.7
Paris,France,2018-05-04,5.0,2.8,4.4,0.94,1.3,71.9,0.7,4.5,52.1,3.0
Lahore,Pakistan,2017-10-24,153.5,98.5,168.1,2.87,37.3,26.8,11.5,9.1,59.9,14.7
Tehran,Iran,2020-09-06,115.9,61.5,121.9,1.02,33.8,31.4,16.1,32.4,86.2,13.4
Bangkok,Thailand,2023-12-29,77.1,48.9,86.9,4.43,15.3,44.8,9.5,7.1,81.5,4.6
Stockholm,Sweden,2020-06-04,66.8,40.6,80.9,0.96,11.3,42.8,3.7,-3.1,22.2,6.4
Seoul,South Korea,2019-12-12,90.6,55.6,89.6,1.54,9.3,30.5,8.0,11.7,39.5,15.0
Wuhan,China,2017-05-31,115.7,80.8,148.7,2.97,28.8,75.0,16.9,30.4,,6.3
Delhi,India,2016-02-23,185.8,119.4,218.6,4.53,,61.4,21.3,30.9,21.8,12.5
London,UK,2020-03-10,73.7,39.2,,4.82,12.1,64.9,6.0,33.1,52.8,7.0
Jakarta,Indonesia,2024-11-18,166.1,91.2,135.5,4.98,37.2,58.7,19.0,34.8,33.8,1.4
Toronto,Canada,2020-08-24,5.0,3.0,4.1,,1.2,32.8,0.4,31.3,78.0,12.3
Mumbai,India,2018-01-05,195.6,135.1,243.3,0.61,38.2,59.9,13.1,,76.6,1.7
Beijing,China,2017-12-01,126.8,80.5,141.0,2.36,19.3,51.0,13.7,23.4,65.4,9.5
Beijing,China,2018-08-24,93.2,53.0,,1.04,20.6,22.8,5.3,6.1,34.6,5.9
Delhi,India,2019-08-16,170.4,68.4,105.7,4.04,26.1,58.6,10.2,-4.4,57.4,7.2
Seoul,South Korea,2017-04-12,70.4,34.2,45.2,4.05,11.3,33.2,9.2,-3.2,41.3,4.3
Lima,Peru,2023-02-20,67.6,36.1,60.1,2.55,17.3,49.3,4.7,0.3,88.9,1.2
Los Angeles,USA,2019-12-30,86.5,52.5,83.1,1.18,14.0,51.8,10.0,26.1,53.5,5.9
Mexico City,Mexico,2020-02-22,85.8,36.2,57.3,3.74,17.1,57.6,11.5,-3.2,89.3,5.3
Ho Chi Minh City,Vietnam,2018-08-03,133.0,54.3,107.3,0.88,38.1,56.4,11.7,27.5,58.0,12.0
Sydney,Australia,2015-11-11,5.0,2.5,4.1,0.82,1.2,40.5,0.5,18.7,84.3,13.0
Karachi,Pakistan,2015-01-02,129.7,61.3,81.1,2.3,36.2,56.0,11.3,29.7,73.4,10.8
Istanbul,Turkey,2020-03-26,151.1,90.1,152.7,4.26,28.4,68.3,19.4,4.0,54.0,12.6
Dhaka,Bangladesh,2015-01-15,199.4,81.2,118.2,2.29,21.8,35.6,15.1,4.7,49.7,12.3
Tehran,Iran,2022-12-08,183.7,118.5,186.8,1.35,51.1,70.0,20.6,-0.8,21.2,3.1
Lima,Peru,2015-06-03,137.3,60.5,89.8,1.89,34.4,62.6,8.3,39.0,76.4,2.9
Toronto,Canada,2024-07-01,46.9,22.1,29.8,,11.3,38.3,4.6,3.7,52.2,5.7
Dhaka,Bangladesh,2015-01-07,162.7,99.3,186.8,0.81,31.2,37.2,12.2,27.1,82.3,2.2
Karachi,Pakistan,2020-02-11,141.0,88.9,167.2,2.76,39.7,21.2,10.2,29.8,91.8,14.4
Lima,Peru,2024-12-28,86.4,42.3,62.3,3.63,14.5,56.2,10.5,14.4,34.5,13.0
São Paulo,Brazil,2020-06-13,90.5,51.7,90.0,1.98,24.3,35.8,9.6,-4.9,90.5,14.3
Mumbai,India,2023-01-10,190.2,100.3,142.9,2.61,49.1,56.3,19.5,33.2,43.5,13.0
Delhi,India,2015-12-08,179.3,105.5,162.6,4.11,42.9,39.7,21.8,29.1,30.4,8.9
Paris,France,2018-08-24,49.6,20.6,34.1,4.25,14.4,59.4,4.1,22.2,22.1,7.1
Jakarta,Indonesia,2021-02-23,122.9,70.9,101.5,2.98,,48.7,10.1,31.5,47.4,12.0
Tehran,Iran,2015-09-02,126.8,63.5,101.5,3.53,17.6,20.6,18.7,35.4,42.5,7.5
Chengdu,China,2016-04-23,167.9,108.8,210.9,2.96,26.4,49.9,22.7,21.3,87.2,13.5
Sydney,Australia,2017-04-05,65.1,34.8,61.8,0.82,12.6,29.0,8.8,37.4,30.6,10.2
Dhaka,Bangladesh,2016-05-01,198.6,92.4,138.9,1.08,56.5,51.3,29.3,,61.5,11.9
Seoul,South Korea,2015-10-24,116.4,54.6,82.0,0.76,30.4,67.6,6.8,6.6,53.7,8.4
Tokyo,Japan,2021-02-02,49.8,25.1,38.1,3.99,8.6,49.5,5.1,7.2,44.2,11.8
Ho Chi Minh City,Vietnam,2021-01-07,110.8,45.6,78.5,3.28,,61.6,15.3,-1.5,49.1,11.8
Jakarta,Indonesia,2024-05-15,138.5,83.6,132.4,0.62,24.1,41.5,16.5,,49.7,9.9
São Paulo,Brazil,2018-04-24,40.7,24.2,40.8,3.26,,75.3,2.4,-4.5,58.9,6.5
Chengdu,China,2021-09-03,188.6,111.5,179.4,2.44,50.7,33.0,9.7,16.5,92.0,12.3
Lagos,Nigeria,2022-02-27,107.0,48.4,82.3,4.43,26.0,52.4,13.2,38.4,61.5,8.6
Tehran,Iran,2023-08-12,94.7,37.9,70.8,4.86,27.7,38.0,12.6,25.5,80.0,12.8
Bangkok,Thailand,2020-08-04,96.6,43.0,79.1,3.75,15.2,43.6,6.5,36.1,86.0,9.4
Delhi,India,2019-01-09,201.5,81.1,131.7,4.34,45.1,58.1,11.5,7.9,70.5,1.2
Lima,Peru,2017-02-18,55.1,27.9,46.0,2.0,10.5,52.8,3.5,3.1,82.4,7.2
Paris,France,2019-12-30,10.4,4.9,8.1,1.99,2.0,29.0,0.7,12.3,48.4,13.3
Los Angeles,USA,2019-05-13,47.3,27.6,51.2,3.13,12.2,33.7,3.9,-0.4,93.9,12.2
Delhi,India,2021-08-11,198.4,130.7,244.1,3.85,35.2,66.0,19.5,13.2,92.4,2.6
Los Angeles,USA,2018-09-06,26.7,13.3,22.0,2.01,5.4,69.1,1.8,29.0,53.4,14.1
Jakarta,Indonesia,2017-11-12,133.9,88.2,156.0,0.64,29.6,20.7,15.5,27.9,57.3,0.6
Sydney,Australia,2016-04-20,29.0,18.8,32.1,3.63,3.4,62.9,3.2,9.9,71.4,9.9
Lagos,Nigeria,2018-09-09,92.8,64.7,103.7,0.58,26.0,30.4,8.4,7.5,92.3,6.0
Mexico City,Mexico,2015-04-06,83.2,48.2,64.1,2.11,14.8,79.4,10.9,33.5,43.5,5.3
Lima,Peru,2015-11-15,116.7,75.4,144.1,0.42,30.2,56.7,12.0,23.3,86.1,8.4
Sydney,Australia,2023-08-12,58.9,31.3,,4.13,8.3,62.8,4.5,10.7,55.2,6.9
Karachi,Pakistan,2024-05-25,186.6,104.3,148.3,1.47,23.4,30.2,25.7,16.6,28.3,4.2
Mexico City,Mexico,2023-09-09,123.1,81.7,148.0,1.97,18.0,62.8,6.9,,76.9,9.0
Los Angeles,USA,2020-09-10,9.7,5.3,9.7,1.38,2.8,32.2,0.5,30.0,89.6,4.1
Mexico City,Mexico,2023-12-24,122.7,57.3,99.7,3.02,27.5,20.5,8.1,5.9,72.3,9.3
Toronto,Canada,2018-08-20,87.4,59.6,105.6,3.8,19.4,67.9,12.6,22.2,33.6,11.7
Lahore,Pakistan,2019-10-29,183.7,117.9,188.8,1.5,52.6,58.2,24.0,,45.5,7.2
Lagos,Nigeria,2021-11-17,109.7,66.5,102.5,3.55,19.5,48.2,7.0,24.3,36.8,12.5
Jakarta,Indonesia,2021-07-30,78.5,44.6,86.5,1.09,16.2,42.9,11.5,30.7,76.8,3.5
Wuhan,China,2022-09-09,162.3,83.0,126.0,3.29,43.1,28.0,23.0,-3.5,27.1,12.7
Delhi,India,2015-10-07,172.1,117.4,190.5,4.65,25.5,57.0,25.7,11.9,20.1,1.4
Seoul,South Korea,2015-05-04,179.2,114.7,214.2,2.54,48.7,48.1,21.1,-3.5,30.3,12.8
Beijing,China,2016-07-14,139.2,69.6,122.9,3.08,16.2,65.9,15.5,33.5,60.2,6.5
Buenos Aires,Argentina,2021-07-09,34.2,20.0,27.9,2.73,9.2,40.7,3.3,-0.1,68.5,2.1
Karachi,Pakistan,2016-10-02,160.4,65.7,105.9,4.36,31.7,46.1,16.5,12.1,,2.5
Mexico City,Mexico,2023-06-14,109.4,50.7,67.9,3.36,32.5,65.0,8.3,17.2,23.7,8.2
Cairo,Egypt,2018-09-22,114.1,72.9,97.6,0.34,31.1,76.6,6.7,7.6,75.6,8.3
Istanbul,Turkey,2022-09-30,96.4,60.3,111.8,4.58,14.1,64.3,12.8,,50.9,9.6
Mumbai,India,2019-08-16,169.5,102.2,183.7,1.91,24.5,77.5,25.0,14.1,50.8,7.0
Stockholm,Sweden,2022-06-15,22.9,15.2,27.1,4.84,5.4,44.7,3.2,5.3,92.4,1.1
Lima,Peru,2019-08-23,110.2,44.7,64.5,2.48,14.5,79.3,14.0,33.3,93.4,10.3
Nairobi,Kenya,2024-10-14,94.7,45.5,70.8,3.16,17.0,34.1,8.8,5.5,85.6,10.6
Seoul,South Korea,2017-09-29,129.7,88.7,139.4,3.0,26.2,27.3,12.0,-1.5,32.8,11.9
Toronto,Canada,2017-12-17,47.5,30.4,51.9,4.6,12.8,53.2,5.9,9.8,67.7,14.7
Stockholm,Sweden,2015-08-03,15.9,8.1,15.9,4.18,1.7,64.8,2.3,9.3,40.7,9.8
Karachi,Pakistan,2017-10-13,136.8,73.2,140.9,4.04,16.6,65.7,12.5,39.7,42.5,7.3
Bangkok,Thailand,2022-02-01,121.3,69.8,103.8,4.59,27.1,76.6,14.3,3.4,21.2,6.4
Jakarta,Indonesia,2020-04-02,93.8,37.9,71.6,1.13,,62.6,4.7,28.3,34.4,5.2
Dhaka,Bangladesh,2023-04-28,179.4,113.6,186.2,1.08,19.3,79.2,21.8,25.6,57.7,6.8
Nairobi,Kenya,2020-05-18,92.1,50.3,82.1,4.22,23.8,28.3,9.7,38.6,75.2,14.6
Karachi,Pakistan,2019-05-31,186.6,106.8,147.9,2.26,29.8,72.5,18.8,21.0,37.6,12.1
Ho Chi Minh City,Vietnam,2023-06-03,128.9,83.9,120.1,0.83,24.2,30.9,9.8,21.3,50.3,13.1
Sydney,Australia,2015-05-11,78.9,55.2,85.6,2.72,10.0,54.8,11.5,28.7,38.3,6.9
Ho Chi Minh City,Vietnam,2022-07-20,126.5,61.7,86.7,,13.6,44.0,15.6,8.9,53.5,8.7
Sydney,Australia,2021-06-28,5.0,3.0,4.3,3.55,0.9,66.5,0.3,-3.9,26.7,14.5
Los Angeles,USA,2022-07-25,67.1,42.4,58.5,2.28,17.7,59.9,4.8,31.3,,11.9
Delhi,India,2019-08-14,182.8,94.7,147.5,3.61,54.5,44.3,25.9,21.4,85.1,3.6
Ho Chi Minh City,Vietnam,2024-11-21,140.2,89.1,134.8,2.75,22.4,40.6,11.2,7.8,72.0,9.9
Bangkok,Thailand,2024-09-15,110.3,53.7,77.5,3.81,19.0,54.2,7.7,22.6,35.6,2.9
Jakarta,Indonesia,2020-04-15,103.3,44.9,59.4,2.26,16.1,37.5,15.3,3.7,54.4,14.8
Beijing,China,2019-02-07,175.0,106.6,166.2,4.56,49.4,43.2,12.6,14.3,92.4,4.6
Johannesburg,South Africa,2021-01-17,72.9,46.4,62.0,2.88,12.5,45.6,7.1,17.6,69.2,10.6
Lima,Peru,2019-07-17,98.5,65.5,121.0,3.75,24.7,25.4,10.1,26.0,25.5,13.8
Nairobi,Kenya,2015-06-19,118.8,50.9,94.1,1.24,25.2,49.5,16.7,35.2,37.9,8.3
Seoul,South Korea,2023-02-09,16.1,6.8,12.2,2.67,4.6,54.5,1.6,36.2,48.5,9.2
Mexico City,Mexico,2018-09-29,61.6,,56.1,4.93,6.8,66.1,3.2,22.2,52.3,13.7
Seoul,South Korea,2015-07-30,108.3,57.0,77.4,1.37,27.5,41.9,12.0,37.6,74.3,7.1
Seoul,South Korea,2017-05-10,102.9,44.6,59.9,0.79,15.3,57.6,14.0,39.7,74.9,2.6
Mexico City,Mexico,2018-06-30,88.4,38.9,53.6,2.97,24.9,61.1,11.5,17.9,55.6,14.1
Berlin,Germany,2015-09-14,19.8,11.1,14.8,1.98,3.9,56.5,2.5,-4.4,42.1,4.3
Jakarta,Indonesia,2017-02-12,83.5,45.1,61.1,3.88,19.8,69.3,5.1,17.8,65.3,1.2
Chengdu,China,2018-05-16,140.4,82.6,115.7,4.4,16.8,74.2,18.6,16.5,68.9,4.1
Stockholm,Sweden,2018-04-09,52.5,33.0,53.2,2.92,12.6,43.3,4.5,-1.1,63.7,10.8
Johannesburg,South Africa,2021-07-02,60.5,27.1,36.1,2.31,8.0,61.4,8.8,-1.7,87.0,10.0
Cairo,Egypt,2016-12-16,103.1,46.1,89.1,,29.0,67.1,6.1,4.9,88.5,3.8
Jakarta,Indonesia,2016-05-15,124.3,70.7,139.5,,25.0,56.6,11.3,1.0,85.1,8.5
Mumbai,India,2015-06-10,165.0,69.4,122.5,2.18,24.9,72.6,11.3,18.2,79.7,12.8
Karachi,Pakistan,2017-10-25,160.2,109.5,174.9,1.78,21.4,29.3,17.8,-2.9,64.6,11.7
Buenos Aires,Argentina,2023-02-26,59.2,38.4,57.0,0.66,14.5,69.7,5.9,31.9,54.3,3.4
Buenos Aires,Argentina,2018-01-22,60.6,26.9,38.5,4.45,7.5,33.5,9.1,20.9,63.9,12.8
Mexico City,Mexico,2020-03-24,65.3,30.5,48.6,3.85,17.9,36.4,5.0,9.7,64.7,4.5
London,UK,2021-08-31,61.8,29.6,45.1,2.6,16.0,72.3,7.0,27.5,39.8,11.2
Stockholm,Sweden,2017-02-05,59.6,27.8,54.7,2.71,15.4,51.5,8.5,1.4,61.0,0.9
Mumbai,India,2022-04-04,211.5,141.8,267.6,2.86,50.9,20.2,24.3,14.2,68.4,10.6
Berlin,Germany,2017-01-11,56.2,29.1,49.9,4.5,16.7,56.3,5.6,25.7,70.1,8.1
Dhaka,Bangladesh,2019-07-12,164.1,102.4,188.2,2.18,48.3,66.9,10.2,39.1,83.4,10.7
Seoul,South Korea,2019-03-27,85.9,49.9,99.6,2.55,11.4,37.7,7.5,9.2,22.3,1.6
Mumbai,India,2019-12-06,214.5,,137.1,1.63,40.9,41.5,28.3,34.7,35.5,2.3
Tehran,Iran,2022-12-02,177.5,97.7,149.2,0.54,39.3,32.5,9.5,,64.8,3.0
Jakarta,Indonesia,2015-06-24,128.2,75.7,144.3,0.59,37.3,51.3,9.6,11.4,24.2,2.1
Lima,Peru,2015-09-08,41.9,18.1,24.2,3.11,7.4,44.4,2.6,-3.0,84.9,6.1
Istanbul,Turkey,2022-02-09,91.6,49.8,92.7,2.15,20.5,60.5,11.1,22.2,61.6,7.4
Lima,Peru,2018-08-13,72.5,36.2,59.9,2.55,11.9,38.1,6.9,31.1,38.6,12.8
Delhi,India,2019-10-02,165.9,69.4,129.7,1.5,48.2,51.4,20.2,15.8,22.1,1.4
Lima,Peru,2017-11-01,111.0,58.2,83.1,3.69,30.7,36.0,11.9,6.0,,1.8
Stockholm,Sweden,2023-09-08,14.3,6.8,9.2,1.83,3.5,55.0,2.1,14.6,45.0,10.6
Beijing,China,2017-11-27,115.2,54.8,103.1,0.75,21.6,55.8,15.6,33.6,33.8,14.5
Seoul,South Korea,2020-09-27,48.3,29.7,45.6,1.48,14.3,53.9,6.1,27.1,76.7,13.6
Toronto,Canada,2024-10-16,7.5,4.7,8.7,4.75,1.8,73.6,0.4,0.7,31.9,2.6
Tehran,Iran,2018-02-02,134.9,87.2,120.6,1.79,17.8,23.8,19.7,33.6,85.9,13.1
Los Angeles,USA,2015-10-30,5.0,3.1,6.0,1.33,0.9,37.7,0.4,24.4,32.3,7.2
Ho Chi Minh City,Vietnam,2022-06-19,95.4,50.7,90.0,3.17,13.7,74.6,12.3,-1.9,45.8,14.9
Cairo,Egypt,2023-07-20,142.1,92.1,149.7,4.96,20.7,58.8,18.5,34.3,43.0,3.3
Mumbai,India,2021-10-15,188.3,109.2,143.5,,30.5,71.8,24.0,14.3,67.3,1.2
Berlin,Germany,2019-08-17,104.1,44.7,,3.0,16.7,42.3,6.1,9.5,92.5,7.5
Lagos,Nigeria,2023-03-20,101.7,51.5,72.0,3.26,25.4,75.4,5.1,-2.0,87.5,9.7
Stockholm,Sweden,2021-04-16,99.1,52.5,83.5,1.92,12.7,42.7,5.1,,83.5,5.2
Istanbul,Turkey,2023-06-21,154.8,99.8,162.9,2.22,21.1,69.5,20.1,28.4,49.5,9.0
Mumbai,India,2016-07-07,149.3,74.0,,0.5,18.0,69.8,22.0,9.5,28.0,14.1
Karachi,Pakistan,2018-01-28,208.1,121.3,235.5,3.25,21.9,42.9,25.0,16.4,51.5,10.2
Seoul,South Korea,2016-03-11,85.9,57.8,91.8,3.27,25.5,67.1,8.9,33.7,62.0,6.9
Lahore,Pakistan,2018-07-31,167.8,84.4,151.9,0.36,39.0,40.8,10.0,39.1,35.9,5.6
Beijing,China,2015-06-12,148.7,89.0,164.4,4.35,24.1,51.5,17.3,23.3,,11.7
Nairobi,Kenya,2024-12-01,95.8,52.0,83.2,2.44,16.7,55.5,7.9,23.7,35.2,11.5
Mumbai,India,2018-01-30,157.7,90.4,140.9,0.37,19.6,24.8,8.0,27.5,91.7,0.7
Cairo,Egypt,2015-04-09,142.6,74.4,148.3,3.0,33.4,59.2,10.3,17.0,36.2,7.9
Tokyo,Japan,2015-05-07,84.1,43.3,67.6,1.67,9.7,66.3,7.7,31.6,82.7,3.6
Tehran,Iran,2015-01-23,139.9,91.8,156.1,3.26,36.0,27.3,15.2,-1.2,39.5,3.6
Mumbai,India,2022-12-18,234.2,153.0,213.1,3.91,30.1,31.4,33.2,-4.6,34.8,3.6
Nairobi,Kenya,2020-07-11,56.3,30.4,48.0,3.24,15.4,37.9,5.9,11.7,23.0,12.4
Mumbai,India,2015-03-23,171.8,68.8,101.5,1.75,45.1,65.6,15.4,2.1,49.0,12.2
Karachi,Pakistan,2022-11-03,134.6,90.5,144.0,1.43,20.0,34.5,6.8,14.7,86.8,0.9
Cairo,Egypt,2020-07-04,121.0,54.9,99.0,3.99,29.9,40.4,14.6,16.3,31.4,3.4
Beijing,China,2016-10-05,142.4,60.8,102.6,4.25,16.7,45.1,20.9,28.2,34.8,4.6
São Paulo,Brazil,2020-04-14,80.9,,60.7,1.97,16.0,34.2,9.4,5.6,65.2,5.7
London,UK,2024-06-16,100.9,57.4,103.8,4.88,17.0,66.3,6.0,34.1,78.4,8.1
Buenos Aires,Argentina,2018-12-02,51.9,24.7,37.3,2.17,10.0,73.8,7.2,24.6,37.4,4.0
Mumbai,India,2017-06-27,128.8,58.0,104.8,4.12,19.6,45.5,15.6,16.1,92.1,2.4
Beijing,China,2019-09-21,160.7,79.0,140.8,1.49,47.1,23.0,16.3,36.0,55.2,12.7
Mexico City,Mexico,2018-03-27,112.6,52.4,68.6,1.05,12.0,34.2,12.8,1.8,26.1,14.6
Jakarta,Indonesia,2017-08-17,156.0,92.2,126.9,4.16,32.4,30.9,16.8,-3.2,92.9,12.5
Berlin,Germany,2020-01-26,5.0,3.3,5.1,0.53,0.7,32.9,0.7,36.6,42.5,0.5
Dhaka,Bangladesh,2024-03-02,132.7,84.8,126.2,2.36,17.9,39.6,16.7,14.3,53.5,11.9
Ho Chi Minh City,Vietnam,2022-11-08,119.7,78.3,126.9,3.41,19.3,23.6,8.0,13.1,46.5,13.5
Delhi,India,2016-02-18,141.9,78.1,116.8,2.76,17.3,68.2,18.2,25.1,59.9,6.2
Paris,France,2018-01-16,66.8,33.7,48.3,1.91,6.8,45.4,5.2,30.6,70.6,0.9
Seoul,South Korea,2017-06-30,102.1,57.5,99.6,3.91,30.0,62.1,10.7,13.6,75.4,14.1
Los Angeles,USA,2017-05-22,14.5,9.5,17.1,1.97,4.0,78.3,1.1,3.4,82.4,8.9
Istanbul,Turkey,2021-07-22,106.7,53.8,91.8,3.01,14.7,79.5,12.4,24.9,42.3,9.9
Nairobi,Kenya,2015-04-25,70.6,43.3,80.7,3.47,9.1,55.7,8.8,1.2,24.2,4.2
Buenos Aires,Argentina,2022-12-05,54.6,24.3,35.0,2.79,7.2,56.3,4.3,9.0,92.6,12.2
Jakarta,Indonesia,2018-07-14,90.2,58.9,76.8,0.98,18.7,31.3,10.2,-4.8,27.4,11.6
London,UK,2024-09-22,40.9,16.6,24.0,1.42,11.0,55.0,4.3,-1.1,69.3,2.8
Nairobi,Kenya,2022-03-15,114.0,73.2,104.9,4.61,11.5,39.8,6.5,27.4,57.5,3.0
Lagos,Nigeria,2019-11-24,119.2,55.8,108.4,3.48,17.7,73.6,7.6,26.0,51.9,4.4
Lima,Peru,2019-11-22,98.0,61.0,107.7,4.41,21.0,31.5,14.5,19.1,43.6,11.8
Los Angeles,USA,2024-12-02,55.0,,33.9,2.45,9.6,53.1,3.8,20.8,94.0,11.4
Sydney,Australia,2015-11-26,45.9,29.7,43.6,0.71,10.7,60.4,6.0,23.3,83.6,4.4
Mexico City,Mexico,2021-12-16,70.0,43.4,68.2,1.29,7.7,65.3,9.3,12.5,86.4,6.5
Tokyo,Japan,2017-09-20,37.9,21.2,32.5,4.15,10.8,79.1,3.2,7.2,32.1,1.2
Lima,Peru,2021-03-24,34.7,21.4,42.4,1.75,9.0,25.6,4.9,-2.7,79.1,5.0
Ho Chi Minh City,Vietnam,2017-06-12,148.1,93.2,141.6,1.96,,69.4,9.0,35.6,65.1,9.0
Chengdu,China,2018-04-08,169.3,101.7,153.8,,22.8,47.8,10.3,24.4,32.7,13.0
Ho Chi Minh City,Vietnam,2016-02-10,138.6,57.3,114.5,1.71,19.7,44.9,7.0,34.9,40.1,8.1
Karachi,Pakistan,2019-03-14,176.7,112.6,166.1,3.67,21.8,62.3,25.1,-1.2,28.8,8.6
Wuhan,China,2017-02-22,116.7,48.6,,1.65,16.1,60.3,6.8,34.0,87.5,5.2
Johannesburg,South Africa,2017-11-21,32.4,16.9,33.3,4.94,8.6,27.5,3.5,27.9,,13.5
Cairo,Egypt,2020-08-09,130.7,65.0,107.6,3.73,24.0,41.1,7.5,15.1,49.5,10.1
Lagos,Nigeria,2021-04-22,132.5,53.2,87.2,3.94,38.3,31.6,12.2,33.1,23.2,5.6
Mexico City,Mexico,2020-11-23,105.7,72.0,94.9,0.67,14.7,43.1,10.3,-3.3,86.2,11.5
Stockholm,Sweden,2015-02-17,5.0,2.0,2.8,,1.5,70.3,0.6,,93.9,12.5
Chengdu,China,2018-10-11,147.2,88.0,174.2,1.46,38.1,55.4,21.3,1.1,74.0,1.0
Bangkok,Thailand,2023-02-26,147.2,73.0,117.0,4.84,16.7,30.1,10.3,14.1,24.6,14.5
Los Angeles,USA,2022-11-05,72.0,43.1,83.2,4.54,9.0,74.1,7.4,7.1,65.6,4.6
Los Angeles,USA,2024-10-25,74.5,48.1,63.6,1.16,21.7,46.7,6.0,36.5,88.3,1.1
Lima,Peru,2019-04-29,21.7,13.5,19.0,3.1,2.2,35.2,1.4,4.4,,13.8
Bangkok,Thailand,2017-07-08,123.3,71.1,104.0,1.59,20.0,66.6,9.3,38.8,79.7,15.0
Tokyo,Japan,2018-03-19,12.0,7.0,13.8,0.44,1.9,36.9,1.8,1.0,80.9,4.5
Buenos Aires,Argentina,2024-12-15,84.5,54.3,87.0,4.24,25.2,50.2,7.6,31.3,68.7,9.4
Karachi,Pakistan,2016-05-31,208.9,96.5,172.0,4.59,45.0,74.2,17.5,-3.1,53.4,0.6
Lahore,Pakistan,2016-10-16,211.0,96.5,161.5,4.76,21.9,34.2,31.0,34.7,82.6,1.8
Beijing,China,2022-05-13,177.3,93.7,163.5,2.32,49.9,21.5,12.3,32.5,75.3,3.2
Karachi,Pakistan,2018-09-15,135.9,67.1,109.8,0.52,36.6,51.3,19.3,9.7,23.7,13.1
Buenos Aires,Argentina,2017-01-24,51.7,28.3,37.3,2.78,6.0,39.6,7.6,7.6,81.0,7.9
Lahore,Pakistan,2023-01-09,108.8,67.1,113.3,2.81,11.5,40.0,13.4,30.8,81.1,1.0
Toronto,Canada,2023-07-05,58.5,30.3,41.9,0.89,6.8,30.8,5.8,-4.3,28.8,13.7
Chengdu,China,2019-02-04,142.4,92.6,166.1,3.41,22.1,40.1,10.5,39.1,67.6,14.5
Johannesburg,South Africa,2018-01-25,130.6,56.0,98.9,1.09,21.6,63.0,12.3,36.5,38.1,2.7
Bangkok,Thailand,2021-11-15,119.0,78.0,147.7,2.04,31.2,24.7,6.0,33.9,85.6,2.6
Berlin,Germany,2018-04-10,48.6,29.0,49.8,3.04,6.7,34.2,5.3,13.1,60.6,4.2
São Paulo,Brazil,2021-08-05,112.1,49.7,65.9,4.77,27.4,49.9,11.8,18.0,87.4,11.7
Tokyo,Japan,2017-05-31,59.0,27.2,41.3,0.93,16.8,22.0,5.0,6.6,20.6,14.0
Seoul,South Korea,2024-03-08,49.5,27.3,46.6,3.17,9.5,55.6,6.2,37.8,69.3,7.2
Nairobi,Kenya,2019-08-27,106.2,55.9,85.8,4.97,26.9,32.4,8.4,35.2,69.6,5.0
Lima,Peru,2020-06-03,118.3,78.2,103.4,1.97,22.0,64.7,8.1,7.9,74.3,1.6
Ho Chi Minh City,Vietnam,2020-05-27,145.6,90.1,150.4,0.77,38.7,27.4,12.9,-2.7,73.2,7.8
Bangkok,Thailand,2022-05-26,110.5,48.8,91.5,2.7,19.1,58.6,14.3,14.8,37.5,13.8
Tokyo,Japan,2021-09-19,64.3,33.0,46.4,2.03,,37.5,3.8,28.9,,14.1
Buenos Aires,Argentina,2019-10-07,5.0,3.2,5.4,3.34,1.0,66.7,0.3,-1.4,27.2,4.7
Toronto,Canada,2021-03-13,80.3,38.9,68.2,0.85,8.2,61.7,9.8,23.0,39.4,13.9
Mexico City,Mexico,2019-11-19,137.6,76.3,152.1,1.7,27.3,75.7,13.2,16.2,26.0,3.6
Beijing,China,2017-07-05,176.3,122.0,183.7,3.55,28.5,22.5,23.4,28.2,24.0,2.6
Johannesburg,South Africa,2016-04-26,76.6,45.6,84.9,,15.6,57.2,10.0,10.3,70.4,11.7
Wuhan,China,2023-05-13,57.3,24.7,40.7,3.6,16.3,27.5,8.4,5.5,33.2,2.2
Beijing,China,2019-04-11,157.1,89.3,133.0,1.79,45.6,74.0,13.4,-2.1,82.5,13.8
Dhaka,Bangladesh,2020-06-22,179.5,117.0,229.5,4.48,,64.8,21.9,31.1,37.2,0.5
Lahore,Pakistan,2023-06-18,194.7,122.6,170.1,2.8,31.7,70.3,11.7,33.2,65.8,13.8
Los Angeles,USA,2022-08-05,59.0,26.1,38.1,2.26,14.5,52.7,5.5,16.5,75.6,1.0
Buenos Aires,Argentina,2018-08-14,106.2,60.7,104.0,3.21,11.8,53.5,11.2,33.5,77.0,1.0
Lima,Peru,2024-07-30,96.8,58.4,80.6,1.1,21.0,68.0,5.1,14.6,94.4,11.6
Berlin,Germany,2021-03-23,93.9,40.3,62.6,1.03,26.7,61.1,12.7,35.4,65.5,0.6
Cairo,Egypt,2024-12-25,111.6,75.7,151.3,2.88,23.0,59.3,11.9,2.2,40.3,3.4
Beijing,China,2020-01-12,190.0,84.0,166.3,2.91,23.8,62.8,18.6,5.1,90.8,3.8
São Paulo,Brazil,2021-04-08,109.1,76.2,137.1,4.02,26.5,57.2,11.5,38.6,90.2,6.8
Nairobi,Kenya,2017-07-31,117.4,64.9,118.3,2.18,24.4,37.9,10.9,38.1,36.1,14.8
Ho Chi Minh City,Vietnam,2015-03-21,112.3,70.3,92.2,4.0,24.2,64.9,14.4,0.6,21.6,2.9
Delhi,India,2023-05-15,172.2,72.7,117.7,1.64,29.8,76.4,21.1,24.6,69.0,8.6
Ho Chi Minh City,Vietnam,2021-05-20,112.6,45.4,59.5,0.41,26.6,26.7,7.9,13.9,40.2,12.3
Cairo,Egypt,2015-10-22,120.7,60.4,91.9,3.51,16.2,36.8,10.3,15.5,34.3,2.8
Lima,Peru,2021-03-23,76.5,48.2,85.3,0.65,15.6,31.0,8.3,-2.2,32.2,11.8
Los Angeles,USA,2022-12-26,81.0,54.5,105.0,4.56,9.6,59.6,9.7,7.1,94.5,4.6
Tokyo,Japan,2017-02-24,48.3,28.1,50.7,3.25,8.8,76.7,5.4,5.1,80.5,10.0
Johannesburg,South Africa,2022-09-04,110.6,53.5,75.4,0.64,16.2,36.7,10.7,38.6,90.7,11.4
Istanbul,Turkey,2023-01-26,113.3,73.0,,4.1,14.8,31.6,14.1,10.7,52.7,12.0
Chengdu,China,2022-06-04,101.8,45.9,69.1,4.45,18.4,35.1,12.0,-3.6,,10.6
Mexico City,Mexico,2021-11-06,32.9,14.7,20.7,1.05,7.2,30.3,1.8,38.1,22.9,10.1
Cairo,Egypt,2018-01-31,128.4,52.8,104.4,2.66,33.0,57.5,14.3,30.5,,6.2
Tokyo,Japan,2020-02-14,39.4,22.1,39.8,3.86,8.4,50.0,4.8,1.5,71.0,13.8
Dhaka,Bangladesh,2024-02-29,183.9,76.1,125.9,3.71,20.0,65.7,14.4,21.5,92.5,14.9
São Paulo,Brazil,2022-05-05,40.3,18.6,29.8,3.6,10.2,33.3,4.2,21.6,87.0,13.2
Mumbai,India,2020-03-04,179.0,99.3,133.6,1.87,40.1,58.3,24.1,12.1,90.2,2.9
São Paulo,Brazil,2017-02-24,75.4,48.8,68.7,2.88,19.3,22.1,4.1,17.1,33.7,7.0
Bangkok,Thailand,2015-02-27,61.0,42.2,74.3,3.53,12.3,69.5,8.1,2.2,77.6,8.7
Toronto,Canada,2023-05-02,32.9,18.8,34.8,4.94,7.3,63.3,4.4,28.8,90.7,3.8
Chengdu,China,2021-12-14,178.1,82.3,139.6,2.76,47.4,43.9,11.5,26.8,65.5,12.5
Mexico City,Mexico,2016-07-23,99.3,40.3,61.1,3.72,11.1,65.4,10.1,34.1,69.5,12.1
Karachi,Pakistan,2016-08-08,228.2,103.1,149.3,,64.1,66.5,19.7,36.3,,10.0
Istanbul,Turkey,2023-12-13,126.9,80.5,117.4,4.46,27.7,68.4,10.8,12.6,90.3,9.5
Buenos Aires,Argentina,2022-07-06,116.9,49.7,79.7,4.29,17.6,71.6,7.7,,65.4,12.2
Delhi,India,2016-01-21,243.6,116.3,196.1,1.28,69.6,60.7,25.9,6.1,50.7,11.8
Berlin,Germany,2023-09-06,62.0,27.2,41.2,4.03,17.2,44.9,7.9,10.0,58.2,0.8
Karachi,Pakistan,2018-01-11,154.0,78.2,128.1,3.94,40.8,63.1,11.0,11.0,38.5,9.7
Chengdu,China,2021-08-28,168.8,110.1,183.8,4.76,28.8,35.2,20.1,2.9,87.5,6.1
Sydney,Australia,2015-05-27,16.0,9.8,18.2,4.92,2.9,50.2,2.2,7.1,34.2,2.4
Ho Chi Minh City,Vietnam,2017-05-30,133.0,64.0,117.1,2.41,,74.8,12.8,20.5,36.7,5.2
Bangkok,Thailand,2017-05-04,102.4,44.5,84.3,3.77,25.8,30.7,10.2,-3.8,43.6,5.5
Mumbai,India,2024-12-14,115.5,80.6,,2.73,21.7,21.1,15.0,25.2,68.7,12.2
Jakarta,Indonesia,2017-07-31,81.7,56.6,99.9,4.3,11.8,39.0,7.3,9.3,86.3,7.9
Buenos Aires,Argentina,2021-06-11,7.5,3.7,4.9,0.95,1.1,58.4,0.5,12.2,79.7,2.3
Ho Chi Minh City,Vietnam,2021-11-19,186.0,125.2,220.8,4.75,27.7,40.5,24.9,31.5,69.9,7.8
Delhi,India,2015-06-24,191.3,92.6,130.7,0.54,48.8,27.9,16.4,39.0,50.7,2.6
Stockholm,Sweden,2019-11-10,17.7,9.7,14.6,1.08,2.7,30.2,2.2,35.8,52.6,12.4
Nairobi,Kenya,2017-12-06,106.1,56.7,92.9,4.16,30.5,64.7,14.7,23.9,82.9,8.6
Istanbul,Turkey,2015-08-27,125.6,59.1,83.2,3.37,24.7,65.9,8.1,37.6,72.8,0.8
Los Angeles,USA,2019-08-21,80.2,39.6,59.1,4.54,21.4,20.6,5.5,27.4,83.6,10.9
Johannesburg,South Africa,2024-12-26,163.5,67.6,133.5,2.0,38.0,60.0,9.1,7.0,69.2,13.7
Stockholm,Sweden,2023-10-21,5.0,2.7,4.7,0.61,1.4,38.9,0.6,36.8,74.0,13.3
Cairo,Egypt,2016-11-14,215.1,130.5,180.3,3.39,27.8,24.1,20.8,22.0,91.9,10.6
Seoul,South Korea,2015-11-04,75.5,35.0,49.3,3.15,10.9,62.4,4.6,10.3,78.0,12.6
Bangkok,Thailand,2020-08-05,121.2,56.6,90.4,0.62,14.8,33.3,9.7,39.9,51.7,10.6
Beijing,China,2016-01-22,178.0,84.4,118.2,1.44,49.2,59.9,16.9,31.9,37.8,4.0
Tehran,Iran,2016-12-23,119.6,55.4,90.4,0.93,,54.6,12.1,34.3,74.9,2.7
Mumbai,India,2021-08-02,204.6,141.1,249.5,2.74,44.1,26.3,22.3,32.6,59.3,3.1
Cairo,Egypt,2024-03-13,104.3,,74.8,4.16,26.2,49.4,13.4,38.9,50.5,14.7
Jakarta,Indonesia,2020-05-30,79.3,54.4,103.7,1.24,13.5,62.5,5.5,21.6,60.1,4.7
Tehran,Iran,2019-08-06,82.9,37.6,69.3,3.03,15.5,30.9,9.1,23.3,56.0,5.9
Jakarta,Indonesia,2019-07-23,124.7,76.2,118.1,3.09,18.3,20.7,17.1,31.9,68.0,12.3
Nairobi,Kenya,2019-01-23,90.1,49.6,89.1,1.87,24.5,71.5,5.1,10.6,32.9,2.5
Bangkok,Thailand,2020-11-19,109.2,51.1,98.2,3.3,19.8,26.7,13.7,9.3,65.5,8.8
Nairobi,Kenya,2022-12-19,145.8,61.9,,1.21,26.0,50.8,17.3,28.4,72.9,1.9
Mexico City,Mexico,2024-08-08,129.0,62.5,98.6,3.34,17.9,50.1,17.9,27.9,74.4,12.8
Dhaka,Bangladesh,2020-05-05,206.8,142.1,273.3,2.91,44.6,26.4,13.7,39.2,77.7,0.9
Johannesburg,South Africa,2018-06-07,75.8,38.2,58.0,2.92,12.4,35.1,10.9,-3.2,52.7,7.9
Jakarta,Indonesia,2017-07-29,118.6,78.9,130.3,2.9,22.8,46.7,8.1,17.7,51.6,7.3
Buenos Aires,Argentina,2022-08-26,65.5,28.8,52.7,2.27,16.3,30.3,7.8,8.0,72.9,1.8
Chengdu,China,2018-01-02,169.0,87.5,118.3,2.77,17.7,69.1,24.3,31.5,91.4,13.5
Johannesburg,South Africa,2015-06-22,63.5,30.1,44.0,4.1,12.6,76.5,8.9,35.2,44.5,2.4
Mumbai,India,2017-05-23,201.6,132.3,258.0,2.97,41.4,70.8,20.4,35.5,22.6,5.7
Toronto,Canada,2017-12-26,37.0,17.1,27.1,0.35,5.9,39.1,4.6,25.5,53.4,11.1
Bangkok,Thailand,2018-10-30,158.5,97.8,185.1,3.83,37.1,53.7,12.8,6.7,83.2,10.9
London,UK,2023-12-10,18.7,8.9,17.7,0.68,5.0,32.6,1.7,14.3,69.7,8.4
Bangkok,Thailand,2023-07-07,32.0,15.5,29.2,4.04,8.5,33.1,4.3,39.3,64.9,1.2
Wuhan,China,2015-08-26,162.4,91.2,164.0,1.18,35.9,52.4,17.9,27.7,60.8,5.2
Ho Chi Minh City,Vietnam,2016-10-26,161.7,85.1,131.8,3.21,26.3,77.8,17.7,21.6,30.2,9.3
São Paulo,Brazil,2023-11-29,117.7,63.0,105.7,2.55,30.8,26.0,7.9,2.1,81.3,2.2
Lagos,Nigeria,2016-09-13,78.0,48.3,76.5,,21.9,49.7,9.7,24.2,69.3,5.6
Stockholm,Sweden,2019-10-01,80.2,53.4,70.3,1.11,10.2,77.0,4.1,-4.6,37.0,4.5
Los Angeles,USA,2022-12-26,53.7,26.1,48.9,2.11,6.9,67.7,2.7,4.2,67.6,2.0
Beijing,China,2017-12-02,176.7,91.5,144.4,4.87,41.5,22.2,12.7,22.7,73.5,6.0
Lima,Peru,2016-12-09,79.4,45.2,82.5,3.98,11.4,49.0,7.5,37.4,28.4,14.2
Tehran,Iran,2023-08-30,157.2,76.5,146.0,0.54,25.8,65.2,20.9,2.5,90.6,1.3
Jakarta,Indonesia,2020-09-06,131.7,72.1,133.2,0.76,23.6,50.9,16.8,10.1,93.5,11.2
Bangkok,Thailand,2019-10-19,102.9,51.4,89.9,3.46,24.3,55.2,9.3,31.7,39.4,9.6
Chengdu,China,2017-12-05,166.3,109.2,214.8,0.9,,73.0,22.8,3.8,56.1,3.7
Istanbul,Turkey,2021-10-28,122.1,49.0,71.1,2.22,17.6,78.4,9.1,11.3,33.1,13.9
Buenos Aires,Argentina,2023-10-11,38.7,22.3,44.2,4.88,11.5,43.2,5.5,15.0,58.3,8.0
Tehran,Iran,2015-10-26,115.3,75.1,146.1,3.11,31.9,25.1,8.4,9.3,78.0,7.5
Paris,France,2016-01-04,55.9,25.0,,4.73,,63.7,6.7,37.2,,2.7
Ho Chi Minh City,Vietnam,2017-03-25,158.1,108.3,156.9,1.36,21.9,49.1,20.5,12.2,27.5,11.2
Chengdu,China,2022-02-12,176.3,95.4,172.9,1.04,32.3,32.7,14.9,16.6,33.1,12.1
Tokyo,Japan,2017-11-14,59.3,39.7,70.3,1.13,13.5,21.4,7.7,38.8,70.8,13.9
Tehran,Iran,2015-01-27,87.7,38.0,70.7,2.63,17.4,60.1,5.9,31.5,47.4,1.7
Mumbai,India,2015-03-09,127.0,,88.6,2.76,23.2,57.4,16.1,29.6,74.2,2.0
Bangkok,Thailand,2017-05-05,115.6,69.9,101.9,1.83,33.7,70.8,7.7,19.5,,6.9
Stockholm,Sweden,2022-05-08,62.0,36.8,72.7,4.41,17.0,62.2,3.2,14.8,58.3,12.7
Seoul,South Korea,2017-01-02,61.8,37.7,55.8,1.75,13.1,62.0,4.7,,92.2,7.7
Stockholm,Sweden,2023-04-09,68.6,32.2,49.9,2.79,19.8,35.6,5.0,38.2,65.4,11.2
Buenos Aires,Argentina,2019-08-23,64.1,28.3,49.2,4.78,7.1,36.4,9.6,-4.8,30.5,1.7
Tokyo,Japan,2016-09-01,34.7,21.7,40.0,3.94,9.3,66.4,3.4,28.5,64.8,5.8
Lahore,Pakistan,2022-11-04,153.3,62.4,95.0,2.2,20.7,71.3,8.2,16.8,24.2,8.3
Lahore,Pakistan,2024-01-11,184.8,,208.8,4.27,38.6,69.3,22.5,30.1,65.1,10.9
Mexico City,Mexico,2022-12-19,105.2,,82.7,1.54,30.7,36.3,6.3,34.6,51.1,5.7
London,UK,2018-01-31,21.0,12.5,20.9,1.84,3.3,54.8,2.1,7.4,33.8,12.4
Beijing,China,2017-06-25,151.3,63.6,112.5,3.14,45.1,33.9,13.5,15.8,84.6,6.5
Tehran,Iran,2023-05-06,160.3,71.7,113.8,1.03,46.5,30.7,14.7,-1.3,89.1,9.5
Chengdu,China,2022-06-18,204.2,101.9,183.2,1.08,45.0,43.9,20.6,20.6,24.5,13.9
Istanbul,Turkey,2020-10-14,51.3,31.4,45.8,3.67,13.0,22.9,6.1,35.4,36.2,2.2
Wuhan,China,2020-12-08,190.5,102.0,162.1,3.66,22.0,23.4,19.1,-1.0,90.4,10.0
Johannesburg,South Africa,2015-09-04,91.4,42.8,70.5,0.93,12.8,54.1,7.1,36.3,94.6,0.6
Lima,Peru,2023-10-15,80.6,37.8,74.6,4.42,17.7,30.6,10.3,18.4,65.9,10.9
Toronto,Canada,2023-03-17,10.9,4.4,6.8,2.24,1.9,69.9,0.9,13.7,24.6,10.9
Beijing,China,2017-09-12,174.3,121.1,192.3,1.84,18.7,67.2,13.3,29.6,41.2,0.9
Ho Chi Minh City,Vietnam,2021-03-03,86.4,58.1,84.0,1.02,11.8,61.4,7.5,6.5,45.3,5.0
Istanbul,Turkey,2018-12-07,75.9,52.4,68.1,0.66,19.8,64.3,5.9,21.8,59.9,8.1
Lahore,Pakistan,2019-07-26,220.7,154.1,306.7,4.91,46.3,39.1,23.4,23.0,43.4,9.7
Mumbai,India,2019-12-07,165.6,108.4,168.8,3.53,18.1,45.8,11.0,37.2,79.4,2.5
Stockholm,Sweden,2021-01-27,5.0,2.7,3.6,3.1,0.7,30.6,0.5,11.0,74.8,9.1
Istanbul,Turkey,2023-04-06,125.0,80.5,143.0,3.0,28.3,32.8,13.7,17.2,48.8,13.4
Toronto,Canada,2017-06-04,45.3,19.2,38.1,1.38,6.5,76.6,4.3,31.2,41.6,13.2
Karachi,Pakistan,2022-04-23,226.2,155.9,252.1,,55.3,43.2,33.1,-3.2,50.3,10.9
Delhi,India,2024-12-20,185.3,88.6,140.7,4.44,38.8,40.1,21.7,22.5,62.0,6.2
Bangkok,Thailand,2021-09-02,63.1,33.3,48.8,1.47,16.2,48.8,3.8,-2.9,36.9,7.6
Johannesburg,South Africa,2017-09-14,145.6,64.5,103.5,,15.7,71.8,16.9,30.1,33.6,5.2
Nairobi,Kenya,2021-08-12,93.7,53.0,74.7,2.53,24.8,50.6,6.6,13.6,76.6,2.5
Buenos Aires,Argentina,2024-07-07,127.2,61.9,92.9,2.67,12.9,68.6,18.3,15.1,60.2,12.2
Bangkok,Thailand,2020-04-24,70.0,42.7,79.2,0.61,19.3,42.5,9.9,35.5,79.3,12.5
Johannesburg,South Africa,2022-08-16,89.4,45.6,66.9,1.97,19.0,71.8,9.4,,30.2,14.1
Lahore,Pakistan,2021-05-16,170.4,112.5,198.2,3.73,38.8,37.3,14.2,20.1,85.6,7.1
Buenos Aires,Argentina,2017-08-21,99.4,50.8,66.7,3.32,21.2,78.7,10.0,19.1,41.2,1.9
Beijing,China,2021-02-03,169.0,88.1,157.9,1.53,25.4,79.7,22.8,,52.5,8.7
Karachi,Pakistan,2022-08-23,177.5,122.1,168.0,4.14,52.4,62.3,26.0,-4.1,,7.4
Los Angeles,USA,2019-11-30,60.7,34.5,49.1,0.87,14.5,40.4,9.1,35.2,62.4,9.8
Los Angeles,USA,2018-01-27,42.1,28.2,45.6,2.75,11.6,20.4,4.2,23.2,31.9,1.5
Mumbai,India,2018-10-15,121.0,80.4,121.5,2.73,16.6,20.7,11.2,18.7,77.4,7.0
Tokyo,Japan,2021-05-25,76.5,44.5,69.7,1.4,21.6,52.2,5.4,25.2,80.2,11.5
Karachi,Pakistan,2023-09-07,185.5,95.5,151.8,4.34,45.5,32.6,12.5,32.0,91.5,3.2
Wuhan,China,2024-12-06,129.1,68.3,132.1,3.83,36.3,58.7,8.5,-2.3,67.0,1.3
Beijing,China,2019-08-04,149.8,86.7,168.1,4.7,44.4,65.8,21.3,30.6,88.3,2.0
Lima,Peru,2020-05-08,33.7,15.9,26.9,2.73,7.2,62.1,3.5,26.0,60.1,0.7
Beijing,China,2023-03-29,147.9,88.4,158.0,3.94,23.9,26.9,17.5,0.4,54.7,3.8
Delhi,India,2020-03-23,239.0,129.4,249.3,3.5,32.1,72.8,23.9,4.2,59.6,3.3
Chengdu,China,2016-04-28,176.9,96.1,140.2,,52.3,40.6,19.7,17.5,,14.2
Nairobi,Kenya,2017-03-19,112.5,67.3,125.6,3.82,29.5,64.4,10.6,35.3,88.4,6.8
Lahore,Pakistan,2015-09-30,116.0,50.4,74.8,4.27,24.2,71.0,14.4,10.7,33.9,8.7
Paris,France,2018-10-15,44.5,29.0,53.2,3.89,9.1,30.2,3.5,21.0,43.7,11.8
Cairo,Egypt,2017-02-05,137.4,83.8,123.7,4.91,24.8,60.8,19.4,2.0,85.9,10.7
Cairo,Egypt,2022-09-12,119.8,71.8,137.3,4.06,30.2,29.7,8.3,19.6,63.5,14.2
Buenos Aires,Argentina,2021-06-03,36.9,15.3,20.7,3.0,5.0,71.1,4.0,33.9,52.1,9.1
São Paulo,Brazil,2021-04-15,62.0,36.2,64.7,1.63,10.2,55.7,7.5,34.2,77.2,2.4
Karachi,Pakistan,2023-08-18,183.2,,121.9,0.75,22.5,34.8,23.5,5.7,41.1,13.3
Lagos,Nigeria,2021-03-09,92.0,50.8,66.2,0.69,22.8,40.0,6.0,14.3,23.4,10.8
Nairobi,Kenya,2019-09-20,76.6,44.1,81.0,0.63,12.8,36.1,9.5,11.6,67.1,7.6
Istanbul,Turkey,2021-01-04,76.3,38.9,57.1,0.58,10.3,30.4,10.9,37.2,39.2,2.0
Istanbul,Turkey,2015-06-18,105.7,58.2,97.6,2.46,14.4,23.0,11.9,30.9,76.2,13.6
Lima,Peru,2019-09-24,83.5,53.8,78.1,1.97,10.1,49.8,7.4,-4.7,54.9,1.6
Tehran,Iran,2022-08-27,167.9,69.8,107.1,0.42,18.5,22.3,16.4,15.3,24.6,4.3
Mumbai,India,2021-02-25,196.5,96.1,168.0,3.58,33.0,67.3,18.0,18.5,30.9,3.9
Lahore,Pakistan,2017-01-08,220.2,99.1,180.8,2.91,56.1,53.5,24.3,6.2,74.0,12.7
Berlin,Germany,2024-02-24,30.3,12.4,21.5,4.95,6.6,30.3,4.2,6.9,23.4,6.7
Tehran,Iran,2024-07-15,137.1,80.0,154.8,3.61,36.8,44.7,11.2,21.7,72.2,8.7
Jakarta,Indonesia,2019-03-16,89.7,45.8,74.0,0.37,24.8,50.7,11.2,2.7,61.7,13.9
Delhi,India,2016-01-19,145.4,74.9,128.8,2.15,34.1,49.1,9.6,37.7,38.0,8.7
Mexico City,Mexico,2015-04-17,62.3,42.1,82.0,2.01,7.7,66.2,4.7,,88.6,9.1
São Paulo,Brazil,2023-10-10,85.4,39.9,58.2,4.44,18.0,68.0,11.1,24.1,34.2,10.5
Seoul,South Korea,2022-10-31,81.4,38.4,61.9,2.16,18.3,79.6,8.6,15.8,64.5,14.7
Cairo,Egypt,2023-05-08,95.9,45.0,62.3,4.82,10.9,65.9,8.0,-1.3,52.5,0.5
Mumbai,India,2017-12-21,189.1,106.4,171.9,4.2,38.5,55.7,24.9,27.4,69.4,10.7
Dhaka,Bangladesh,2018-06-24,183.6,85.8,114.3,1.5,44.8,62.5,25.8,25.4,53.0,4.3
Lagos,Nigeria,2022-08-23,83.3,43.6,81.6,4.3,14.2,40.6,11.8,12.9,73.0,6.0
Lima,Peru,2023-02-17,86.0,59.8,109.7,1.99,18.2,60.2,6.0,7.7,80.1,14.2
Sydney,Australia,2019-01-27,24.3,10.8,21.5,1.8,6.2,42.7,3.5,22.0,51.1,3.1
Buenos Aires,Argentina,2022-02-27,53.5,22.6,40.1,4.91,6.8,67.9,3.6,38.8,58.0,12.8
Bangkok,Thailand,2022-06-28,87.2,58.0,78.8,0.41,21.1,26.4,11.9,23.0,44.8,4.5
Ho Chi Minh City,Vietnam,2022-05-22,146.4,91.8,159.2,0.86,38.9,77.9,11.2,13.9,21.1,12.6
Sydney,Australia,2022-04-25,42.4,23.1,39.4,0.56,5.7,67.5,3.2,27.6,76.2,6.4
Johannesburg,South Africa,2017-01-31,89.9,37.9,68.5,2.09,21.3,44.5,10.1,32.5,86.3,0.7
Nairobi,Kenya,2020-05-31,71.2,40.5,70.7,0.57,8.1,49.8,4.0,29.9,77.9,2.2
Beijing,China,2017-01-06,191.6,133.4,175.1,2.54,49.9,67.8,20.0,3.2,61.9,6.2
Mexico City,Mexico,2024-03-08,118.3,68.1,134.8,0.53,18.2,56.5,14.9,31.3,86.3,2.9
Lima,Peru,2017-11-02,105.0,51.7,78.2,1.81,29.2,74.6,5.4,9.6,49.4,14.7
Lima,Peru,2021-10-26,104.9,61.7,82.2,1.2,19.6,77.5,6.2,30.6,34.3,7.9
Bangkok,Thailand,2023-03-22,131.0,84.4,127.7,2.01,34.5,22.3,13.3,36.4,86.4,12.2
Jakarta,Indonesia,2020-12-17,141.6,94.4,182.9,3.42,22.6,49.4,17.9,31.6,,5.2
Lahore,Pakistan,2018-06-26,163.8,92.1,161.4,2.97,45.8,29.2,21.8,18.8,84.5,6.7
Dhaka,Bangladesh,2016-07-29,154.5,81.4,111.3,0.98,31.4,52.0,15.0,-4.4,57.9,2.4
Los Angeles,USA,2021-07-02,87.8,41.6,,1.34,14.6,70.9,11.1,14.6,34.1,1.2
Tehran,Iran,2022-07-08,125.6,76.9,132.6,2.66,37.0,21.5,18.7,7.4,48.7,11.4
Cairo,Egypt,2018-05-07,100.5,68.6,97.4,4.68,25.9,30.2,8.9,-0.3,65.0,14.4
Seoul,South Korea,2022-04-23,122.0,58.2,106.5,2.45,20.5,56.1,9.7,9.8,80.5,6.2
Mexico City,Mexico,2019-06-23,100.6,56.9,84.6,2.28,25.3,29.7,10.1,6.8,50.8,5.9
Bangkok,Thailand,2015-09-26,67.5,42.5,70.1,1.08,18.5,31.2,7.3,18.7,41.5,14.3
Tokyo,Japan,2017-01-26,33.8,21.4,29.1,1.24,4.5,24.1,4.5,35.8,66.9,13.2
Nairobi,Kenya,2017-12-19,76.4,46.2,88.9,0.73,8.5,23.2,7.0,37.6,85.2,11.8
Ho Chi Minh City,Vietnam,2021-07-15,114.6,66.0,120.2,0.73,31.5,63.6,11.8,-2.2,72.1,7.0
Chengdu,China,2021-01-08,177.7,73.0,124.3,2.4,33.0,51.1,11.1,,72.9,1.7
Stockholm,Sweden,2024-04-26,28.5,16.0,22.4,4.88,7.6,58.0,2.2,36.0,43.6,5.1
London,UK,2021-07-15,5.0,2.6,4.8,4.88,0.6,67.2,0.4,1.9,34.4,13.9
Lima,Peru,2020-10-22,86.5,37.3,57.0,3.37,25.9,47.9,11.3,36.2,20.7,4.7
Ho Chi Minh City,Vietnam,2016-09-03,125.1,65.7,129.5,2.83,31.1,43.9,11.1,0.6,42.5,14.0
Beijing,China,2022-10-20,178.2,93.0,174.7,0.74,36.4,68.1,24.1,12.8,75.6,14.5
Toronto,Canada,2023-12-26,7.2,3.7,6.6,3.33,0.9,79.1,0.8,16.8,92.5,2.5
Delhi,India,2018-01-21,167.5,104.0,200.6,1.53,24.8,41.6,15.4,-0.0,37.3,13.2
Mexico City,Mexico,2017-04-09,147.9,71.0,139.2,3.94,25.5,65.9,16.2,25.8,44.1,3.5
Mexico City,Mexico,2019-02-12,108.2,56.5,73.5,4.32,25.6,46.8,15.9,37.3,27.1,9.4
Karachi,Pakistan,2020-03-19,144.5,65.3,90.8,1.52,22.5,77.9,18.5,-2.3,79.0,3.0
Tehran,Iran,2018-09-21,105.5,52.0,95.0,1.55,27.4,25.5,11.6,33.8,25.9,9.7
Istanbul,Turkey,2020-08-15,67.5,45.6,82.3,2.62,13.0,76.0,7.1,17.6,78.1,9.1
Istanbul,Turkey,2022-01-06,86.4,55.9,83.9,1.86,20.5,67.4,7.8,24.9,91.7,13.4
Lagos,Nigeria,2022-01-03,110.5,75.5,144.4,3.73,31.3,69.0,11.1,17.6,20.7,0.9
Seoul,South Korea,2018-12-21,101.0,69.5,111.7,3.15,26.4,62.2,13.8,22.4,63.7,5.9
Bangkok,Thailand,2022-06-04,94.2,39.3,55.2,0.57,19.5,44.2,5.0,-4.0,59.2,8.5
Jakarta,Indonesia,2018-06-18,95.8,52.5,74.1,0.48,13.6,47.8,11.9,7.0,71.4,13.0
Toronto,Canada,2022-01-14,51.0,28.4,45.0,0.43,9.1,42.6,5.7,34.0,70.4,5.7
Johannesburg,South Africa,2020-06-12,99.0,,88.0,3.33,19.4,71.9,13.0,18.6,91.9,14.3
London,UK,2020-03-15,69.9,32.6,44.7,3.21,17.2,38.4,7.3,24.2,54.8,8.3
Stockholm,Sweden,2017-04-11,27.5,16.6,30.0,3.37,3.4,52.4,3.5,4.0,46.1,3.5
Jakarta,Indonesia,2015-04-10,126.7,83.3,118.2,3.87,21.9,61.2,12.6,16.2,86.1,9.7
Mexico City,Mexico,2016-11-14,124.2,68.1,95.3,3.95,34.9,27.3,7.0,33.2,,10.3
Nairobi,Kenya,2021-04-14,59.0,30.9,46.6,2.95,,63.0,6.2,33.1,89.1,13.6
Nairobi,Kenya,2019-02-18,47.3,28.2,50.7,1.06,14.2,26.5,5.2,18.9,64.3,8.2
Tokyo,Japan,2016-08-04,18.6,13.0,25.8,2.76,2.6,31.0,1.0,22.5,55.9,6.5
Beijing,China,2016-07-06,215.2,148.8,270.4,2.88,54.5,79.8,29.9,-1.0,63.1,11.9
Stockholm,Sweden,2017-10-16,42.1,22.1,33.7,3.25,7.7,43.5,5.6,9.2,68.4,13.2
Jakarta,Indonesia,2017-12-16,103.8,62.7,125.4,4.1,23.5,48.1,7.5,26.1,33.3,13.4
Lima,Peru,2016-07-12,74.7,34.7,56.9,3.5,12.0,62.1,8.4,11.8,43.5,13.0
Bangkok,Thailand,2021-03-07,89.8,37.9,58.4,1.94,18.4,64.0,9.1,39.1,35.8,3.6
Beijing,China,2020-05-09,152.5,75.4,107.0,4.02,22.1,64.9,10.8,37.3,42.1,11.4
Wuhan,China,2018-07-11,210.2,123.4,199.7,4.69,50.1,24.5,27.0,7.4,74.2,1.4
London,UK,2019-08-16,86.1,48.5,87.5,2.62,22.4,76.8,10.7,28.5,36.3,5.6
Mexico City,Mexico,2020-05-27,36.0,17.6,23.7,4.68,8.0,39.5,3.1,12.8,80.9,3.6
Wuhan,China,2022-11-10,204.9,101.1,193.1,4.51,49.0,73.7,25.6,1.5,91.7,3.3
Wuhan,China,2021-08-17,113.4,72.0,108.3,2.83,19.0,73.6,7.4,2.9,28.3,11.5
Tokyo,Japan,2017-10-05,24.2,13.6,24.9,0.84,6.9,37.0,3.1,30.7,46.1,8.5
Dhaka,Bangladesh,2021-07-01,120.7,79.2,114.1,4.04,17.0,62.0,9.5,36.7,65.4,8.2
Mexico City,Mexico,2018-09-28,77.8,43.0,57.8,0.97,12.4,77.0,7.5,13.0,77.9,10.6
Mumbai,India,2022-05-04,150.5,77.8,150.3,4.81,28.1,20.1,15.0,5.2,34.1,4.6
Mexico City,Mexico,2019-10-12,118.4,53.4,102.2,1.86,27.6,71.5,17.4,4.5,29.2,11.2
Tehran,Iran,2022-05-10,170.0,96.5,169.4,4.3,26.2,53.3,14.2,9.3,21.5,9.2
Nairobi,Kenya,2020-03-29,153.6,96.5,141.9,3.67,,65.2,20.8,,20.2,4.9
Mumbai,India,2024-09-04,135.4,55.6,93.0,4.41,25.8,42.6,9.2,12.4,44.8,14.9
Tehran,Iran,2015-03-22,165.2,77.9,105.0,4.33,30.3,67.8,19.7,36.8,21.8,3.5
Sydney,Australia,2015-04-07,85.8,49.2,,4.68,24.4,22.3,7.8,18.0,46.8,1.2
Karachi,Pakistan,2024-12-26,192.3,133.2,179.9,4.14,26.7,54.6,17.1,10.7,85.3,14.6
Mexico City,Mexico,2024-06-15,134.4,56.9,75.6,,24.1,38.5,20.0,-1.2,40.2,12.9
Berlin,Germany,2018-04-16,102.9,59.2,78.9,4.63,13.1,32.8,6.8,17.4,81.3,4.4
Mumbai,India,2023-07-06,188.4,76.0,125.6,3.45,49.2,64.8,10.8,15.8,25.9,9.5
Paris,France,2021-08-26,46.4,,29.1,4.71,11.2,20.2,3.6,-4.2,,10.4
Mumbai,India,2024-03-05,208.5,,216.2,4.79,60.4,73.9,14.6,4.4,87.6,6.3
Cairo,Egypt,2023-08-13,119.4,72.4,132.7,0.42,22.2,71.4,11.8,26.1,76.7,2.3
Lima,Peru,2019-01-06,72.4,36.4,70.7,3.0,20.4,38.6,8.2,7.9,28.3,14.9
São Paulo,Brazil,2021-12-16,81.3,37.1,70.1,4.07,24.0,24.3,4.8,15.2,64.4,1.1
Paris,France,2024-03-03,78.6,33.6,65.5,1.5,21.8,75.4,7.8,13.5,40.9,12.2
Paris,France,2018-07-05,84.9,48.4,,4.92,22.9,21.2,7.8,11.2,86.2,4.3
Berlin,Germany,2023-10-13,23.0,13.8,19.5,4.48,2.8,79.0,3.2,32.8,50.5,7.9
Tokyo,Japan,2018-11-18,37.8,26.3,34.8,2.09,,42.2,3.4,23.4,,4.8
Ho Chi Minh City,Vietnam,2016-11-13,155.5,75.1,101.4,4.12,29.5,43.4,14.5,22.5,39.7,3.9
Lima,Peru,2021-09-11,57.4,23.6,41.3,4.17,14.1,48.2,6.1,-3.8,88.4,8.6
Jakarta,Indonesia,2023-06-09,148.3,67.7,107.4,3.48,23.7,50.6,11.2,-1.8,49.1,11.1
Johannesburg,South Africa,2024-01-07,143.5,89.9,159.0,2.68,42.2,73.0,15.3,20.1,40.8,13.8
Beijing,China,2023-07-21,142.7,87.2,128.8,1.19,35.9,77.6,8.7,2.4,36.4,14.5
Tokyo,Japan,2020-04-10,71.3,46.3,82.6,2.97,17.6,33.8,7.1,37.8,80.6,13.9
Tehran,Iran,2016-05-22,100.9,62.8,,0.72,15.9,20.9,11.9,31.7,76.5,2.6
Dhaka,Bangladesh,2023-10-29,186.2,91.6,123.9,1.47,30.3,47.1,19.1,27.6,87.6,7.2
Stockholm,Sweden,2020-02-11,18.9,8.2,14.7,4.57,5.2,39.6,1.4,7.3,41.6,1.7
Chengdu,China,2023-07-27,135.7,63.0,82.3,0.52,32.5,57.2,19.6,,53.3,1.5
São Paulo,Brazil,2020-02-23,48.3,30.5,54.8,3.81,11.5,62.5,5.1,25.5,59.5,3.5
Delhi,India,2018-12-21,202.9,105.8,138.6,4.48,31.2,23.1,18.8,31.7,49.8,4.3
Beijing,China,2021-07-14,131.0,69.2,110.6,3.05,14.8,43.2,17.8,24.0,52.6,5.0
Beijing,China,2024-10-10,146.9,91.7,146.8,1.46,38.6,35.9,8.3,19.7,40.9,0.6
Cairo,Egypt,2015-07-13,138.6,56.2,87.9,1.46,32.4,47.4,9.3,15.5,89.9,6.5
Sydney,Australia,2016-08-06,58.5,31.8,58.1,3.99,14.8,58.3,8.5,36.8,42.7,10.6
Karachi,Pakistan,2017-10-18,150.7,74.3,113.9,4.32,37.9,68.5,21.3,18.1,82.7,10.6
Berlin,Germany,2022-05-05,17.4,7.3,11.5,1.2,2.0,65.2,1.8,-2.4,55.1,1.1
Wuhan,China,2019-03-31,192.9,119.7,,0.96,39.9,21.2,25.6,11.5,25.2,5.2
Bangkok,Thailand,2020-04-10,86.1,55.3,86.7,4.95,16.9,49.4,10.1,,33.5,4.4
Cairo,Egypt,2016-09-26,129.4,86.5,130.6,4.0,15.6,69.0,18.4,23.2,75.2,14.8
Tehran,Iran,2023-08-18,206.8,84.5,150.3,0.36,44.2,55.8,22.4,2.5,25.8,13.7
Lahore,Pakistan,2017-06-05,207.9,110.8,182.3,3.36,26.0,69.7,27.8,19.3,34.1,7.8
Toronto,Canada,2015-07-16,55.4,25.0,40.0,2.8,9.8,29.0,4.4,23.5,74.5,9.4
London,UK,2015-08-27,5.0,2.7,5.2,1.83,1.2,67.1,0.7,13.1,39.5,7.9
Mexico City,Mexico,2024-06-12,126.5,52.5,86.7,0.67,32.6,42.4,17.9,-2.5,75.0,6.3
Stockholm,Sweden,2019-03-09,5.0,2.5,4.4,3.41,0.6,55.7,0.6,-1.6,69.4,12.2
Dhaka,Bangladesh,2023-12-09,256.1,105.6,188.9,4.05,45.9,52.6,19.6,9.0,57.6,2.7
Seoul,South Korea,2022-07-24,54.0,29.5,55.6,1.44,12.5,35.3,3.5,37.4,67.5,2.0
Lima,Peru,2017-09-23,51.5,32.7,65.4,3.89,13.0,62.0,4.8,9.2,59.4,3.1
Lima,Peru,2022-11-05,67.7,43.8,84.9,,15.3,75.6,9.9,31.7,61.0,12.6
Jakarta,Indonesia,2015-02-24,127.9,64.5,99.5,1.24,28.7,59.7,17.4,26.3,78.5,10.5
Karachi,Pakistan,2024-11-13,177.0,104.7,179.2,4.28,,25.8,13.1,31.4,74.9,2.2
Stockholm,Sweden,2023-05-20,27.6,16.2,31.7,1.12,5.8,68.7,2.8,10.8,79.3,11.7
Sydney,Australia,2015-10-05,85.9,57.2,102.0,3.51,10.4,50.4,10.1,31.3,51.0,2.3
Jakarta,Indonesia,2023-10-16,148.3,78.4,143.2,0.39,26.3,46.9,15.6,38.6,75.5,3.7
Buenos Aires,Argentina,2020-07-12,97.5,44.0,61.6,0.78,20.4,27.4,5.3,10.0,79.9,2.8
São Paulo,Brazil,2023-08-11,64.0,33.9,64.9,2.54,12.9,35.3,7.5,-3.8,92.3,7.7
Stockholm,Sweden,2024-12-12,50.0,23.6,34.2,1.57,6.3,51.9,6.9,36.5,,9.2
Lahore,Pakistan,2021-09-25,254.8,125.6,241.2,2.59,39.7,77.9,30.7,15.9,25.1,2.5
Lagos,Nigeria,2019-12-23,109.6,69.9,109.7,2.61,30.4,32.5,16.4,15.5,39.4,13.4
Seoul,South Korea,2021-05-11,32.6,19.3,25.9,4.75,7.4,43.9,3.0,2.4,47.0,13.6
Dhaka,Bangladesh,2018-03-01,176.0,114.4,208.9,4.05,48.2,48.6,22.5,-1.9,53.3,0.9
Seoul,South Korea,2022-10-18,5.0,2.4,4.8,0.7,0.7,47.0,0.4,26.8,47.8,11.8
London,UK,2019-09-05,72.8,42.2,75.8,0.84,11.2,79.8,6.8,11.1,85.5,1.0
Lagos,Nigeria,2020-07-23,94.8,43.9,68.4,1.24,10.2,45.0,12.2,37.8,66.8,6.1
Jakarta,Indonesia,2018-06-23,50.9,23.1,42.9,2.65,14.9,68.1,4.7,28.3,54.0,1.7
Lahore,Pakistan,2019-12-03,172.7,114.0,216.4,3.0,30.4,20.6,14.0,39.5,74.5,10.9
Johannesburg,South Africa,2023-11-17,128.5,68.9,111.0,4.39,23.0,70.4,17.2,29.7,22.8,2.6
Lima,Peru,2020-09-11,128.9,84.3,161.2,0.5,21.3,71.0,9.7,38.9,,14.1
Mumbai,India,2020-08-03,146.9,97.7,,3.45,28.5,76.5,9.7,14.3,29.3,8.9
Mumbai,India,2023-05-21,137.6,57.5,109.0,2.06,27.3,44.5,13.6,-4.3,81.2,5.3
Los Angeles,USA,2023-06-07,56.2,37.8,59.7,1.23,6.7,71.5,4.2,38.9,38.6,7.5
Seoul,South Korea,2024-04-08,62.8,,44.0,3.46,15.6,51.4,8.2,28.8,34.5,6.3
Seoul,South Korea,2015-05-10,97.2,54.4,93.6,3.74,15.1,44.1,10.8,-0.7,82.5,5.5
Karachi,Pakistan,2023-12-28,148.8,104.0,169.8,1.31,21.3,23.6,18.9,8.2,33.0,10.8
Karachi,Pakistan,2018-08-29,153.7,91.5,152.5,3.65,16.3,68.6,22.9,-2.9,57.2,11.2
Buenos Aires,Argentina,2021-07-13,34.8,20.1,39.1,2.84,5.1,64.3,3.0,7.8,38.6,1.7
Beijing,China,2019-09-07,177.3,116.7,154.2,1.46,28.9,49.4,21.6,25.6,94.0,13.9
Sydney,Australia,2022-12-27,37.4,24.6,46.5,3.0,6.3,32.5,2.7,10.2,57.8,9.0
Nairobi,Kenya,2018-01-19,99.8,60.3,105.7,3.0,14.0,43.9,9.8,21.2,34.9,11.1
São Paulo,Brazil,2021-08-28,56.0,33.5,55.6,3.08,10.2,46.7,7.7,16.4,79.5,6.2
Tokyo,Japan,2016-03-13,64.9,44.8,,1.93,10.1,30.9,8.9,0.3,68.2,5.3
Jakarta,Indonesia,2024-01-16,116.8,53.2,101.6,4.34,18.0,22.0,16.0,-2.4,26.4,12.4
Nairobi,Kenya,2018-08-10,77.7,40.8,58.3,,16.4,68.4,4.7,38.8,80.7,4.7
Cairo,Egypt,2018-09-23,108.6,57.1,74.3,0.49,13.0,68.6,11.4,3.6,,9.8
Ho Chi Minh City,Vietnam,2023-02-08,162.1,79.7,124.1,0.54,42.8,56.4,22.5,3.5,92.0,10.7
Lahore,Pakistan,2017-08-03,191.0,102.9,184.2,0.38,48.9,76.9,11.1,35.4,54.8,8.0
Cairo,Egypt,2018-02-26,77.2,,,3.43,19.7,40.1,11.3,23.8,27.2,14.5
Tehran,Iran,2018-06-12,171.9,104.6,154.6,2.52,48.2,38.5,15.9,6.6,36.2,1.1
Lagos,Nigeria,2021-07-23,112.0,46.5,92.5,3.63,25.3,31.2,11.5,17.7,46.9,2.8
Ho Chi Minh City,Vietnam,2015-04-20,103.4,60.3,98.9,,22.2,34.7,6.3,18.5,,14.9
Mumbai,India,2019-07-22,197.7,93.2,158.8,2.56,34.9,58.5,26.8,10.2,56.5,7.1
São Paulo,Brazil,2019-04-24,42.1,22.2,29.2,2.73,10.3,42.1,5.3,28.8,93.8,8.4
Sydney,Australia,2019-08-14,74.8,52.1,93.5,1.74,10.3,67.6,5.1,23.2,29.9,10.9
Tehran,Iran,2019-03-12,183.9,106.0,206.1,1.59,41.9,45.8,17.2,24.1,91.4,13.0
Wuhan,China,2018-10-13,88.8,56.5,82.0,,17.8,59.0,6.1,26.3,67.0,3.1
Wuhan,China,2016-02-06,124.0,74.8,144.5,0.87,12.6,29.9,18.5,29.6,66.1,2.4
Wuhan,China,2020-11-27,177.0,91.1,182.1,0.96,31.4,72.5,20.4,31.5,88.1,7.9
Toronto,Canada,2019-08-10,49.2,30.0,40.1,4.08,10.1,79.8,3.6,30.3,32.8,4.7
Wuhan,China,2020-05-22,190.3,105.0,177.2,3.42,46.8,46.9,16.3,5.8,51.8,3.6
Cairo,Egypt,2020-08-05,142.9,94.7,187.8,3.01,18.5,45.7,15.8,11.7,35.4,3.8
Paris,France,2023-10-18,27.0,17.9,33.0,0.56,4.4,51.9,1.5,25.7,48.8,6.3
Dhaka,Bangladesh,2024-05-05,151.3,75.7,144.0,4.01,43.4,61.9,16.3,6.7,70.0,13.6
Paris,France,2024-02-04,54.3,27.6,53.2,3.91,6.3,75.8,5.2,1.7,77.8,8.0
Lima,Peru,2018-10-10,116.8,74.2,143.1,2.96,15.4,24.8,11.6,29.4,66.5,9.0
Stockholm,Sweden,2022-01-02,29.7,18.0,25.7,2.9,,40.1,3.5,39.8,90.3,14.6
Beijing,China,2015-07-24,157.5,,146.2,0.53,27.2,59.1,23.4,7.4,77.3,10.1
Toronto,Canada,2021-12-31,14.1,7.1,11.9,2.36,3.4,68.0,1.4,12.7,88.4,11.4
Stockholm,Sweden,2023-09-08,55.6,23.2,38.7,0.87,12.9,38.0,6.9,30.0,42.5,14.7
Lima,Peru,2019-11-21,95.4,60.0,95.3,3.4,10.0,37.5,13.2,5.4,87.9,8.9
Nairobi,Kenya,2018-09-07,59.0,41.1,73.5,2.66,15.3,72.4,7.1,,20.2,3.3
Los Angeles,USA,2020-03-25,36.5,15.5,24.5,0.87,4.2,38.2,4.7,29.6,65.6,12.5
Cairo,Egypt,2024-08-28,178.9,84.6,143.7,4.64,19.2,77.9,22.3,25.9,66.0,4.2
Nairobi,Kenya,2017-05-14,89.3,50.6,93.8,1.96,26.0,38.8,11.1,17.7,66.3,2.2
Istanbul,Turkey,2018-02-21,79.6,53.7,77.1,2.55,17.1,30.8,6.6,36.0,42.2,9.7
Chengdu,China,2016-03-25,123.6,58.0,80.5,0.52,36.3,44.8,15.8,36.4,35.3,13.1
Johannesburg,South Africa,2024-01-05,118.0,67.6,126.2,0.82,18.0,27.9,16.5,-0.6,93.5,2.1
Johannesburg,South Africa,2022-08-22,106.2,52.8,80.9,4.28,31.4,21.8,12.1,6.0,74.6,11.7
Los Angeles,USA,2018-04-03,61.0,32.4,45.7,3.05,15.7,74.7,5.8,6.1,28.9,12.1
Bangkok,Thailand,2019-07-01,72.4,29.1,57.5,4.11,13.0,47.4,10.3,4.3,80.2,0.8
Toronto,Canada,2018-11-15,54.1,31.2,51.0,3.62,6.1,31.7,4.9,22.8,30.8,6.0
Lima,Peru,2020-11-16,94.6,42.5,,3.12,18.0,63.1,7.5,19.5,49.0,4.6
Tokyo,Japan,2020-03-30,66.8,42.7,65.3,3.23,9.1,67.5,5.2,2.7,90.5,6.6
Ho Chi Minh City,Vietnam,2020-02-23,147.7,84.1,131.2,,18.7,73.0,17.9,20.7,44.4,2.6
Karachi,Pakistan,2019-03-22,199.3,126.6,230.7,3.33,59.5,78.4,17.9,3.7,54.8,12.7
Beijing,China,2024-08-21,196.4,116.9,231.2,2.88,57.6,37.5,26.8,10.8,80.7,13.9
Johannesburg,South Africa,2017-06-06,65.2,40.4,79.5,2.06,13.2,73.9,7.7,34.3,66.4,11.2
Ho Chi Minh City,Vietnam,2021-12-16,165.2,86.1,133.8,4.77,34.8,31.5,16.1,18.3,94.2,10.9
Tehran,Iran,2016-08-23,119.2,64.1,124.1,3.49,29.3,51.3,12.2,18.9,56.9,7.2
Buenos Aires,Argentina,2015-05-07,52.9,35.1,66.9,1.45,6.5,77.6,5.2,-0.8,36.1,10.7
São Paulo,Brazil,2022-02-05,70.3,48.0,76.8,0.69,,39.4,7.4,26.7,43.1,14.4
Lima,Peru,2024-07-16,59.4,30.5,51.2,2.42,9.0,79.8,8.0,5.7,86.9,9.0
Cairo,Egypt,2017-11-25,158.9,80.1,105.5,0.71,21.6,49.1,14.0,1.7,49.6,4.9
Lagos,Nigeria,2018-07-08,121.6,50.3,79.0,4.51,22.4,46.5,6.9,22.2,90.2,4.7
London,UK,2022-06-24,10.4,6.0,8.2,4.77,2.0,26.9,0.9,11.8,45.9,10.6
Johannesburg,South Africa,2021-01-19,54.5,34.5,52.4,0.37,9.4,36.7,7.7,16.5,37.6,14.7
Seoul,South Korea,2024-09-21,49.9,31.4,55.1,2.47,9.0,72.3,4.9,11.9,46.6,4.5
Dhaka,Bangladesh,2017-04-29,110.7,50.0,,0.97,,47.1,7.7,29.0,34.5,2.3
Bangkok,Thailand,2021-09-20,158.3,102.0,174.6,0.91,41.5,61.4,15.8,34.9,69.8,4.7
Lagos,Nigeria,2019-12-12,99.7,61.8,108.1,3.66,16.8,76.3,10.6,-1.5,25.0,11.2
Seoul,South Korea,2024-06-02,117.5,71.5,106.9,1.36,25.0,31.8,10.3,23.3,41.4,5.9
Cairo,Egypt,2020-12-16,162.7,97.5,128.6,4.52,35.2,75.2,23.8,16.1,88.7,5.8
Los Angeles,USA,2017-03-02,75.2,40.3,71.8,4.89,15.4,64.1,10.5,19.4,32.5,12.8
Nairobi,Kenya,2023-09-06,102.2,42.7,60.6,1.65,16.0,70.4,11.2,-1.2,49.0,8.6
London,UK,2023-03-04,81.2,33.4,52.4,2.47,22.8,74.5,8.1,16.2,68.0,4.2
Seoul,South Korea,2016-10-12,99.3,46.1,63.9,3.2,22.9,23.6,12.6,22.3,49.8,14.8
Los Angeles,USA,2015-10-31,22.3,12.6,17.7,1.85,2.8,60.1,2.0,39.4,69.0,13.8
Karachi,Pakistan,2024-06-26,137.8,89.8,130.1,4.75,15.0,73.4,13.1,18.7,94.8,13.1
Beijing,China,2017-04-04,117.5,80.7,143.8,4.15,28.7,66.9,13.4,27.7,52.7,10.7
Wuhan,China,2023-01-09,171.8,115.1,203.8,3.1,27.9,71.8,9.5,35.5,69.0,3.2
Toronto,Canada,2017-09-11,107.2,53.4,75.7,1.8,31.3,65.2,15.2,8.4,26.2,8.7
Mumbai,India,2024-04-23,190.2,98.7,128.6,2.5,23.6,75.3,27.0,31.2,31.8,2.6
Delhi,India,2015-08-29,232.7,143.9,278.1,4.5,30.5,79.7,15.3,32.8,64.0,10.3
Jakarta,Indonesia,2023-01-01,112.9,77.5,121.5,1.44,26.6,24.8,7.1,38.7,41.1,1.0
Tokyo,Japan,2016-09-30,99.7,65.8,100.9,2.27,13.1,40.8,14.6,34.5,75.5,11.9
Wuhan,China,2018-03-06,230.4,,257.4,4.61,68.7,70.7,20.7,28.9,60.9,3.4
Lima,Peru,2022-03-15,102.4,43.1,65.9,3.54,29.0,39.2,10.6,16.1,28.2,11.5
Karachi,Pakistan,2022-05-25,141.4,79.4,110.1,1.48,37.4,29.2,14.8,12.7,35.1,14.6
Tokyo,Japan,2021-07-07,26.2,12.6,23.3,0.33,4.1,26.5,2.4,23.7,32.8,4.0
Toronto,Canada,2022-09-04,5.0,2.9,4.5,1.51,1.4,43.0,0.7,8.8,60.7,1.3
Paris,France,2021-07-31,78.1,44.0,73.6,4.6,21.8,27.4,6.6,28.9,71.3,9.7
Lima,Peru,2023-05-13,80.9,56.1,100.3,3.35,10.6,34.8,7.1,15.9,57.3,13.6
Berlin,Germany,2019-01-22,5.0,2.4,3.3,3.76,1.5,73.6,0.6,-4.0,46.0,13.0
Tokyo,Japan,2019-07-17,55.0,23.4,39.0,4.53,5.9,56.8,4.0,39.6,24.9,9.5
Karachi,Pakistan,2021-09-18,126.3,84.0,,2.32,17.3,68.0,10.8,3.4,74.4,12.3
São Paulo,Brazil,2018-01-23,124.8,74.3,131.0,1.6,36.0,32.8,10.9,7.8,89.8,12.5
Seoul,South Korea,2024-10-23,43.9,17.6,31.4,1.38,12.9,51.8,4.7,11.0,60.3,11.4
Stockholm,Sweden,2023-02-06,17.2,10.6,20.4,0.54,2.1,61.1,1.5,7.7,33.4,8.8
Lahore,Pakistan,2017-06-26,235.7,130.2,256.6,3.86,61.1,27.5,19.4,-0.2,92.6,10.4
Delhi,India,2023-11-28,128.5,72.2,102.9,0.57,21.2,37.7,15.6,16.4,41.8,8.8
Ho Chi Minh City,Vietnam,2022-07-13,124.7,74.6,104.7,1.61,19.5,48.0,18.1,9.6,41.1,2.9
Mumbai,India,2017-01-16,171.4,112.6,150.6,3.64,24.1,20.7,22.2,26.6,45.1,1.7
Ho Chi Minh City,Vietnam,2017-02-22,122.4,55.6,108.6,2.79,35.8,41.1,12.9,3.6,80.6,1.1
Buenos Aires,Argentina,2024-10-21,105.4,60.9,109.4,1.26,21.7,45.6,8.2,17.3,91.4,14.3
Chengdu,China,2020-06-22,104.2,69.3,132.6,1.47,22.9,72.2,10.6,11.6,68.8,3.0
Berlin,Germany,2020-05-29,23.2,12.6,21.3,3.91,6.4,68.3,2.5,10.7,59.5,0.9
Paris,France,2017-04-19,75.2,38.4,58.4,0.75,8.3,45.2,4.3,7.9,55.6,3.5
London,UK,2015-11-29,5.0,3.4,4.7,3.19,,27.4,0.4,14.3,47.3,11.6
Chengdu,China,2015-04-14,96.4,42.9,60.8,2.28,15.8,69.2,14.4,3.1,,9.3
Chengdu,China,2020-08-20,146.4,82.4,142.5,4.83,34.4,46.6,21.9,11.8,32.2,9.5
Chengdu,China,2015-08-16,152.0,102.9,164.6,1.0,19.5,59.0,13.2,11.4,65.9,3.7
Paris,France,2022-10-11,13.5,8.9,14.7,0.97,2.3,76.6,1.4,-3.3,24.3,3.9
Tokyo,Japan,2020-07-03,31.5,15.7,28.4,3.77,4.5,42.9,4.3,28.3,32.2,6.1
Dhaka,Bangladesh,2024-10-03,228.9,97.9,184.3,3.14,30.9,42.8,13.3,30.0,75.9,7.6
Seoul,South Korea,2024-06-28,91.2,49.2,65.2,2.03,11.5,31.1,13.3,6.8,56.3,13.4
Johannesburg,South Africa,2024-06-12,51.8,25.2,41.6,2.02,5.6,44.0,6.8,0.2,21.4,2.2
Chengdu,China,2018-08-01,163.3,104.2,139.1,4.47,36.8,51.1,12.3,11.7,91.0,13.7
Mexico City,Mexico,2019-05-13,68.6,47.1,86.1,2.1,18.1,32.7,4.9,30.6,61.9,8.6
Lima,Peru,2017-05-21,86.3,37.8,58.3,2.99,,50.2,9.1,37.4,38.4,6.9
London,UK,2024-04-26,61.7,,53.0,2.59,18.2,30.2,7.3,26.3,73.9,2.0
Karachi,Pakistan,2015-11-10,151.3,75.9,115.9,3.47,16.8,63.8,15.5,2.8,37.0,1.9
Mexico City,Mexico,2019-03-01,155.9,107.4,161.8,3.88,38.1,23.7,22.3,36.9,49.7,6.6
Karachi,Pakistan,2024-05-04,223.8,122.7,228.2,0.47,33.6,25.5,21.4,33.4,62.7,8.0
Mumbai,India,2023-01-07,201.8,106.9,168.9,4.88,25.9,35.1,19.9,18.6,61.2,3.6
Tehran,Iran,2021-07-07,143.6,87.7,129.9,1.68,39.6,42.8,15.2,0.4,38.9,6.5
Lagos,Nigeria,2022-12-13,130.6,66.5,125.3,4.64,17.9,49.5,8.5,26.8,82.4,6.1
Lagos,Nigeria,2024-03-23,89.4,41.2,62.4,1.82,11.7,38.6,12.6,9.6,40.6,6.1
Sydney,Australia,2022-08-25,13.6,8.5,15.7,4.77,3.8,25.7,1.3,26.6,93.0,1.7
Toronto,Canada,2022-11-10,58.9,30.9,50.0,2.03,,68.2,7.3,13.5,86.1,1.9
Wuhan,China,2016-03-05,162.6,72.8,143.0,4.88,44.9,34.3,12.7,13.3,63.4,14.9
Lima,Peru,2022-03-21,92.4,62.5,85.1,3.86,25.4,40.0,6.6,28.7,26.8,14.1
Delhi,India,2018-02-07,190.6,132.7,244.6,4.24,55.9,75.6,21.4,28.1,64.5,7.8
Mumbai,India,2023-03-23,179.1,111.3,211.6,0.75,38.6,39.8,18.1,22.6,83.4,1.0
Lagos,Nigeria,2020-07-17,105.2,42.4,77.6,,22.4,61.5,10.9,5.7,76.6,11.9
Cairo,Egypt,2019-09-01,117.4,,98.1,0.4,29.1,23.4,9.6,1.1,92.7,5.1
Jakarta,Indonesia,2022-08-03,113.0,50.9,79.6,4.9,21.4,75.4,13.6,28.2,34.3,5.8
Tehran,Iran,2019-01-03,174.3,104.0,198.0,1.29,43.5,22.4,13.9,23.4,93.5,14.8
Los Angeles,USA,2015-12-20,71.1,43.5,78.9,2.87,18.7,55.1,4.3,39.5,42.8,14.5
Istanbul,Turkey,2022-10-14,137.3,90.1,160.6,1.98,39.5,55.0,18.3,30.9,23.5,4.4
Jakarta,Indonesia,2023-02-17,133.8,79.7,112.8,4.76,18.1,30.9,15.2,14.0,22.0,13.8
Los Angeles,USA,2018-08-08,20.1,9.0,17.3,1.59,5.3,30.2,1.1,5.6,75.7,10.1
Lima,Peru,2017-02-05,118.2,67.3,131.5,4.03,31.1,45.6,14.0,3.3,42.2,7.8
Dhaka,Bangladesh,2021-12-25,209.9,105.2,169.1,4.8,32.9,57.1,12.6,13.5,44.8,0.7
Toronto,Canada,2021-03-19,5.0,3.3,4.9,2.21,1.4,24.8,0.7,12.6,79.3,5.7
Los Angeles,USA,2016-11-21,30.9,16.4,32.3,2.89,4.4,56.7,4.3,4.6,45.3,8.8
Beijing,China,2017-10-24,100.2,60.2,86.0,1.02,16.2,26.1,7.4,-1.1,50.1,10.8
Cairo,Egypt,2024-08-24,180.8,72.5,122.5,3.55,32.2,37.8,17.9,-0.4,68.3,11.1
São Paulo,Brazil,2016-06-18,107.7,73.7,111.1,1.53,25.9,62.5,10.9,36.5,31.0,7.4
Bangkok,Thailand,2017-08-11,86.2,,47.9,2.61,18.8,20.2,9.8,17.0,36.8,0.7
São Paulo,Brazil,2022-08-05,130.2,,108.8,4.58,23.7,66.1,8.7,16.2,59.1,11.7
Chengdu,China,2021-05-19,191.7,99.6,149.2,4.87,30.1,27.8,15.3,9.7,29.6,10.8
Tokyo,Japan,2020-02-05,99.1,56.2,94.7,0.39,25.2,74.6,6.2,30.8,60.1,4.6
Los Angeles,USA,2022-01-03,84.8,34.4,51.3,4.47,16.6,55.9,10.6,1.7,36.1,15.0
Wuhan,China,2015-03-14,104.4,68.4,135.0,0.96,23.0,68.7,13.8,14.8,36.9,6.1
Dhaka,Bangladesh,2016-11-25,185.8,129.7,219.0,1.22,20.1,76.6,18.3,27.2,69.5,13.4
Lagos,Nigeria,2018-10-30,135.2,77.8,105.1,1.21,19.9,79.6,9.8,34.1,25.9,3.1
Sydney,Australia,2020-11-13,31.4,21.1,30.0,1.38,6.5,23.2,4.5,11.3,56.7,2.0
Lima,Peru,2023-11-26,43.6,25.7,47.7,0.45,9.7,68.9,4.1,38.2,28.3,5.2
Toronto,Canada,2015-11-15,37.3,26.1,39.3,2.12,,75.8,5.4,20.1,69.7,5.6
Bangkok,Thailand,2019-01-09,88.2,51.8,77.9,0.94,13.2,48.4,12.5,12.5,24.2,0.8
Johannesburg,South Africa,2021-11-09,106.4,44.2,69.0,2.11,31.3,38.4,11.7,31.8,58.5,10.6
Sydney,Australia,2021-05-17,19.1,10.1,17.0,3.03,4.7,73.9,1.9,1.5,50.3,2.8
Toronto,Canada,2016-07-26,33.4,13.4,26.1,3.8,4.0,75.2,4.6,35.9,27.3,1.7
Mexico City,Mexico,2020-04-09,170.4,103.5,140.0,3.88,39.6,44.5,18.3,29.5,39.7,14.1
Cairo,Egypt,2021-11-10,128.5,86.2,156.8,3.4,15.0,75.1,10.2,28.6,,4.0
Paris,France,2024-11-13,95.7,64.5,107.7,2.37,21.7,53.2,5.4,3.1,,2.1
London,UK,2024-10-20,78.6,31.5,47.7,2.41,22.6,39.6,10.1,13.4,27.4,1.9
Bangkok,Thailand,2024-08-27,133.5,89.8,145.9,4.74,21.4,35.6,8.1,6.1,77.9,6.4
Cairo,Egypt,2022-06-21,120.4,80.2,124.3,3.73,19.7,37.9,13.8,2.0,85.0,6.1
Lagos,Nigeria,2019-08-24,140.2,92.2,156.5,1.68,28.8,70.2,11.4,12.3,60.5,13.4
Seoul,South Korea,2019-10-07,64.4,29.8,40.6,0.75,18.7,69.3,8.2,17.3,70.4,2.3
Lagos,Nigeria,2020-10-17,91.0,43.5,,1.86,21.6,66.4,12.0,34.3,64.8,4.6
Lagos,Nigeria,2017-03-13,100.0,55.1,75.7,4.58,18.9,72.4,12.1,33.6,86.3,1.3
Karachi,Pakistan,2024-08-26,164.1,86.1,148.9,4.61,46.8,53.8,13.4,7.6,,3.1
Delhi,India,2022-12-30,192.2,107.3,197.6,0.74,34.6,34.4,19.9,16.1,53.7,5.1
Jakarta,Indonesia,2016-06-15,77.0,43.4,74.6,0.4,10.8,34.5,5.8,5.7,40.4,4.3
Johannesburg,South Africa,2018-10-24,87.3,43.3,66.9,1.55,25.6,52.1,9.7,28.1,45.0,14.5
São Paulo,Brazil,2020-11-08,45.4,28.9,39.8,2.9,5.5,47.2,3.5,35.6,24.0,9.9
Stockholm,Sweden,2018-05-15,25.9,10.5,,4.61,6.0,55.0,2.1,38.5,32.6,4.4
Dhaka,Bangladesh,2017-12-03,193.7,122.6,169.4,4.69,39.6,64.5,13.6,19.7,44.8,14.6
Berlin,Germany,2016-11-09,52.6,32.9,56.7,0.74,11.0,52.4,6.4,9.5,84.5,9.5
Mumbai,India,2023-09-15,196.1,118.7,185.8,3.08,26.3,56.1,19.6,-3.8,44.1,3.3
Dhaka,Bangladesh,2017-10-30,183.2,,163.1,3.58,45.4,41.7,9.2,4.9,,9.2
Paris,France,2022-04-28,36.6,23.3,30.9,0.58,5.8,54.4,5.5,-0.9,55.5,9.2
Lima,Peru,2020-12-25,69.1,41.9,78.2,2.76,12.9,57.1,9.7,19.8,65.4,5.4
Mexico City,Mexico,2021-04-30,150.3,85.9,123.6,3.04,24.0,25.2,19.9,,67.4,14.8
Delhi,India,2017-06-12,200.3,93.4,171.1,0.76,53.4,20.0,27.8,-2.0,89.1,13.0
Wuhan,China,2024-09-06,149.8,84.1,160.4,2.85,34.9,60.8,20.6,30.0,93.3,0.8
Chengdu,China,2022-08-29,131.5,89.3,165.6,1.56,38.8,72.2,7.4,31.5,78.8,3.7
Paris,France,2015-04-24,22.2,9.4,15.8,3.83,4.7,75.9,2.7,0.3,90.1,2.7
London,UK,2017-07-20,64.8,28.8,57.6,1.86,12.9,48.0,3.9,17.2,31.2,12.1
Buenos Aires,Argentina,2015-03-26,56.1,22.5,29.8,2.63,13.2,69.2,6.2,39.0,57.0,9.2
Seoul,South Korea,2017-03-27,124.7,62.6,111.3,3.13,21.7,26.7,10.5,-3.0,63.6,5.2
Chengdu,China,2022-05-18,214.1,123.4,203.0,2.59,,48.1,22.2,,33.6,11.0
Lahore,Pakistan,2023-08-23,220.0,142.8,226.0,1.72,31.1,72.3,26.8,-1.5,73.5,1.0
Lima,Peru,2022-11-10,47.1,30.7,53.0,4.84,12.8,40.4,6.3,34.1,92.7,0.7
Ho Chi Minh City,Vietnam,2024-02-17,200.9,84.6,141.2,2.25,57.1,44.3,22.0,26.1,21.4,9.1
Karachi,Pakistan,2017-03-11,148.1,61.7,87.9,4.39,25.4,46.0,13.2,27.1,39.5,1.5
Wuhan,China,2024-06-08,164.9,101.9,197.8,0.54,43.2,24.0,13.7,-4.0,88.4,10.7
Tehran,Iran,2016-12-03,184.9,78.9,110.6,4.28,26.0,63.6,13.4,-1.0,87.5,13.6
Lagos,Nigeria,2021-11-05,70.7,38.1,64.2,2.22,17.8,65.3,9.3,18.5,80.1,2.8
Lagos,Nigeria,2024-07-09,86.8,49.0,88.5,2.21,9.4,73.2,4.7,35.7,23.9,11.2
Los Angeles,USA,2017-01-02,63.7,42.8,82.5,4.45,12.9,53.5,7.1,35.3,82.9,11.9
Mumbai,India,2019-08-23,200.9,92.0,132.0,4.92,42.3,49.0,27.1,33.2,33.2,3.0
Paris,France,2022-04-27,53.9,34.2,49.9,4.26,10.6,48.2,8.0,18.4,30.3,4.6
Berlin,Germany,2021-02-06,88.9,42.8,76.7,1.28,13.2,79.2,7.7,27.8,83.0,5.5
Paris,France,2023-08-06,34.9,22.1,38.1,2.0,8.7,71.8,2.6,-3.9,40.6,10.3
Nairobi,Kenya,2022-05-19,69.1,45.9,85.7,3.75,16.4,68.4,9.4,31.9,29.1,11.0
Sydney,Australia,2015-12-13,49.3,22.4,32.5,,8.3,44.0,4.3,4.6,90.4,12.2
Karachi,Pakistan,2020-03-15,127.8,63.4,89.8,4.13,22.7,76.3,18.7,38.5,31.7,5.5
Buenos Aires,Argentina,2024-10-13,51.2,34.6,47.1,3.07,10.1,78.6,7.5,14.1,53.1,6.1
Los Angeles,USA,2018-09-07,30.5,19.4,35.3,1.16,7.7,67.4,4.4,27.6,85.1,9.7
Beijing,China,2020-05-09,171.3,94.0,165.7,4.13,27.6,77.3,10.0,18.7,39.1,6.4
Lima,Peru,2015-10-12,71.5,43.6,85.6,2.62,13.0,78.4,9.5,37.3,49.8,10.6
Beijing,China,2016-12-25,185.0,123.0,183.3,4.19,29.6,51.3,23.5,12.7,46.9,13.4
Tehran,Iran,2015-09-28,193.8,127.6,204.8,4.43,33.8,38.4,28.7,-3.6,44.0,7.1
Delhi,India,2022-10-06,197.3,95.6,149.1,2.17,22.6,66.5,13.2,-3.2,64.3,10.2
São Paulo,Brazil,2020-09-07,90.9,60.6,108.8,1.78,24.6,60.2,10.8,38.1,91.3,6.1
Lima,Peru,2022-02-27,38.1,17.5,33.4,0.76,11.3,56.7,2.0,34.7,71.3,10.6
Mumbai,India,2021-12-30,199.0,117.5,154.1,1.84,43.7,28.9,11.9,-2.3,67.3,5.1
Istanbul,Turkey,2018-04-07,87.5,36.6,66.5,,23.3,59.1,11.1,21.0,56.9,4.3
Seoul,South Korea,2015-09-04,115.4,78.3,115.8,3.45,22.6,57.7,5.8,0.5,36.3,13.5
Lima,Peru,2022-03-13,40.5,23.1,45.1,3.36,8.0,43.2,4.6,16.6,72.9,9.5
Seoul,South Korea,2016-09-20,109.3,67.5,125.7,1.69,25.5,28.1,10.2,37.2,44.5,2.7
London,UK,2022-08-08,113.4,58.8,85.7,2.31,27.7,73.3,6.9,29.6,27.8,6.0
Nairobi,Kenya,2022-02-28,91.1,37.0,53.9,,13.4,23.2,5.0,20.2,62.1,10.7
Bangkok,Thailand,2016-07-17,95.9,52.7,90.7,1.35,20.1,62.5,14.3,21.8,84.6,12.6
Buenos Aires,Argentina,2019-12-11,38.2,18.7,34.6,2.75,5.7,59.4,5.4,11.1,64.7,8.9
Stockholm,Sweden,2019-09-09,50.8,21.7,41.7,4.69,14.3,43.8,4.0,37.4,86.2,12.4
Beijing,China,2017-10-13,199.2,114.1,196.4,3.86,50.5,34.4,17.7,30.2,39.6,13.8
Sydney,Australia,2022-12-04,56.7,37.9,57.2,,6.8,53.4,4.6,6.9,36.7,8.7
Ho Chi Minh City,Vietnam,2016-09-13,97.8,66.4,106.1,0.88,10.5,29.2,7.8,23.4,92.8,4.4
Stockholm,Sweden,2018-10-11,23.1,15.5,24.5,1.49,4.6,73.8,1.2,16.9,76.8,9.2
Stockholm,Sweden,2023-04-19,93.4,56.5,87.5,2.73,14.4,79.0,6.4,1.8,40.2,13.8
Dhaka,Bangladesh,2024-02-29,203.5,109.2,212.8,4.53,36.7,53.8,28.6,9.4,50.6,12.0
London,UK,2023-09-12,38.9,22.6,38.2,2.16,4.1,31.5,4.3,15.1,51.0,1.9
Tokyo,Japan,2016-06-06,71.2,39.7,53.8,0.61,14.1,53.7,5.4,9.7,79.8,13.1
Los Angeles,USA,2021-12-31,86.5,59.8,91.2,4.01,16.9,35.8,10.2,15.8,40.1,2.1
Seoul,South Korea,2023-04-06,71.3,47.3,64.0,3.42,9.4,58.8,10.0,6.7,46.1,12.0
Delhi,India,2015-12-02,213.2,144.2,233.1,0.49,43.0,64.4,15.4,-0.5,41.4,0.7
Mumbai,India,2021-09-19,171.3,76.0,137.3,1.4,51.1,51.9,9.3,29.8,50.8,9.3
Lima,Peru,2021-06-23,117.1,57.5,103.5,0.77,32.6,32.0,9.4,38.1,31.6,4.2
Ho Chi Minh City,Vietnam,2017-12-19,132.4,91.9,164.0,0.84,33.0,45.6,19.8,23.3,59.9,8.6
Nairobi,Kenya,2015-01-25,69.7,30.6,46.2,2.55,11.3,32.8,9.9,-3.5,,13.7
São Paulo,Brazil,2016-04-23,85.7,35.1,,4.9,24.1,77.9,12.8,-2.1,62.8,12.6
Los Angeles,USA,2019-10-23,63.2,36.0,62.1,3.14,6.8,30.3,7.8,24.1,53.4,0.8
Lahore,Pakistan,2024-07-02,158.2,75.0,134.2,4.18,31.8,44.2,12.2,-0.8,47.9,10.3
Seoul,South Korea,2015-06-17,98.6,67.3,128.7,2.35,24.6,75.7,12.2,9.2,25.1,14.4
Buenos Aires,Argentina,2017-04-20,62.5,38.0,57.8,4.37,18.2,50.4,5.1,13.3,25.5,8.7
Jakarta,Indonesia,2015-12-01,109.7,44.2,80.2,0.33,22.9,30.9,12.2,3.9,57.6,5.4
Nairobi,Kenya,2024-06-06,97.6,56.8,77.1,4.72,25.0,75.0,5.3,-4.9,46.8,9.4
Istanbul,Turkey,2024-03-16,101.7,63.3,115.7,0.62,30.3,71.5,10.3,27.4,75.4,12.5
Seoul,South Korea,2016-12-11,94.7,48.5,90.1,3.91,,43.8,13.9,13.7,77.3,6.5
Sydney,Australia,2015-05-29,69.1,48.0,67.4,4.42,14.1,26.5,8.9,9.9,85.1,2.8
Beijing,China,2024-05-23,175.6,86.1,127.4,0.54,34.5,43.5,9.9,5.2,56.5,12.2
Wuhan,China,2024-03-04,175.8,121.1,173.6,2.8,46.5,69.3,20.8,16.2,50.3,12.2
Karachi,Pakistan,2018-06-18,166.6,88.1,149.4,4.21,29.1,52.9,13.0,32.7,78.9,12.4
Buenos Aires,Argentina,2019-03-19,31.3,18.8,28.6,3.94,3.5,50.8,2.0,20.1,65.6,7.2
Dhaka,Bangladesh,2015-07-29,173.8,71.2,125.6,4.39,42.9,73.6,24.8,15.2,72.3,6.3
Ho Chi Minh City,Vietnam,2016-02-25,177.1,71.6,121.9,,26.8,20.9,22.0,10.2,52.2,8.6
Beijing,China,2024-05-30,171.7,96.8,179.9,0.86,27.2,78.6,13.5,13.5,41.1,7.3
Bangkok,Thailand,2015-09-07,42.9,27.6,43.5,4.03,9.8,74.9,5.6,35.6,59.4,13.7
London,UK,2017-04-04,47.5,20.2,33.7,4.18,6.8,78.1,3.3,26.9,88.6,14.5
Karachi,Pakistan,2017-07-24,144.7,58.7,,1.59,16.6,52.3,11.8,11.1,46.5,4.1
Nairobi,Kenya,2016-10-05,84.6,42.2,74.3,2.74,16.5,26.0,9.9,27.6,34.7,11.5
Lahore,Pakistan,2023-02-25,164.3,108.9,178.8,4.13,23.5,23.8,9.2,38.8,32.4,13.0
Los Angeles,USA,2022-04-27,16.6,6.8,10.0,2.68,2.0,75.3,2.3,1.7,75.3,7.2
Buenos Aires,Argentina,2021-07-06,63.7,30.9,55.9,0.82,14.4,76.9,6.1,15.4,57.2,6.5
Delhi,India,2015-07-28,159.7,86.1,,0.85,25.1,32.6,16.7,-4.9,89.1,8.2
São Paulo,Brazil,2023-04-06,51.7,23.6,38.5,0.49,13.2,67.4,6.2,,61.2,7.5
Beijing,China,2023-01-04,147.4,67.0,111.2,2.85,37.3,40.9,8.7,21.9,79.1,14.6
Wuhan,China,2024-03-12,177.4,71.8,129.4,0.42,45.6,63.3,21.1,0.4,88.9,13.5
Sydney,Australia,2024-09-23,79.6,40.5,66.5,0.84,8.8,23.5,8.5,9.5,63.5,9.1
Seoul,South Korea,2016-08-22,95.6,61.7,80.4,0.37,18.3,59.2,12.4,15.1,90.5,12.3
Wuhan,China,2022-12-18,178.6,95.0,189.7,2.23,31.7,37.6,17.6,27.8,23.6,12.6
Nairobi,Kenya,2016-09-23,76.7,32.3,60.9,4.78,12.2,52.1,6.1,12.0,55.7,12.0
Dhaka,Bangladesh,2019-03-12,148.2,92.1,175.8,2.64,41.1,32.6,20.8,31.2,83.0,0.6
Paris,France,2020-09-14,96.5,41.0,60.1,1.95,23.5,53.2,5.0,10.1,90.5,3.1
Los Angeles,USA,2023-12-09,8.9,4.4,6.5,0.87,1.4,52.4,1.0,23.9,32.2,9.4
Cairo,Egypt,2022-05-08,115.9,80.3,139.0,2.32,23.3,30.6,13.7,38.3,58.6,14.9
Jakarta,Indonesia,2024-07-15,152.9,99.6,146.2,4.41,23.0,57.0,13.1,9.5,46.5,7.7
Wuhan,China,2019-03-20,150.8,73.1,138.7,4.39,28.8,61.8,13.1,1.7,44.1,10.4
Lagos,Nigeria,2022-01-14,157.0,102.9,135.1,2.59,24.3,61.0,11.7,20.5,73.4,11.7
Nairobi,Kenya,2019-03-03,78.5,45.5,60.4,1.05,23.5,42.9,7.8,-4.5,64.4,5.2
Mexico City,Mexico,2015-09-29,107.8,66.2,121.8,4.35,23.0,56.3,13.1,1.7,35.0,11.6
London,UK,2023-01-13,82.4,50.4,87.8,2.38,12.4,56.8,5.6,-2.3,21.5,4.4
Dhaka,Bangladesh,2024-01-06,137.5,65.3,98.1,1.92,33.4,46.5,20.4,37.6,93.6,6.5
Bangkok,Thailand,2023-06-05,94.0,55.7,105.3,3.15,,34.9,6.5,20.0,67.8,13.1
Johannesburg,South Africa,2021-08-05,123.0,85.7,169.3,3.23,24.7,65.6,9.4,10.9,77.5,14.3
Mexico City,Mexico,2018-07-23,87.5,36.8,53.8,3.67,13.0,76.6,8.1,-0.5,83.2,13.8
Chengdu,China,2015-08-01,116.2,63.7,123.9,3.63,16.2,52.0,10.8,15.3,51.0,3.0
Beijing,China,2016-03-06,104.9,47.5,68.4,1.21,19.9,32.5,12.8,10.1,90.5,1.4
Los Angeles,USA,2017-02-09,58.1,36.1,64.2,2.28,15.9,24.3,5.9,4.0,48.0,10.6
Chengdu,China,2023-02-18,157.2,75.7,,0.61,46.1,57.2,15.7,13.6,76.2,5.7
São Paulo,Brazil,2021-10-28,63.6,39.0,,4.48,10.8,23.5,5.6,34.4,25.8,11.6
Ho Chi Minh City,Vietnam,2023-02-08,90.1,45.7,72.1,4.68,14.1,78.4,5.5,38.8,36.7,2.9
Jakarta,Indonesia,2024-05-09,110.6,54.7,94.8,3.43,19.2,33.8,16.5,7.2,48.4,7.5
Sydney,Australia,2019-11-13,20.9,14.6,27.5,2.39,2.6,72.0,2.7,21.1,50.3,14.1
Buenos Aires,Argentina,2016-06-21,44.1,21.9,41.9,3.24,12.8,58.7,2.4,3.0,41.1,13.1
Lagos,Nigeria,2022-05-21,117.9,52.1,72.5,0.89,31.9,28.5,15.4,33.0,27.9,13.6
Los Angeles,USA,2021-02-12,97.8,59.3,104.6,0.9,9.9,46.4,9.2,31.5,33.6,4.5
Nairobi,Kenya,2017-04-26,35.6,17.1,,1.39,5.8,52.2,3.3,-2.1,51.9,12.8
Wuhan,China,2022-08-29,141.8,96.9,146.9,0.37,21.4,24.2,15.1,,80.5,11.1
Johannesburg,South Africa,2015-08-11,151.8,73.0,102.1,,18.1,38.9,16.0,19.3,29.0,0.6
Istanbul,Turkey,2015-10-03,129.4,71.1,115.9,2.54,22.8,73.2,13.2,38.8,83.5,11.2
Lagos,Nigeria,2020-01-04,79.2,35.3,50.6,0.86,10.5,45.4,5.9,34.8,92.1,10.5
Tehran,Iran,2024-01-20,186.4,88.8,156.8,0.57,54.4,60.2,15.2,29.8,21.2,6.0
Ho Chi Minh City,Vietnam,2017-07-07,155.6,79.0,124.5,3.81,43.9,30.0,12.1,17.0,66.0,7.3
Lima,Peru,2015-06-10,38.9,24.5,38.8,0.49,5.4,49.2,5.6,20.5,59.8,11.0
Tokyo,Japan,2019-10-22,47.7,33.3,63.8,3.5,8.5,53.3,3.8,,51.4,2.2
Los Angeles,USA,2022-04-10,27.0,14.9,22.9,3.43,4.8,33.2,3.2,39.1,80.8,6.5
Wuhan,China,2016-04-11,119.1,81.0,131.4,1.07,34.7,50.9,12.1,12.4,82.7,4.7
Lima,Peru,2015-10-09,116.7,64.1,124.8,1.58,17.9,64.3,14.9,14.6,82.5,3.0
Jakarta,Indonesia,2016-12-23,70.3,32.7,50.3,0.38,16.9,61.0,6.7,9.5,52.6,14.1
Toronto,Canada,2018-03-25,14.6,9.0,13.2,0.75,1.7,48.3,1.8,29.8,74.0,13.7
Cairo,Egypt,2016-07-15,142.3,64.4,114.5,2.71,24.5,34.9,13.7,5.8,26.2,12.8
Lima,Peru,2023-05-05,102.3,52.1,84.0,4.36,16.8,42.8,12.9,4.0,69.4,6.8
Paris,France,2022-03-12,38.7,18.3,29.1,0.98,6.0,45.1,3.9,28.4,48.9,8.4
Beijing,China,2023-11-21,216.9,140.0,205.3,1.3,50.4,55.7,22.7,1.9,47.2,11.5
Berlin,Germany,2018-01-23,34.1,18.2,30.1,2.47,6.8,68.8,3.0,19.8,65.5,14.2
London,UK,2022-12-01,9.0,3.9,6.7,3.41,0.9,24.5,0.5,-2.8,26.7,14.4
Delhi,India,2015-07-24,192.7,120.6,213.8,2.28,20.5,69.6,26.2,16.7,68.4,7.4
Ho Chi Minh City,Vietnam,2016-06-03,119.5,,119.7,,24.6,66.6,11.7,2.1,85.2,10.3
Lagos,Nigeria,2018-09-07,72.7,39.8,60.9,4.22,15.8,63.0,8.4,16.8,,9.4
Lahore,Pakistan,2023-06-12,192.2,93.6,175.9,4.72,40.3,43.1,21.6,16.8,83.1,12.6
Tokyo,Japan,2023-05-30,43.8,22.4,30.4,4.1,12.9,54.6,5.5,13.1,62.1,5.5
Tehran,Iran,2016-12-28,156.1,74.0,104.1,4.52,42.6,70.1,20.6,27.8,85.6,3.5
Lahore,Pakistan,2018-04-17,153.9,89.3,134.2,4.72,21.4,41.4,23.0,3.5,53.7,5.0
São Paulo,Brazil,2020-05-21,52.9,26.0,36.7,4.69,8.6,64.5,4.2,3.0,80.2,1.3
Ho Chi Minh City,Vietnam,2023-11-20,132.0,80.1,107.9,3.82,17.7,68.5,14.0,28.3,36.0,6.2
Buenos Aires,Argentina,2023-01-12,110.6,74.5,108.6,4.03,13.5,45.5,15.9,37.5,42.3,3.3
Paris,France,2024-12-09,21.0,10.7,14.0,1.52,5.9,46.8,1.2,24.1,91.7,7.2
Tehran,Iran,2022-04-14,138.7,95.4,156.2,0.91,25.3,62.5,13.7,9.9,28.0,7.2
Delhi,India,2017-06-22,153.9,92.8,170.8,1.44,17.7,40.8,16.3,29.6,50.2,5.8
Lahore,Pakistan,2024-02-11,161.2,86.2,139.1,2.23,,63.7,12.6,12.0,41.2,8.8
Buenos Aires,Argentina,2022-02-13,76.5,45.7,84.8,1.87,11.1,54.6,11.4,27.0,71.1,7.0
Wuhan,China,2023-03-11,157.3,77.4,151.4,2.09,40.8,35.5,8.8,34.7,89.5,10.8
Lahore,Pakistan,2018-04-07,93.1,52.3,78.0,3.57,14.8,53.5,5.9,25.4,34.2,3.0
Toronto,Canada,2018-04-11,5.0,2.2,3.2,1.34,0.8,23.3,0.7,0.4,72.6,8.3
Lagos,Nigeria,2016-06-15,102.0,64.6,,2.45,21.3,46.0,13.3,28.7,43.8,12.3
London,UK,2016-06-13,32.6,19.2,36.6,2.54,8.2,57.7,3.0,30.5,27.9,8.9
Nairobi,Kenya,2017-03-26,94.3,64.1,112.4,3.05,16.3,22.5,7.2,,68.6,12.3
Dhaka,Bangladesh,2022-05-11,175.3,73.4,112.7,3.48,47.4,68.1,16.2,36.9,42.6,5.9
Stockholm,Sweden,2020-06-25,5.0,2.1,3.2,1.72,1.3,29.4,0.6,0.8,57.2,11.2
Wuhan,China,2019-02-12,127.1,75.5,109.0,4.19,36.9,29.3,17.6,12.9,72.4,7.8
Sydney,Australia,2017-04-06,26.4,14.4,19.6,4.18,7.6,55.8,1.5,28.2,36.3,11.1
Ho Chi Minh City,Vietnam,2022-12-11,103.6,43.1,64.5,2.31,,28.0,8.2,-1.2,66.2,7.4
Tehran,Iran,2016-09-17,165.2,74.2,110.3,2.71,17.0,72.2,21.1,-2.4,83.7,0.6
Dhaka,Bangladesh,2023-01-17,196.8,82.0,134.1,3.99,26.7,66.3,13.5,39.6,84.0,11.2
Johannesburg,South Africa,2017-08-18,75.6,40.7,64.3,3.47,10.1,53.7,9.0,8.5,78.5,6.8
Ho Chi Minh City,Vietnam,2015-07-27,120.2,55.1,82.4,1.04,25.6,76.9,16.8,9.6,84.9,14.3
Toronto,Canada,2017-08-13,26.0,15.1,23.6,4.98,3.0,73.6,1.5,-3.1,90.5,13.1
Cairo,Egypt,2015-01-16,168.0,115.4,219.7,4.54,36.8,77.5,22.0,37.3,41.1,8.2
Stockholm,Sweden,2021-12-01,69.9,48.4,90.1,1.78,8.6,36.4,8.1,-4.5,34.2,5.2
Johannesburg,South Africa,2023-08-19,100.6,41.8,55.8,2.89,13.6,34.5,6.9,21.2,24.2,14.1
Los Angeles,USA,2024-03-31,43.3,26.0,48.7,2.92,9.1,29.6,4.0,1.8,93.0,10.4
Stockholm,Sweden,2015-08-09,41.7,22.7,39.6,0.75,9.7,30.6,3.8,23.1,47.4,6.0
Dhaka,Bangladesh,2022-10-15,210.1,133.4,219.9,4.97,52.2,61.0,27.3,30.0,36.5,3.6
Jakarta,Indonesia,2015-08-26,56.3,29.9,57.1,1.66,9.4,30.0,8.3,0.2,93.7,10.7
Bangkok,Thailand,2024-08-28,86.6,41.4,82.0,3.18,9.9,51.5,12.1,13.7,70.0,11.7
Dhaka,Bangladesh,2021-03-21,148.0,97.2,156.9,0.57,40.8,53.9,10.3,9.3,62.7,5.9
Ho Chi Minh City,Vietnam,2018-12-04,89.4,42.3,79.5,1.37,21.4,35.0,6.4,6.3,55.1,2.6
Tokyo,Japan,2016-03-30,57.3,35.9,47.3,2.11,10.3,73.6,7.3,18.0,56.0,8.7
Lagos,Nigeria,2019-09-19,141.7,81.1,108.7,0.9,15.3,63.1,13.8,38.0,91.4,12.1
Ho Chi Minh City,Vietnam,2024-10-12,164.2,81.2,117.0,1.39,48.9,51.8,8.4,-3.0,54.4,6.9
Paris,France,2021-02-14,64.5,27.9,,3.1,11.4,32.5,7.3,22.1,93.1,8.6
Mumbai,India,2022-05-12,206.4,141.3,226.7,0.55,26.6,50.2,28.7,24.4,35.1,10.7
Paris,France,2023-11-08,42.1,20.0,30.6,2.22,8.8,55.2,4.0,15.1,41.4,6.1
Stockholm,Sweden,2019-03-24,49.9,28.9,40.2,3.89,11.8,37.9,4.8,37.6,21.5,12.3
Nairobi,Kenya,2020-11-19,125.8,67.5,96.8,4.58,31.2,53.6,11.9,17.5,81.8,0.7
Lagos,Nigeria,2023-12-17,139.5,57.7,100.0,1.87,32.9,25.1,14.7,33.5,57.1,1.7
Dhaka,Bangladesh,2024-03-22,185.2,98.8,190.6,2.74,54.6,67.5,25.2,25.6,85.1,9.1
São Paulo,Brazil,2024-01-09,83.8,55.5,72.7,2.55,23.0,31.8,12.2,28.3,77.2,10.1
Dhaka,Bangladesh,2016-02-11,211.8,93.6,155.8,1.76,62.9,20.2,11.9,38.5,60.8,2.5
Cairo,Egypt,2022-10-06,125.8,62.5,121.1,3.53,15.9,52.2,8.0,24.9,74.5,8.7
Toronto,Canada,2019-12-03,102.8,52.7,88.8,1.06,26.3,74.6,8.4,30.7,26.9,4.1
Lahore,Pakistan,2019-06-30,163.9,84.6,146.6,2.95,19.3,27.9,9.0,37.9,68.4,12.9
Cairo,Egypt,2016-01-22,144.7,79.8,126.6,2.05,33.3,57.1,9.4,31.7,67.7,8.3
Buenos Aires,Argentina,2015-10-09,29.4,13.1,25.5,1.57,4.5,68.9,2.5,32.4,44.6,8.5
Tokyo,Japan,2017-06-17,37.5,25.1,39.2,2.52,3.9,78.5,4.9,15.1,89.0,14.0
Tokyo,Japan,2020-12-03,75.7,35.6,58.4,1.83,14.3,74.7,5.9,32.8,90.1,12.2
Nairobi,Kenya,2017-01-09,118.5,49.0,88.9,2.79,21.3,66.0,9.1,35.3,71.6,9.3
Beijing,China,2018-03-06,167.7,77.8,134.7,3.71,17.2,42.0,22.3,23.4,66.1,3.8
Berlin,Germany,2018-01-01,28.2,12.8,17.4,2.68,6.7,29.8,2.6,20.6,31.7,4.4
Tehran,Iran,2023-05-28,180.2,111.3,194.2,3.65,,70.1,23.9,30.8,63.2,14.9
Seoul,South Korea,2018-10-11,101.1,65.5,122.7,4.4,18.7,75.9,7.2,37.2,61.8,2.9
Istanbul,Turkey,2020-06-30,79.1,38.7,56.2,1.11,8.4,65.9,7.8,39.0,52.9,12.7
Karachi,Pakistan,2018-12-04,196.2,127.8,198.9,1.24,51.1,55.8,10.4,31.2,91.8,1.1
Bangkok,Thailand,2019-08-21,89.2,57.6,98.5,4.95,25.3,30.7,10.5,24.4,28.3,1.8
Dhaka,Bangladesh,2019-01-04,206.6,97.4,164.6,2.1,57.3,38.4,28.3,12.5,63.4,4.7
Los Angeles,USA,2024-05-30,5.0,3.3,6.1,3.31,0.8,58.2,0.7,24.2,91.7,4.9
Mexico City,Mexico,2024-02-04,56.4,31.7,49.6,4.63,9.9,22.4,7.1,,32.7,14.6
Lahore,Pakistan,2017-05-08,173.2,113.3,184.8,3.23,46.4,79.0,11.9,35.4,70.0,14.2
Buenos Aires,Argentina,2017-02-05,129.9,59.5,104.4,4.78,36.3,25.1,7.2,38.3,35.0,8.5
Wuhan,China,2018-12-17,234.6,153.2,211.8,3.33,26.1,29.4,23.7,-2.9,34.7,2.5
São Paulo,Brazil,2022-05-25,78.5,51.6,80.1,0.5,18.8,22.3,8.3,1.3,70.3,13.4
Ho Chi Minh City,Vietnam,2022-07-25,143.9,80.3,134.4,0.48,36.5,77.4,13.5,30.7,79.8,11.9
London,UK,2023-10-25,65.8,29.2,52.5,0.32,18.7,69.6,7.8,-0.7,81.9,13.2
Berlin,Germany,2015-12-12,18.4,12.8,17.4,3.63,3.8,28.7,2.1,31.0,32.4,12.0
Stockholm,Sweden,2018-01-09,69.4,30.8,52.3,2.3,15.4,45.5,5.2,6.4,84.9,2.8
Buenos Aires,Argentina,2022-08-05,77.1,33.1,44.7,0.37,10.2,31.6,5.9,0.6,27.1,8.4
Ho Chi Minh City,Vietnam,2016-11-21,156.9,,145.6,4.54,35.4,23.7,16.8,18.6,53.9,8.7
Paris,France,2023-01-21,109.7,45.1,73.8,4.14,22.6,24.1,14.0,37.4,83.9,5.8
Mumbai,India,2018-11-18,228.1,136.8,196.9,4.26,61.6,44.3,14.4,22.4,46.8,11.3
Seoul,South Korea,2015-01-23,105.4,50.5,,3.19,12.3,61.4,13.2,5.6,92.6,5.9
Johannesburg,South Africa,2019-05-17,114.5,63.6,126.8,2.22,15.6,70.0,6.2,34.8,28.3,8.8
Cairo,Egypt,2024-04-03,83.7,41.9,79.3,3.09,15.0,39.5,5.1,23.8,47.3,5.1
Chengdu,China,2019-06-12,178.4,123.5,231.7,0.39,48.8,32.8,15.2,39.6,50.4,10.0
Berlin,Germany,2018-04-26,30.9,15.8,27.1,4.76,4.8,34.8,1.6,,39.7,1.4
Jakarta,Indonesia,2023-04-16,121.0,55.2,108.0,1.74,14.3,70.2,10.9,31.9,43.4,7.8
Tokyo,Japan,2015-04-20,27.6,15.7,24.8,2.63,6.5,44.9,3.3,27.1,76.2,7.3
Wuhan,China,2021-04-08,170.0,101.3,168.8,2.93,38.8,79.9,9.6,-4.0,92.3,6.9
Los Angeles,USA,2016-05-02,61.2,38.3,69.7,3.34,11.9,54.6,7.5,33.3,29.5,4.5
Buenos Aires,Argentina,2022-05-03,34.0,16.0,21.2,,6.2,39.8,3.5,0.5,49.8,11.4
Berlin,Germany,2016-03-31,91.2,57.6,93.7,2.03,24.3,30.4,11.2,35.0,41.5,3.4
Bangkok,Thailand,2021-06-11,112.5,53.2,80.9,4.48,15.9,73.1,8.0,36.0,,4.1
Tokyo,Japan,2015-10-26,50.4,25.8,37.1,1.89,12.2,69.9,6.7,29.1,20.4,6.7
Lahore,Pakistan,2015-12-06,174.6,111.4,208.4,4.48,38.1,79.9,17.2,34.8,28.5,2.7
Buenos Aires,Argentina,2024-04-08,56.6,24.8,33.5,1.22,14.6,75.6,4.7,38.9,80.7,3.8
Jakarta,Indonesia,2015-02-24,54.7,30.7,48.4,2.33,5.5,24.0,3.6,3.3,53.9,13.2
Los Angeles,USA,2016-06-15,42.8,25.2,33.2,4.32,5.3,37.1,5.6,6.9,39.3,9.2
Jakarta,Indonesia,2015-08-05,136.1,78.9,139.1,4.75,18.1,59.3,9.3,9.1,49.2,12.6
Wuhan,China,2023-10-12,121.9,75.6,146.5,0.67,31.5,26.5,17.8,31.7,72.1,8.5
Tehran,Iran,2018-03-06,137.8,90.1,141.7,2.42,22.9,77.0,13.3,29.0,72.2,3.9
Sydney,Australia,2015-11-17,74.6,42.0,,4.21,8.3,57.2,9.6,35.8,58.0,11.4
Bangkok,Thailand,2016-12-20,108.2,56.5,77.1,4.84,25.9,30.3,16.0,27.2,26.8,3.0
Wuhan,China,2024-03-31,167.6,115.0,178.9,2.24,30.0,70.1,16.0,11.9,66.6,7.6
Stockholm,Sweden,2017-09-10,87.5,45.4,84.6,1.24,19.1,54.7,7.9,26.7,22.1,12.7
Ho Chi Minh City,Vietnam,2018-10-11,96.9,61.8,93.5,1.18,17.2,67.8,11.7,,90.3,6.4
Buenos Aires,Argentina,2023-04-03,43.9,23.7,45.0,2.54,8.6,35.2,2.9,5.0,62.6,9.1
Karachi,Pakistan,2018-09-08,162.3,78.6,149.1,0.48,48.3,36.9,8.6,2.9,90.6,15.0
Bangkok,Thailand,2020-01-19,117.5,79.2,139.0,4.7,34.1,65.6,10.0,1.7,58.8,4.7
Lima,Peru,2023-05-07,60.7,31.5,51.5,3.41,8.8,72.1,4.2,39.9,61.8,2.6
Tokyo,Japan,2024-04-02,37.4,16.5,27.8,4.43,10.5,67.1,4.0,18.8,48.0,1.1
Sydney,Australia,2020-10-09,17.2,12.0,23.4,4.69,2.9,26.0,2.4,29.4,49.3,12.6
Johannesburg,South Africa,2021-01-10,102.1,68.7,126.0,1.55,,39.5,11.4,9.2,51.0,6.4
Sydney,Australia,2018-10-10,39.0,26.4,,4.97,5.5,72.4,4.8,25.1,53.4,12.3
Nairobi,Kenya,2022-07-16,67.6,,52.2,3.38,11.3,22.4,7.8,-2.2,92.4,13.4
Berlin,Germany,2020-05-30,21.3,10.9,19.8,0.52,2.5,49.7,2.3,29.5,42.3,8.4
Paris,France,2022-12-20,108.8,75.8,139.4,4.98,21.7,46.0,14.5,15.8,76.7,14.9
Chengdu,China,2017-02-02,149.7,60.5,86.3,1.6,39.6,75.9,17.2,-1.0,57.5,13.0
Seoul,South Korea,2023-05-09,71.8,47.1,89.2,3.59,20.7,47.2,8.8,32.4,67.7,8.5
Ho Chi Minh City,Vietnam,2018-07-28,192.6,97.5,151.8,4.89,23.8,70.5,24.8,-2.6,72.8,1.9
Istanbul,Turkey,2018-06-14,91.4,38.1,63.4,1.27,16.9,26.1,5.4,17.7,45.2,2.8
London,UK,2017-12-23,57.0,23.9,43.6,0.54,16.8,64.1,8.0,14.8,24.4,3.8
Mexico City,Mexico,2015-11-04,70.3,38.3,58.3,2.6,18.8,33.4,6.3,15.1,64.0,1.6
Dhaka,Bangladesh,2021-11-26,192.3,99.9,186.5,1.18,53.1,40.3,14.5,13.4,61.5,11.1
Lagos,Nigeria,2021-05-10,123.8,49.6,91.9,2.38,36.3,69.2,10.9,23.6,34.6,4.7
Cairo,Egypt,2015-08-28,143.7,89.9,117.4,2.21,38.4,62.5,13.2,23.5,52.4,12.7
Tehran,Iran,2016-11-23,117.3,74.1,144.5,1.69,30.9,34.3,11.0,26.1,38.3,3.2
Tokyo,Japan,2021-04-28,88.7,56.3,96.7,3.6,21.1,52.7,7.2,14.0,48.5,1.6
Karachi,Pakistan,2016-06-27,198.6,125.7,169.4,1.32,57.6,47.7,26.1,20.9,81.8,11.2
Mumbai,India,2024-10-23,191.4,133.4,219.3,3.05,39.8,73.1,14.9,-2.2,52.1,13.8
Stockholm,Sweden,2022-05-05,53.3,33.1,53.8,2.09,9.2,45.3,7.2,16.7,,3.1
London,UK,2016-12-17,5.0,2.7,4.5,3.22,,56.8,0.4,6.6,44.8,11.9
Tokyo,Japan,2015-08-12,59.6,33.3,44.0,3.67,10.3,45.1,6.6,16.1,,9.1
Beijing,China,2022-04-11,131.1,69.7,102.1,1.74,24.1,56.9,16.6,5.9,34.1,3.4
Dhaka,Bangladesh,2024-04-24,196.9,84.9,119.0,2.08,58.9,33.4,16.2,32.6,29.8,14.9
Dhaka,Bangladesh,2018-08-02,183.4,126.1,176.7,1.39,31.9,23.1,10.3,35.7,23.2,11.4
Lima,Peru,2022-05-09,138.0,92.3,154.0,4.7,19.0,57.4,18.5,5.5,79.1,6.3
Lima,Peru,2021-09-27,54.9,23.5,39.6,3.98,12.9,50.3,5.6,13.2,45.7,9.1
Bangkok,Thailand,2022-12-27,103.2,52.6,84.4,2.23,12.6,27.0,13.4,12.2,36.2,10.8
Los Angeles,USA,2020-11-09,53.4,23.1,42.9,2.47,5.7,33.4,6.9,28.0,34.1,1.1
Tokyo,Japan,2022-01-22,34.6,19.0,38.0,,10.3,62.0,3.2,35.2,87.1,2.6
Dhaka,Bangladesh,2019-05-04,179.5,121.3,234.0,3.62,37.2,66.6,18.2,9.5,39.4,8.3
Karachi,Pakistan,2020-04-02,118.9,68.7,121.1,4.09,25.9,65.4,8.0,0.4,33.5,12.8
Seoul,South Korea,2015-12-09,90.2,48.4,88.8,0.88,9.1,38.7,6.8,8.8,93.0,8.7
Mexico City,Mexico,2016-06-25,77.3,53.6,106.2,3.92,11.0,72.8,4.6,23.3,54.3,1.1
Karachi,Pakistan,2022-09-04,219.8,151.3,292.8,1.2,36.6,77.3,13.3,21.2,56.4,2.7
Berlin,Germany,2015-02-03,49.8,24.7,39.3,1.29,11.2,79.3,6.6,25.7,76.7,12.7
Delhi,India,2017-04-16,149.2,85.0,163.8,3.57,19.0,66.8,7.8,33.1,79.1,12.5
Chengdu,China,2023-12-03,162.4,103.9,176.3,1.9,25.9,24.2,16.9,1.5,62.6,9.6
Ho Chi Minh City,Vietnam,2016-09-18,139.8,62.5,100.2,4.43,26.8,40.6,15.8,22.8,26.8,3.9
São Paulo,Brazil,2024-03-14,36.9,19.7,29.6,1.93,9.4,50.6,5.1,37.7,89.2,4.2
Bangkok,Thailand,2024-11-22,68.0,34.4,66.8,0.6,20.1,70.9,4.8,26.7,26.8,2.8
Lahore,Pakistan,2019-09-18,206.8,141.0,276.4,0.99,49.1,54.2,18.0,39.8,54.2,10.1
Stockholm,Sweden,2021-09-26,18.4,10.8,15.6,,2.5,61.3,1.2,,76.9,6.2
Tehran,Iran,2021-10-03,130.9,82.1,125.7,2.97,35.2,66.6,11.0,34.1,49.2,7.8
Lahore,Pakistan,2022-01-31,165.1,69.6,119.5,3.01,45.4,41.2,12.3,16.4,71.5,8.6
Johannesburg,South Africa,2020-08-23,74.1,46.1,88.3,0.51,15.2,54.0,7.0,17.6,73.3,7.5
Delhi,India,2020-09-08,174.4,98.1,132.4,4.78,22.6,67.1,17.9,28.3,58.5,1.4
Bangkok,Thailand,2016-11-21,144.7,100.1,172.6,1.65,15.7,67.3,20.1,22.6,56.2,13.0
Wuhan,China,2024-01-07,201.8,104.9,173.6,0.53,48.0,31.3,16.8,13.7,67.9,1.4
Wuhan,China,2016-05-30,154.0,82.1,109.6,4.65,33.5,62.7,14.4,16.3,60.7,12.0
Berlin,Germany,2021-06-15,63.5,40.9,59.3,1.27,9.0,20.3,4.3,0.3,54.0,2.3
Istanbul,Turkey,2023-10-21,95.0,64.4,115.3,,21.4,68.6,7.6,11.7,92.0,4.4
Berlin,Germany,2022-12-19,43.9,26.1,41.1,0.4,11.3,40.1,3.2,17.8,20.6,13.0
London,UK,2016-07-02,51.8,29.3,54.6,4.97,7.8,41.3,5.1,19.3,61.5,8.5
Toronto,Canada,2020-06-21,56.3,29.3,38.4,4.42,13.1,31.4,3.0,9.2,29.3,13.5
Lima,Peru,2021-10-17,104.6,64.3,,3.73,21.2,42.7,14.2,15.6,62.6,7.2
Bangkok,Thailand,2021-09-13,138.6,77.9,126.9,1.51,39.1,71.8,12.9,24.7,58.1,3.1
Sydney,Australia,2015-01-23,45.9,19.8,26.7,4.31,12.8,37.7,3.9,10.1,29.5,11.3
Seoul,South Korea,2023-02-23,97.9,,88.8,4.99,10.8,60.1,12.9,9.6,72.0,3.2
Lima,Peru,2017-11-03,81.3,52.4,87.7,1.03,14.3,72.9,4.2,4.3,39.0,4.3
Tokyo,Japan,2021-12-26,78.7,51.5,72.8,4.2,13.5,47.4,7.6,27.1,74.8,9.8
Johannesburg,South Africa,2018-06-09,90.1,50.2,73.7,2.91,17.4,48.3,5.6,14.6,77.5,6.4
Lagos,Nigeria,2020-05-12,102.2,70.6,134.8,4.66,,57.1,7.4,13.2,71.0,8.9
Nairobi,Kenya,2022-07-13,97.0,62.7,122.4,3.65,17.4,32.8,7.5,12.8,,1.1
Sydney,Australia,2021-02-01,64.3,40.3,66.5,2.18,7.9,37.4,3.9,31.8,58.2,4.1
Los Angeles,USA,2017-03-27,79.3,36.8,73.5,2.97,13.2,43.6,4.9,17.2,76.5,6.4
Paris,France,2021-05-18,70.9,38.5,74.4,3.61,7.9,24.0,9.2,11.1,34.2,13.0
Tokyo,Japan,2020-03-09,78.3,31.4,43.1,3.45,14.2,21.2,9.7,13.8,69.4,7.3
Toronto,Canada,2021-07-07,65.1,38.5,71.3,1.03,18.1,30.9,6.0,,43.5,7.8
Johannesburg,South Africa,2018-06-10,102.5,67.5,134.3,3.1,18.5,34.4,7.6,1.8,74.5,10.0
São Paulo,Brazil,2020-10-09,86.3,,65.8,0.59,11.1,32.7,12.0,30.0,35.1,4.1
Dhaka,Bangladesh,2024-02-07,163.5,91.2,175.3,3.92,45.5,36.7,19.5,0.1,66.2,4.9
Ho Chi Minh City,Vietnam,2022-12-07,153.3,67.9,119.8,3.63,41.6,61.2,15.7,30.3,,10.3
Istanbul,Turkey,2023-07-13,74.7,36.7,50.2,1.89,9.4,46.4,9.5,-2.0,62.2,1.1
Tehran,Iran,2017-09-09,133.0,89.9,147.9,3.92,29.1,40.4,9.9,29.1,52.2,13.8
Seoul,South Korea,2017-07-14,94.0,52.7,100.6,3.55,20.8,60.7,8.4,38.2,24.3,0.9
Tokyo,Japan,2019-01-22,17.5,7.8,13.1,0.34,3.4,37.7,1.2,15.0,84.1,10.0
Toronto,Canada,2017-12-17,63.0,33.5,,4.72,8.0,64.1,5.0,34.0,24.1,14.9
Mumbai,India,2019-05-09,179.9,87.3,160.0,4.64,22.1,74.8,15.5,-4.7,28.4,13.3
São Paulo,Brazil,2016-08-28,75.8,52.2,82.7,0.83,,79.9,8.5,10.3,66.8,6.7
Sydney,Australia,2015-01-11,63.1,29.0,38.1,1.5,15.6,31.6,6.5,26.6,61.2,0.7
Bangkok,Thailand,2017-06-25,41.2,23.2,38.6,1.18,10.3,29.7,4.0,29.0,72.3,6.8
Johannesburg,South Africa,2019-06-26,68.2,29.7,41.7,1.36,13.1,72.8,7.8,-2.5,50.5,11.0
Johannesburg,South Africa,2017-11-24,117.9,49.8,66.9,2.38,21.4,29.7,9.0,38.8,58.5,1.8
Wuhan,China,2021-09-17,146.2,60.3,94.9,4.37,39.0,42.1,18.6,28.9,56.2,6.4
Bangkok,Thailand,2021-12-16,72.6,46.7,78.8,1.24,8.6,49.8,8.5,31.8,79.8,12.5
Paris,France,2022-08-27,10.4,7.0,10.6,3.36,1.2,41.8,1.1,-0.3,48.3,14.4
Nairobi,Kenya,2024-07-30,113.1,71.4,131.4,0.58,33.3,63.6,16.5,39.1,46.8,8.4
São Paulo,Brazil,2018-06-08,91.9,60.2,119.2,4.88,15.2,60.8,5.9,31.5,32.0,13.4
Dhaka,Bangladesh,2023-08-16,149.4,80.2,150.2,3.18,16.9,64.0,16.1,23.1,46.5,8.6
Wuhan,China,2015-08-31,136.0,88.8,157.6,3.45,18.9,59.8,10.0,25.9,45.0,2.8
São Paulo,Brazil,2024-02-08,69.0,41.8,57.5,2.69,9.5,72.0,6.2,-4.3,67.1,7.0
Bangkok,Thailand,2016-12-14,107.2,56.8,90.2,2.43,29.2,55.2,12.5,27.4,90.3,12.6
Lima,Peru,2018-08-11,67.8,31.0,54.7,4.56,16.9,66.5,3.9,28.3,24.7,7.5
Bangkok,Thailand,2022-09-24,81.4,55.3,81.9,4.51,16.9,25.5,10.8,30.6,82.3,9.8
Wuhan,China,2015-03-24,165.4,74.9,104.8,2.39,43.5,68.3,22.3,29.6,24.6,10.9
Wuhan,China,2019-08-22,191.7,125.7,165.5,4.24,42.9,35.7,9.7,18.5,,13.0
Chengdu,China,2024-08-26,126.8,78.3,134.4,0.41,32.0,69.9,16.2,2.9,57.7,8.1
São Paulo,Brazil,2018-12-21,88.5,60.0,80.6,5.0,22.8,42.5,11.0,11.9,90.2,6.0
Los Angeles,USA,2024-03-16,65.7,28.4,39.0,4.14,12.7,49.7,9.1,35.7,28.5,5.9
Ho Chi Minh City,Vietnam,2021-08-02,148.0,100.3,188.5,2.28,24.3,29.9,9.4,19.8,,7.4
Delhi,India,2023-11-23,163.8,112.7,169.1,3.62,26.2,57.0,17.6,3.0,68.9,5.2
Lahore,Pakistan,2015-04-13,181.3,102.0,192.7,1.3,23.6,71.3,17.1,30.2,92.0,8.4
Toronto,Canada,2016-05-19,64.1,,53.6,3.08,14.5,58.2,3.7,-4.0,42.0,5.7
Lahore,Pakistan,2021-05-25,137.4,76.0,110.9,1.89,21.8,66.3,18.9,8.4,48.2,12.3
Istanbul,Turkey,2022-03-10,125.8,61.5,120.3,4.1,17.9,59.7,8.2,21.0,41.7,2.0
Jakarta,Indonesia,2020-05-03,150.9,100.4,140.4,4.53,19.0,64.5,22.5,-0.8,36.0,7.2
Paris,France,2023-03-08,85.1,51.9,72.0,,12.9,62.8,8.9,10.3,44.7,2.2
Jakarta,Indonesia,2019-09-03,112.0,68.8,118.8,1.97,29.9,49.1,14.5,30.2,83.6,12.8
São Paulo,Brazil,2024-01-28,104.2,47.0,70.9,0.79,14.4,66.7,15.1,25.3,86.5,5.1
Paris,France,2017-09-16,69.8,35.0,67.4,4.05,20.7,69.6,6.3,-0.0,85.6,8.8
São Paulo,Brazil,2023-09-14,69.6,28.9,51.2,0.84,17.3,45.2,7.4,31.1,39.0,6.5
Karachi,Pakistan,2017-11-30,167.5,113.2,170.1,3.23,48.6,58.9,23.3,37.3,89.7,11.5
London,UK,2024-10-29,40.0,19.1,25.2,0.78,6.4,25.4,2.7,-2.6,51.2,12.4
Mumbai,India,2018-01-23,172.8,116.0,211.3,1.45,41.5,65.2,18.0,31.3,25.3,9.1
Beijing,China,2016-05-11,150.9,70.0,118.4,4.75,17.6,64.6,10.6,-0.3,49.6,9.0
Sydney,Australia,2024-11-23,42.4,25.1,41.2,1.64,6.7,66.2,2.6,,74.0,14.4
Toronto,Canada,2022-10-03,5.0,2.0,3.8,2.69,0.5,73.7,0.5,28.2,51.8,3.2
Mumbai,India,2018-11-07,197.5,96.1,144.8,3.33,23.5,43.8,20.7,26.9,67.5,13.4
São Paulo,Brazil,2020-12-02,141.5,74.1,116.4,2.85,39.8,35.7,12.7,24.4,34.0,12.6
Buenos Aires,Argentina,2021-10-02,77.6,39.2,70.8,1.61,19.8,24.2,7.2,6.8,81.3,11.4
Cairo,Egypt,2022-12-20,164.2,87.3,154.9,0.45,45.3,61.1,22.4,29.7,41.5,4.5
Mexico City,Mexico,2016-11-01,127.5,58.1,80.0,0.37,20.4,26.0,16.6,16.8,38.9,9.2
Karachi,Pakistan,2019-12-08,170.3,68.5,104.3,,23.4,77.7,23.8,30.0,25.9,5.6
Istanbul,Turkey,2015-04-18,148.4,65.5,131.0,0.99,24.2,72.8,9.6,16.1,93.2,4.1
Berlin,Germany,2019-02-23,47.4,23.8,,2.33,7.6,52.8,3.0,31.6,76.3,8.4
Lahore,Pakistan,2017-02-05,147.7,98.7,194.5,3.62,33.0,56.1,19.5,19.9,45.0,14.6
Cairo,Egypt,2022-08-29,157.4,93.2,163.0,0.88,19.9,24.0,22.6,22.4,25.8,6.8
Tehran,Iran,2021-10-08,193.0,85.8,160.8,,37.2,51.3,18.1,19.8,74.9,13.2
Ho Chi Minh City,Vietnam,2023-08-21,139.8,71.5,124.6,1.23,18.6,23.2,11.4,21.9,43.9,4.0
Tehran,Iran,2016-10-01,126.5,88.5,152.5,1.82,34.4,64.2,14.1,35.9,53.4,4.2
Dhaka,Bangladesh,2024-11-02,168.9,111.2,213.8,2.87,38.0,54.6,8.7,19.1,22.8,7.0
Mexico City,Mexico,2015-06-05,131.7,68.7,92.7,3.99,26.1,39.4,11.3,17.7,61.3,12.4
Mexico City,Mexico,2018-09-08,126.8,53.0,76.3,2.41,14.9,30.0,17.9,19.4,79.7,5.3
Chengdu,China,2015-10-30,180.7,118.8,209.1,3.49,41.2,52.5,26.9,35.2,73.3,10.3
Los Angeles,USA,2015-03-20,25.9,10.7,19.7,0.31,4.8,74.2,2.2,21.2,43.1,3.1
Toronto,Canada,2019-07-18,5.0,3.0,6.1,2.31,0.9,25.1,0.3,18.0,32.8,1.6
Stockholm,Sweden,2015-10-27,26.1,16.6,31.8,2.48,3.8,27.8,1.7,30.9,48.8,10.6
Beijing,China,2022-07-26,170.1,88.2,122.3,1.87,45.6,68.7,9.0,1.3,76.7,5.4
Ho Chi Minh City,Vietnam,2018-05-16,188.5,78.4,153.1,0.4,19.2,33.6,28.2,-1.7,85.6,2.8
London,UK,2019-11-21,69.1,,82.9,4.02,10.2,72.8,4.0,10.4,54.7,1.5
Tokyo,Japan,2015-11-21,65.5,38.4,60.6,4.01,10.9,52.0,3.6,9.5,59.6,10.7
Karachi,Pakistan,2022-03-31,170.7,109.1,210.5,1.62,43.2,30.8,17.5,,49.0,0.9
Stockholm,Sweden,2015-02-25,24.2,14.4,26.9,3.99,4.3,45.8,2.6,,85.2,1.9
Delhi,India,2024-08-20,224.6,153.5,229.8,1.45,41.6,63.5,19.5,34.4,31.2,2.2
Delhi,India,2022-08-30,151.7,81.7,163.1,4.38,,69.8,11.7,5.2,74.9,9.2
Lima,Peru,2021-06-02,56.0,38.6,61.7,4.13,6.4,22.1,5.4,0.4,93.4,12.3
Toronto,Canada,2021-07-14,19.4,9.9,15.5,2.06,3.5,57.0,1.3,5.5,68.4,7.3
Berlin,Germany,2018-12-28,35.7,22.7,44.4,2.49,8.0,68.9,5.2,38.6,89.2,12.3
Chengdu,China,2015-09-29,138.1,70.3,114.5,1.89,29.7,55.1,11.5,12.5,53.1,5.9
Bangkok,Thailand,2024-03-02,92.8,41.0,77.9,1.86,22.7,73.0,12.9,15.4,39.2,9.3
Berlin,Germany,2020-08-16,62.3,39.8,63.8,2.92,7.5,61.3,6.1,17.9,83.5,11.7
Karachi,Pakistan,2023-10-24,197.9,105.7,163.3,1.01,45.3,61.5,29.1,15.5,94.8,3.2
Buenos Aires,Argentina,2017-11-21,92.8,60.6,118.7,2.43,23.6,76.0,7.3,17.2,94.7,5.6
Mexico City,Mexico,2021-04-17,23.3,13.9,19.6,4.09,4.3,50.0,2.7,13.5,,8.4
Stockholm,Sweden,2019-12-11,5.0,3.3,5.2,0.69,1.3,21.2,0.5,26.6,34.3,2.4
Lahore,Pakistan,2023-02-09,165.2,115.3,210.9,1.77,27.6,58.9,15.8,7.2,24.3,11.9
Chengdu,China,2023-12-13,109.8,46.3,75.0,1.26,12.4,59.5,11.8,32.2,42.7,2.5
Stockholm,Sweden,2017-08-12,8.5,5.4,7.9,1.5,1.1,79.2,1.3,24.6,36.1,11.6
Delhi,India,2019-10-27,197.9,98.1,190.2,4.52,41.4,61.1,18.0,24.5,61.2,5.2
Toronto,Canada,2018-05-21,52.4,31.2,61.4,1.25,9.4,68.3,3.3,39.7,70.9,13.7
Jakarta,Indonesia,2015-07-05,157.0,66.3,131.8,2.95,19.4,58.5,8.0,-4.7,33.4,4.4
Tokyo,Japan,2017-01-01,5.0,2.1,3.1,1.12,1.4,42.6,0.5,17.6,69.4,4.5
Toronto,Canada,2021-08-12,5.0,2.7,3.5,3.25,1.4,22.9,0.4,9.3,41.5,1.1
Tehran,Iran,2021-04-20,136.9,92.2,165.8,4.8,25.7,72.7,18.0,34.4,22.9,10.0
Jakarta,Indonesia,2023-03-22,129.0,82.4,162.9,4.2,35.3,49.0,15.4,13.7,47.0,13.5
Johannesburg,South Africa,2015-08-03,182.5,110.3,208.2,1.99,34.1,69.3,16.4,-3.2,46.5,6.3
Jakarta,Indonesia,2019-06-10,136.0,,144.1,3.64,17.7,65.2,13.3,27.5,68.3,3.9
Los Angeles,USA,2021-10-24,49.3,28.2,52.1,0.74,11.0,37.5,6.7,37.7,24.2,11.0
Cairo,Egypt,2022-03-27,149.7,,126.3,2.9,16.6,51.6,12.5,24.3,68.3,10.8
Sydney,Australia,2021-09-04,33.2,14.3,23.0,2.9,3.5,52.8,3.0,16.5,42.8,7.6
Lagos,Nigeria,2019-07-01,125.5,73.8,142.2,2.55,26.1,71.6,15.7,14.5,42.9,8.0
Paris,France,2019-02-28,86.4,52.2,84.9,3.1,23.3,41.4,8.6,20.0,41.0,4.5
Sydney,Australia,2019-07-15,53.5,37.4,54.1,3.0,6.9,31.1,6.8,4.0,76.2,6.4
London,UK,2017-04-17,32.5,15.5,26.2,1.86,4.4,28.3,4.9,10.6,80.4,5.5
Karachi,Pakistan,2023-10-27,155.0,83.9,133.0,2.37,41.7,45.1,12.4,0.9,70.6,1.7
Wuhan,China,2020-01-08,186.7,112.9,201.6,1.24,54.4,67.3,22.2,28.9,50.9,7.1
Tehran,Iran,2018-02-19,91.2,45.4,78.3,3.48,12.1,53.9,8.8,30.2,60.9,6.7
Jakarta,Indonesia,2019-06-03,49.0,26.8,52.4,1.77,5.3,59.7,5.4,35.9,28.8,8.1
Tehran,Iran,2021-04-16,182.1,119.7,225.4,2.87,41.3,53.1,19.3,34.8,35.7,6.9
Lahore,Pakistan,2022-01-18,163.8,102.9,142.3,1.34,46.2,41.5,8.2,4.0,92.7,5.0
Ho Chi Minh City,Vietnam,2021-03-26,155.6,79.9,,4.24,36.2,21.4,10.9,7.9,47.4,8.9
Chengdu,China,2016-03-13,199.6,129.2,210.8,2.66,37.0,38.6,24.4,5.3,71.7,8.2
Dhaka,Bangladesh,2023-10-19,156.8,100.6,166.1,0.45,42.2,76.2,9.0,4.4,73.7,15.0
London,UK,2018-04-01,86.1,37.0,63.8,3.43,19.5,54.1,6.8,25.1,74.6,8.8
Lahore,Pakistan,2022-11-03,177.1,77.6,104.9,3.96,41.7,58.9,25.3,12.1,50.0,6.5
Paris,France,2022-08-03,5.0,2.8,5.1,1.32,0.9,50.3,0.3,26.6,24.2,9.0
Johannesburg,South Africa,2017-03-02,128.4,67.1,130.2,4.26,17.8,29.3,9.6,11.2,63.8,2.3
Wuhan,China,2024-04-27,151.4,87.0,153.3,2.89,40.1,58.5,21.6,26.5,,3.5
Chengdu,China,2021-06-14,181.1,93.4,142.7,0.55,37.6,56.8,25.0,17.6,20.6,1.4
Lima,Peru,2020-11-18,50.3,22.2,40.9,0.81,6.6,60.0,3.7,38.6,84.7,11.3
Tehran,Iran,2016-09-09,135.1,69.3,96.3,0.87,31.6,33.9,15.9,19.7,87.6,12.1
Los Angeles,USA,2020-12-02,41.6,24.3,42.6,4.35,9.5,28.4,3.2,23.7,88.4,13.4
Mumbai,India,2019-08-25,181.3,97.8,151.1,3.49,39.9,42.5,22.9,12.1,63.8,6.2
Stockholm,Sweden,2016-04-21,68.5,30.7,54.1,4.11,13.3,39.5,5.7,21.9,55.1,0.5
Johannesburg,South Africa,2024-09-20,102.6,51.6,88.0,4.32,13.4,66.7,5.5,36.5,35.1,12.0
Mexico City,Mexico,2023-01-31,84.3,42.0,73.2,3.4,20.2,41.1,9.8,14.3,62.4,8.4
Delhi,India,2016-11-10,168.7,91.0,153.2,0.4,42.5,71.7,10.8,35.3,83.8,8.4
Nairobi,Kenya,2021-03-16,39.8,18.4,30.2,2.68,9.2,68.1,5.7,30.8,88.2,7.7
Cairo,Egypt,2024-05-26,82.8,37.3,70.6,4.93,8.6,25.4,8.3,10.2,78.7,10.0
Bangkok,Thailand,2023-08-08,132.6,74.7,114.8,4.84,25.9,75.7,7.0,-0.4,49.0,13.4
Dhaka,Bangladesh,2024-08-29,158.4,68.6,101.1,3.33,43.4,47.3,11.0,23.7,34.8,8.8
Chengdu,China,2022-12-06,184.9,119.0,221.7,2.84,19.9,36.8,11.8,18.6,27.6,13.1
Buenos Aires,Argentina,2022-09-26,72.2,39.8,60.9,,10.8,39.9,5.7,-1.7,63.5,7.4
Wuhan,China,2023-10-08,185.0,99.7,135.1,4.68,28.1,63.5,13.9,16.4,90.0,13.1
Wuhan,China,2017-06-18,176.7,110.1,212.2,1.95,36.3,58.8,12.3,17.6,29.3,9.4
Dhaka,Bangladesh,2016-04-24,190.0,104.7,169.9,0.83,35.7,60.7,20.8,15.6,47.4,1.3
Jakarta,Indonesia,2020-04-09,74.4,32.6,54.6,4.9,11.2,38.8,5.5,34.0,55.6,12.4
Lagos,Nigeria,2020-01-02,56.9,35.2,63.2,4.44,14.4,34.6,7.8,10.1,88.3,12.5
Paris,France,2018-10-04,48.0,33.3,53.9,0.61,7.6,45.8,5.2,,58.6,7.5
Stockholm,Sweden,2022-11-26,76.9,37.7,60.9,2.13,17.4,70.2,9.0,15.9,67.8,5.2
Los Angeles,USA,2020-08-23,37.3,19.9,36.1,4.7,6.6,25.2,2.0,-4.8,90.4,14.9
London,UK,2023-04-26,5.0,2.5,4.5,1.14,1.1,68.8,0.7,26.8,26.1,5.6
Toronto,Canada,2018-05-16,33.9,,24.5,1.82,4.7,72.6,2.3,23.1,90.7,14.3
Wuhan,China,2022-11-30,119.1,57.3,84.4,3.81,35.3,24.7,15.4,,42.4,8.7
Istanbul,Turkey,2017-12-06,13.6,7.2,,0.78,2.4,78.1,1.7,-4.1,53.5,2.2
Lima,Peru,2023-05-15,83.4,42.3,67.8,0.4,22.5,72.9,4.5,29.9,25.4,12.2
Nairobi,Kenya,2016-09-17,122.1,84.6,118.9,4.99,29.8,47.4,9.3,23.3,30.6,14.2
Chengdu,China,2022-08-05,190.1,120.2,185.3,1.31,49.8,73.3,9.6,38.8,51.6,1.9
Lahore,Pakistan,2018-06-17,159.7,90.6,140.6,1.37,,58.2,22.5,-2.5,38.3,10.1
Lagos,Nigeria,2018-09-17,93.8,56.7,75.8,1.14,15.9,29.4,6.4,7.3,48.0,6.2
Stockholm,Sweden,2019-07-12,29.8,18.7,25.2,4.72,8.6,32.5,3.8,21.2,22.5,4.8
Karachi,Pakistan,2015-07-27,158.0,104.9,202.2,0.46,39.2,27.2,20.4,33.1,24.4,5.2
Nairobi,Kenya,2015-05-10,76.2,36.3,63.0,1.05,17.1,47.5,9.4,21.0,33.2,14.1
Johannesburg,South Africa,2023-09-07,103.6,64.6,108.0,4.37,17.3,58.3,6.0,-1.5,83.3,12.4
Ho Chi Minh City,Vietnam,2020-03-26,158.6,70.3,139.8,4.46,37.8,52.6,22.1,28.3,63.9,13.4
Cairo,Egypt,2018-07-19,145.3,68.8,134.2,0.62,15.9,67.5,13.3,36.2,42.6,4.7
Istanbul,Turkey,2018-09-06,158.7,106.3,166.5,1.46,34.0,44.6,10.5,0.3,74.4,1.0
Lahore,Pakistan,2022-05-22,200.1,99.8,140.3,,49.7,66.4,18.7,24.2,26.8,2.5
Jakarta,Indonesia,2019-11-22,93.1,53.0,77.9,3.94,9.3,72.0,11.5,19.6,75.3,5.8
Paris,France,2024-02-12,45.2,25.5,38.4,1.3,12.4,63.5,6.7,24.8,87.2,2.2
Karachi,Pakistan,2021-10-22,158.8,78.6,112.3,2.58,,52.3,18.4,24.5,47.3,10.7
Lima,Peru,2016-01-21,103.7,46.8,83.9,2.11,22.1,76.5,10.2,1.9,52.0,7.4
Toronto,Canada,2023-01-31,22.0,15.3,28.3,2.27,5.7,45.0,2.5,32.0,71.3,1.7
Delhi,India,2022-11-02,175.4,,144.0,4.93,18.1,64.9,9.5,22.5,51.5,9.7
Sydney,Australia,2023-04-25,35.7,24.4,35.4,0.66,9.1,64.5,3.2,32.4,60.8,7.4
Paris,France,2016-01-16,32.4,13.9,20.3,2.39,3.8,79.8,2.6,37.6,55.6,13.9
Stockholm,Sweden,2023-06-04,47.4,32.4,56.6,1.37,9.9,28.8,4.0,30.5,21.0,9.5
Jakarta,Indonesia,2019-01-15,141.8,95.0,173.8,2.19,35.9,57.5,15.4,-1.7,60.5,13.1
Lagos,Nigeria,2024-07-31,126.9,71.1,96.8,0.55,32.9,22.0,19.0,0.7,78.1,13.1
Delhi,India,2015-11-12,188.6,106.1,208.6,4.79,53.9,36.5,10.6,-0.4,30.6,10.2
Stockholm,Sweden,2018-10-26,39.1,16.0,21.9,4.36,4.2,37.9,4.2,4.6,36.8,11.8
Tehran,Iran,2020-11-25,180.3,74.2,133.9,4.79,48.0,52.9,16.7,36.6,77.5,8.8
Berlin,Germany,2018-04-11,52.5,34.5,58.1,4.64,8.8,62.1,3.5,35.3,38.6,14.3
Delhi,India,2024-03-12,182.3,110.2,154.8,3.92,36.2,74.6,22.1,29.6,29.0,1.9
Tehran,Iran,2022-07-02,154.2,68.3,103.5,4.67,41.3,23.3,14.6,35.9,,2.1
Seoul,South Korea,2016-06-06,74.4,32.1,51.8,2.69,20.2,77.4,7.5,18.0,74.5,3.3
Tehran,Iran,2017-04-10,95.3,49.5,72.0,2.22,25.3,62.0,5.7,-2.4,58.0,11.1
Jakarta,Indonesia,2020-07-18,155.5,68.4,117.9,3.9,44.7,26.1,11.5,11.0,60.6,6.4
Seoul,South Korea,2018-05-18,65.0,43.5,60.9,4.96,,42.9,7.1,12.7,37.6,9.6
London,UK,2018-11-24,55.3,37.8,60.0,3.62,14.8,69.9,3.0,11.0,21.0,8.6
Paris,France,2015-05-20,62.7,31.7,42.2,1.11,14.7,28.0,3.9,10.9,27.1,5.3
Paris,France,2020-04-14,62.9,25.5,48.0,4.97,11.8,76.6,4.8,39.2,84.6,13.3
Tokyo,Japan,2020-08-16,53.0,32.4,42.4,4.77,10.9,41.5,5.6,27.2,,4.7
Lagos,Nigeria,2024-05-05,89.5,53.8,96.5,1.82,14.7,49.2,9.3,24.2,66.3,5.9
Istanbul,Turkey,2023-08-09,125.2,74.1,104.9,2.83,22.0,26.6,7.9,24.0,91.8,2.0
Paris,France,2016-07-08,95.0,45.1,67.4,1.35,19.9,23.4,11.8,22.3,48.9,3.7
Bangkok,Thailand,2019-05-07,128.8,71.0,94.7,3.2,18.9,44.6,12.6,31.0,63.5,5.4
Beijing,China,2018-06-05,133.8,61.2,114.9,1.25,28.3,32.3,11.0,14.0,47.6,14.0
Beijing,China,2018-03-27,162.2,111.0,183.5,4.81,22.4,20.6,13.0,23.7,64.4,4.0
Jakarta,Indonesia,2022-06-13,80.0,51.9,92.5,3.72,12.9,51.8,4.3,11.2,81.2,12.0
Bangkok,Thailand,2021-01-11,91.2,46.3,77.4,2.42,13.2,70.7,12.9,28.6,23.6,2.2
Wuhan,China,2020-08-28,188.1,106.7,184.2,0.77,54.9,51.8,17.5,3.6,91.3,7.0
São Paulo,Brazil,2023-06-04,32.9,21.1,35.5,0.8,8.2,38.3,3.0,29.9,28.0,14.7
Tokyo,Japan,2015-03-18,96.0,43.9,58.9,2.86,16.9,21.8,10.6,8.9,44.1,2.9
Mumbai,India,2024-05-14,116.8,71.4,108.8,4.16,16.3,68.2,6.5,2.1,86.9,2.1
Buenos Aires,Argentina,2023-09-05,133.4,,94.6,1.84,30.2,25.1,11.9,11.7,60.3,4.8
Paris,France,2022-02-16,82.5,42.0,70.4,1.37,11.1,78.3,8.6,15.7,68.1,3.7
Jakarta,Indonesia,2017-07-09,87.7,41.6,69.9,0.9,18.9,49.0,6.8,8.8,20.7,0.9
Tokyo,Japan,2020-08-27,71.3,30.3,59.3,3.65,10.5,60.3,4.4,30.1,56.1,6.4
Lahore,Pakistan,2016-03-06,222.7,132.6,249.4,1.65,22.8,66.5,25.3,30.0,60.4,7.2
Mumbai,India,2016-05-04,178.3,117.8,158.0,4.95,51.6,58.4,25.2,19.9,50.3,8.8
Lahore,Pakistan,2019-10-27,145.4,99.9,188.5,1.14,31.7,46.7,14.3,14.3,25.1,12.8
Chengdu,China,2017-05-20,175.8,98.6,190.1,3.61,43.9,77.1,20.5,15.4,23.9,13.6
Cairo,Egypt,2023-03-14,92.4,55.9,92.4,2.15,18.5,22.9,12.0,2.1,44.9,1.8
Toronto,Canada,2020-09-23,29.4,15.4,23.5,4.34,7.5,64.6,2.1,3.5,38.5,6.1
Wuhan,China,2017-09-04,125.3,59.5,96.4,1.17,19.3,35.6,15.4,15.6,66.1,10.2
Mexico City,Mexico,2021-04-01,147.0,73.5,113.0,2.42,19.7,75.6,17.7,14.5,29.2,12.8
Sydney,Australia,2015-09-17,54.8,35.0,46.3,1.59,12.3,49.3,4.4,4.1,42.6,11.3
Mumbai,India,2022-05-07,134.9,84.8,122.3,1.57,24.2,30.0,13.0,13.7,94.3,9.1
Berlin,Germany,2023-08-31,97.5,66.5,109.8,1.63,17.3,35.4,8.6,0.9,81.7,14.5
Karachi,Pakistan,2020-07-04,152.5,63.9,111.0,4.14,40.7,52.0,17.1,11.6,82.3,10.6
Los Angeles,USA,2022-11-12,74.9,36.2,51.0,2.68,10.5,29.5,4.9,7.0,80.7,14.1
Dhaka,Bangladesh,2019-11-08,177.4,85.1,169.6,4.93,,20.9,11.6,19.9,34.0,12.9
Ho Chi Minh City,Vietnam,2023-11-11,114.0,51.9,97.2,2.64,27.6,28.4,11.6,29.9,45.9,3.2
Toronto,Canada,2023-12-02,5.1,2.1,3.0,1.59,0.5,75.4,0.4,28.3,51.1,7.8
Berlin,Germany,2016-05-31,59.0,39.9,66.6,4.7,9.0,25.2,7.6,34.6,53.6,2.0
Tehran,Iran,2024-02-26,137.1,64.5,104.7,2.6,26.3,57.2,16.2,,45.3,5.8
Mexico City,Mexico,2018-03-24,89.1,59.9,84.9,0.8,22.2,64.6,12.6,39.2,48.8,6.0
Los Angeles,USA,2023-08-01,44.8,19.0,32.4,1.56,12.6,68.4,6.3,-1.4,84.8,9.1
London,UK,2022-07-30,74.5,36.5,59.2,3.25,10.9,32.4,10.4,33.0,77.5,11.5
Berlin,Germany,2024-12-18,5.0,3.3,4.5,2.61,1.3,59.6,0.3,30.4,90.9,10.7
São Paulo,Brazil,2023-11-08,76.7,39.0,60.2,1.81,18.9,76.5,10.6,1.8,67.0,14.9
Nairobi,Kenya,2018-03-23,102.4,68.6,104.6,0.74,23.5,76.8,10.3,15.6,84.8,6.7
Lahore,Pakistan,2024-08-15,177.4,91.7,143.3,1.18,20.9,73.1,12.1,-2.2,63.7,8.4
Chengdu,China,2019-01-11,125.7,51.1,68.0,4.73,25.9,44.0,11.4,24.3,48.2,12.0
Istanbul,Turkey,2016-03-13,91.9,62.9,94.5,2.12,,50.3,5.4,-1.1,77.1,5.5
Ho Chi Minh City,Vietnam,2019-02-18,100.3,60.6,115.5,2.35,21.3,33.0,9.0,21.1,66.2,10.9
São Paulo,Brazil,2020-06-20,111.3,72.5,,2.92,14.3,58.1,10.1,-3.6,34.6,11.5
Nairobi,Kenya,2024-05-10,110.4,72.0,139.2,4.26,28.4,71.5,7.4,10.3,71.3,13.9
Buenos Aires,Argentina,2023-11-26,56.6,26.2,51.3,3.87,13.8,65.8,6.6,-4.0,39.0,14.4
Nairobi,Kenya,2021-02-20,67.8,45.6,77.1,3.27,10.0,23.5,8.5,-2.0,74.1,8.6
Tehran,Iran,2017-12-29,183.8,84.8,142.5,3.19,21.1,64.3,16.3,0.8,49.0,1.9
Seoul,South Korea,2022-12-31,51.5,24.5,44.3,3.99,5.6,23.6,7.3,9.9,34.5,2.3
Karachi,Pakistan,2018-11-15,166.0,107.0,,1.75,20.0,69.2,14.3,9.6,21.4,11.0
Los Angeles,USA,2020-09-06,82.2,36.0,47.7,2.93,19.7,51.7,6.9,11.3,31.2,5.0
Buenos Aires,Argentina,2017-03-14,60.6,33.3,64.1,1.09,11.4,62.1,4.7,7.0,27.9,13.4
Johannesburg,South Africa,2018-11-07,88.5,61.4,81.6,2.97,21.1,51.0,9.5,19.2,31.2,8.2
Delhi,India,2022-06-01,194.1,98.3,169.7,2.24,48.7,22.3,9.9,18.6,94.2,7.0
Tehran,Iran,2016-06-27,129.5,86.8,120.2,4.64,37.3,58.5,9.4,19.2,81.2,5.7
London,UK,2019-10-07,5.0,2.1,3.2,4.97,1.1,55.4,0.4,33.6,52.2,12.0
Lima,Peru,2015-01-10,75.2,38.8,54.6,0.88,8.2,62.1,9.6,16.2,62.3,4.3
Mumbai,India,2023-12-29,140.6,80.9,155.1,3.81,14.6,68.6,7.4,31.6,94.0,7.5
Buenos Aires,Argentina,2021-10-21,107.0,70.7,125.8,0.71,31.9,64.8,9.9,31.6,64.1,9.2
Seoul,South Korea,2021-08-14,85.5,39.3,58.7,3.13,10.9,31.0,12.1,38.0,20.4,13.0
Mumbai,India,2020-05-11,101.1,68.3,89.2,4.25,16.1,58.5,8.3,18.5,80.6,3.1
Bangkok,Thailand,2022-03-06,139.7,93.6,180.6,4.5,28.5,66.1,13.2,15.7,41.3,4.6
Bangkok,Thailand,2018-12-31,42.4,19.3,26.8,1.93,11.9,51.0,4.5,-2.6,59.0,10.2
Buenos Aires,Argentina,2021-06-20,74.5,51.8,100.5,4.97,12.8,69.3,6.2,28.7,91.1,2.7
Nairobi,Kenya,2020-11-26,83.4,50.1,83.4,3.94,22.5,77.0,5.9,14.9,89.2,7.2
Mumbai,India,2021-10-21,175.4,119.8,217.3,2.89,30.1,74.9,8.9,9.4,91.0,7.7
Sydney,Australia,2015-04-03,84.5,53.2,82.8,3.08,9.9,52.9,10.5,21.3,85.9,4.6
Nairobi,Kenya,2019-10-09,49.2,21.0,37.6,2.38,10.1,27.7,7.4,29.7,50.0,8.8
Seoul,South Korea,2017-10-05,105.1,64.1,95.5,4.79,15.0,46.5,7.1,34.4,36.6,1.0
Tehran,Iran,2016-07-21,88.3,46.3,77.1,0.5,10.5,25.8,10.3,8.5,62.2,1.6
Tokyo,Japan,2017-03-31,90.5,58.6,116.8,3.78,17.1,29.2,5.0,34.9,53.5,11.4
Chengdu,China,2023-02-24,138.6,92.0,167.9,0.7,34.7,36.0,17.6,37.7,89.8,2.3
Mexico City,Mexico,2016-10-10,131.9,,106.2,0.37,29.8,69.9,15.1,-2.1,94.3,5.7
Karachi,Pakistan,2017-06-06,198.8,135.5,227.5,4.5,29.8,39.9,27.5,17.1,64.3,8.8
Paris,France,2022-04-18,98.3,43.7,78.5,1.01,16.5,69.9,10.9,,38.9,13.9
Stockholm,Sweden,2024-07-23,53.0,27.1,50.1,4.79,13.6,20.4,2.7,0.7,83.8,11.4
Mexico City,Mexico,2020-05-06,137.8,69.5,125.4,4.69,34.5,72.0,10.2,10.7,58.1,7.3
Lahore,Pakistan,2016-05-24,215.2,127.4,242.0,,28.0,25.4,17.5,28.2,79.5,6.1
Lima,Peru,2016-03-30,64.1,27.6,41.7,3.48,8.1,39.3,6.6,9.7,53.0,7.7
Sydney,Australia,2021-07-19,19.6,12.8,18.3,2.04,4.2,50.0,1.1,10.5,37.1,6.6
Lima,Peru,2015-06-04,50.4,23.8,41.3,3.72,6.1,35.1,3.6,4.0,87.6,2.3
Wuhan,China,2018-03-14,208.7,108.1,189.1,2.37,45.9,53.1,19.5,7.4,89.8,13.8
Chengdu,China,2021-05-17,171.6,119.1,215.5,4.15,27.9,33.1,12.5,16.7,84.4,3.6
Johannesburg,South Africa,2016-06-07,46.7,30.0,49.5,2.26,7.9,56.0,6.2,39.8,,7.1
Jakarta,Indonesia,2016-11-05,111.0,71.7,97.5,1.37,22.4,71.0,6.5,6.0,60.8,5.2
Chengdu,China,2024-08-23,92.6,49.6,96.2,4.72,14.1,39.6,7.6,14.6,24.7,12.2
London,UK,2019-03-27,50.4,27.4,48.3,4.69,8.0,36.2,4.4,16.9,25.7,10.4
Ho Chi Minh City,Vietnam,2016-11-03,157.7,88.6,130.7,4.25,28.3,59.1,11.7,31.7,42.5,13.9
Cairo,Egypt,2024-12-23,139.8,,126.4,4.15,25.8,28.2,7.4,35.1,55.0,8.7
Delhi,India,2024-12-19,148.8,81.4,136.2,2.49,43.3,54.3,21.9,1.9,88.6,8.5
Jakarta,Indonesia,2022-04-23,136.3,70.2,119.7,2.43,40.2,64.2,7.4,-0.1,55.3,9.7
London,UK,2024-08-08,49.8,30.0,51.1,2.34,10.8,75.0,3.7,30.6,20.9,1.7
Paris,France,2020-12-27,49.7,20.9,34.1,0.7,6.5,66.5,2.6,20.0,27.4,12.3
Lagos,Nigeria,2021-10-04,108.3,66.2,121.1,3.08,21.4,44.6,12.6,12.2,20.2,2.0
Karachi,Pakistan,2023-11-12,146.2,72.9,129.8,2.78,32.5,26.7,19.4,35.6,30.9,9.6
Nairobi,Kenya,2023-02-23,71.1,32.3,46.7,2.75,19.7,69.1,4.6,17.9,31.3,6.9
Cairo,Egypt,2019-02-15,139.8,57.1,101.8,2.23,27.8,33.3,7.5,32.6,37.3,13.3
Berlin,Germany,2022-05-20,50.5,26.4,48.0,1.51,14.8,58.2,3.6,30.7,93.8,4.1
Johannesburg,South Africa,2021-05-15,113.3,77.6,138.7,2.67,13.7,75.5,6.4,4.5,53.8,7.8
Stockholm,Sweden,2020-01-05,5.0,,2.9,0.49,1.5,34.3,0.7,30.3,72.9,10.0
Cairo,Egypt,2016-07-28,158.6,100.4,146.8,0.79,25.2,28.0,23.1,,33.0,9.5
Karachi,Pakistan,2024-02-05,174.7,81.3,109.0,0.73,37.1,65.0,24.9,21.3,69.0,4.0
Johannesburg,South Africa,2018-04-05,121.0,64.2,94.2,4.62,22.1,24.8,12.6,23.2,91.7,12.2
Beijing,China,2023-06-25,153.1,84.7,135.9,2.15,19.6,42.5,14.8,4.8,63.2,3.7
Mexico City,Mexico,2019-05-12,59.2,27.4,38.1,0.59,14.2,36.6,4.8,2.2,28.8,7.7
London,UK,2021-09-04,72.9,,78.2,3.42,9.0,53.3,7.4,-3.6,56.2,7.7
Beijing,China,2021-11-18,143.0,93.4,155.5,0.45,42.4,42.9,21.3,,22.2,10.8
Karachi,Pakistan,2017-02-17,172.8,73.1,132.7,0.63,44.7,54.9,22.1,11.7,87.9,4.9
Chengdu,China,2018-01-27,205.0,96.5,146.9,,55.2,43.4,17.6,23.7,57.2,6.7
Los Angeles,USA,2016-12-16,111.2,58.3,84.8,3.79,12.6,80.0,12.2,4.7,34.9,4.5
Berlin,Germany,2016-01-25,33.7,,37.9,3.75,7.3,32.5,4.9,35.1,44.1,7.7
Paris,France,2023-09-17,55.6,32.8,43.9,4.56,15.3,36.9,6.9,14.8,83.4,1.4
Karachi,Pakistan,2024-01-21,125.5,58.1,103.0,1.25,28.4,43.4,9.3,30.3,47.3,0.7
Buenos Aires,Argentina,2015-01-27,45.9,22.7,42.6,2.87,12.7,45.1,3.1,-4.2,78.4,11.8
Lahore,Pakistan,2017-10-15,140.2,68.0,132.7,3.16,39.7,21.4,20.9,23.3,33.9,7.8
Lagos,Nigeria,2017-01-03,98.6,43.6,75.3,3.56,18.0,52.5,13.2,37.8,61.6,10.7
Buenos Aires,Argentina,2024-07-07,88.8,,81.1,2.02,,70.3,8.6,25.2,56.7,9.8
Mumbai,India,2015-06-23,186.4,94.1,165.7,1.95,,77.7,10.0,33.5,32.7,13.8
Buenos Aires,Argentina,2015-10-25,104.1,61.5,104.8,3.47,19.0,55.7,6.2,16.8,64.0,6.6
Sydney,Australia,2021-04-22,5.0,3.1,,1.03,,76.5,0.3,26.8,58.8,4.7
São Paulo,Brazil,2020-08-17,107.8,65.9,109.0,2.42,11.5,29.7,5.9,-2.1,25.0,0.7
Beijing,China,2017-04-15,156.4,85.0,155.1,1.09,41.9,25.6,12.9,,37.7,2.5
Johannesburg,South Africa,2022-07-10,82.8,36.7,70.0,3.33,,39.2,8.8,13.7,54.9,12.8
Lima,Peru,2015-03-30,105.9,72.9,141.2,4.07,20.2,25.3,12.0,13.1,71.5,3.7
Toronto,Canada,2021-09-07,53.1,35.8,69.1,1.93,9.5,70.3,6.3,18.7,92.0,8.0
Istanbul,Turkey,2016-09-21,81.0,48.9,81.1,1.26,10.6,41.3,11.9,1.6,55.4,5.2
Jakarta,Indonesia,2024-09-23,80.8,43.9,61.8,2.08,19.9,56.0,4.1,17.4,81.0,8.7
Los Angeles,USA,2020-12-17,37.5,19.7,32.9,0.65,9.7,71.4,4.1,39.1,61.6,0.9
Lima,Peru,2021-05-28,37.2,20.8,33.7,1.1,7.5,70.1,3.7,4.8,71.4,13.1
Ho Chi Minh City,Vietnam,2023-09-17,117.6,49.6,96.2,3.51,35.1,61.7,7.3,14.5,23.2,5.5
Paris,France,2021-06-20,5.0,3.3,4.7,2.83,1.1,75.5,0.3,26.8,23.4,8.7
Paris,France,2016-09-08,115.9,75.6,115.4,3.57,13.7,33.4,14.8,35.2,21.2,2.9
Johannesburg,South Africa,2016-10-19,53.7,37.2,58.5,0.97,13.7,53.7,7.6,37.1,84.2,8.7
London,UK,2023-08-10,47.0,24.9,40.7,4.88,7.1,46.1,5.0,12.6,29.0,13.4
Wuhan,China,2018-11-04,149.4,92.7,183.8,1.09,34.0,69.1,7.9,31.5,79.2,13.9
Buenos Aires,Argentina,2021-02-13,16.0,7.0,11.7,4.4,4.4,62.0,1.5,5.4,55.6,3.6
Lima,Peru,2017-06-22,86.0,56.8,,2.26,17.1,39.4,5.6,4.5,30.1,6.4
Delhi,India,2018-05-16,163.4,,,3.38,38.0,68.7,8.8,30.8,34.7,5.5
Karachi,Pakistan,2015-08-30,173.4,94.0,172.0,4.12,21.2,64.5,24.8,21.3,66.1,13.1
Lahore,Pakistan,2024-10-29,185.3,129.4,193.9,4.27,41.2,41.9,25.6,39.8,24.3,13.9
Dhaka,Bangladesh,2020-08-31,178.0,74.0,129.1,0.86,44.5,44.5,9.8,32.3,62.9,11.7
Nairobi,Kenya,2019-07-05,84.9,49.7,93.5,0.32,13.3,51.9,8.1,-1.7,53.5,2.0
Ho Chi Minh City,Vietnam,2015-09-01,108.4,65.0,128.8,1.46,16.5,77.2,12.6,29.7,79.4,11.1
Lahore,Pakistan,2020-05-19,186.7,90.1,149.8,3.42,45.1,31.5,25.7,31.7,39.8,8.4
Lagos,Nigeria,2015-06-28,126.5,71.1,118.9,2.86,28.7,20.9,8.1,16.2,73.1,7.9
Paris,France,2023-04-06,5.0,3.5,6.3,4.72,0.5,46.8,0.4,26.7,89.7,1.1
Lahore,Pakistan,2016-12-11,135.0,,122.5,0.37,20.9,39.9,17.3,20.3,44.6,3.0
Dhaka,Bangladesh,2015-05-18,214.3,88.2,166.4,0.85,56.7,28.4,30.1,25.5,46.4,6.2
Sydney,Australia,2021-01-26,21.4,10.9,21.6,2.49,3.7,79.9,2.7,37.5,38.7,11.4
Buenos Aires,Argentina,2024-02-27,51.7,28.9,46.2,1.69,11.0,31.5,4.8,25.7,68.9,10.6
Paris,France,2019-12-09,62.0,,51.2,2.34,7.9,22.0,7.5,1.5,42.4,6.3
Lahore,Pakistan,2024-09-14,172.4,89.0,139.8,4.03,17.5,65.2,17.6,19.4,45.9,1.8
Tehran,Iran,2018-02-01,178.0,118.8,222.0,4.05,18.0,31.5,25.7,34.2,29.5,9.7
Beijing,China,2015-06-12,132.6,53.3,99.2,4.73,37.7,43.1,17.1,17.4,93.5,14.5
Lahore,Pakistan,2017-01-05,197.8,92.4,134.0,2.92,52.2,23.7,25.4,37.7,60.9,3.6
Paris,France,2018-01-27,46.0,21.1,33.2,3.59,8.1,49.1,4.8,10.3,25.7,7.9
Tehran,Iran,2024-08-16,101.5,42.2,79.3,2.8,30.1,78.7,11.0,17.1,34.0,6.0
Johannesburg,South Africa,2021-07-04,81.0,53.5,92.5,0.51,14.2,21.8,4.1,35.3,76.1,4.7
São Paulo,Brazil,2016-02-25,48.0,29.0,58.0,4.0,9.1,68.9,6.0,-1.0,89.4,13.3
Tehran,Iran,2015-08-19,151.8,100.6,135.5,0.56,34.9,74.6,19.7,31.0,47.0,9.1
Paris,France,2024-05-24,66.9,34.1,58.8,4.16,18.9,51.4,6.1,27.8,54.2,10.2
Ho Chi Minh City,Vietnam,2023-12-11,128.2,83.6,123.6,2.99,13.5,67.9,8.0,34.2,50.5,2.9
Nairobi,Kenya,2019-02-14,66.6,38.0,58.9,1.14,12.1,28.7,8.1,2.7,56.2,8.6
Stockholm,Sweden,2024-04-28,5.0,2.7,3.6,3.07,1.3,44.6,0.6,1.8,59.7,11.9
Seoul,South Korea,2015-07-11,106.6,46.5,63.8,4.89,21.0,63.9,12.6,-3.0,57.2,8.1
Sydney,Australia,2019-04-03,62.4,43.0,64.5,0.58,12.2,21.8,5.5,7.3,38.2,0.5
Ho Chi Minh City,Vietnam,2021-12-21,161.0,95.4,163.2,1.58,38.4,36.4,18.6,8.5,26.2,2.3
Lima,Peru,2017-06-10,150.8,79.7,,1.97,36.2,59.7,8.5,14.3,,9.8
Buenos Aires,Argentina,2018-07-05,91.7,59.7,79.8,2.82,,60.5,13.0,13.5,79.6,11.9
Los Angeles,USA,2020-07-19,91.0,43.7,85.7,1.82,16.6,56.2,7.4,24.8,41.7,8.1
Paris,France,2023-09-24,40.0,18.7,28.1,3.67,9.7,22.7,4.3,38.2,67.1,14.4
Cairo,Egypt,2020-05-17,126.5,74.2,143.0,4.26,35.8,46.7,12.1,31.4,42.8,11.6
Cairo,Egypt,2022-11-17,181.5,115.2,224.8,0.85,24.9,52.9,11.4,-0.8,70.0,11.0
Los Angeles,USA,2015-07-09,58.7,,63.7,4.91,6.3,72.2,4.8,36.5,36.7,11.2
Tehran,Iran,2017-09-23,122.5,74.9,106.6,2.48,15.7,56.3,9.0,21.7,91.0,13.9
Buenos Aires,Argentina,2022-05-05,60.3,26.9,39.2,3.55,9.2,76.3,4.4,31.0,76.9,7.8
Sydney,Australia,2022-07-27,22.5,11.3,15.0,1.01,3.9,61.4,1.6,2.4,39.7,4.6
Lahore,Pakistan,2018-11-19,203.5,103.4,139.8,3.2,25.7,72.1,27.7,-1.7,51.0,7.4
Wuhan,China,2019-09-08,181.7,97.6,179.4,1.47,42.9,27.8,9.4,-4.2,57.0,11.7
Johannesburg,South Africa,2018-08-21,50.3,20.7,34.9,0.83,14.8,41.2,5.1,10.2,55.0,14.4
Wuhan,China,2020-03-10,188.8,86.3,156.3,3.35,29.9,51.4,20.6,32.6,29.4,14.6
Jakarta,Indonesia,2019-03-19,144.6,81.0,149.4,3.75,27.8,40.2,21.5,34.8,91.3,1.2
Karachi,Pakistan,2018-04-12,168.3,112.3,153.9,0.58,26.6,21.6,19.9,36.7,42.1,10.1
Delhi,India,2017-12-22,209.6,99.9,194.0,4.8,26.6,66.0,14.4,17.0,47.1,4.0
Sydney,Australia,2024-02-28,56.5,23.7,32.4,2.48,11.9,63.4,4.8,-4.0,22.7,12.9
Istanbul,Turkey,2021-04-06,122.2,83.2,127.5,3.04,16.3,47.2,16.8,39.3,77.5,11.6
Mexico City,Mexico,2019-07-09,134.6,76.4,113.3,0.56,18.9,59.0,14.4,-1.9,62.2,6.2
Bangkok,Thailand,2017-11-29,73.5,49.4,73.2,2.9,16.0,49.9,5.4,13.3,41.8,6.8
Paris,France,2021-05-11,42.7,24.7,43.5,4.6,6.5,43.6,4.8,,49.4,4.7
Delhi,India,2020-05-17,175.1,86.3,117.3,1.93,38.0,31.0,23.4,28.1,61.9,11.2
Istanbul,Turkey,2020-03-13,108.9,70.3,127.6,1.5,18.4,42.8,7.4,29.2,33.9,3.7
Karachi,Pakistan,2016-09-13,157.9,105.9,160.5,,17.5,60.6,16.2,7.5,77.6,3.6
Bangkok,Thailand,2019-07-13,70.8,46.5,88.6,1.25,13.3,45.9,6.4,17.6,25.6,13.1
Wuhan,China,2020-08-26,197.9,79.3,141.0,3.36,58.7,63.2,16.5,37.9,47.4,12.4
Ho Chi Minh City,Vietnam,2019-02-15,122.1,83.4,110.9,0.46,35.7,32.9,12.9,37.4,90.5,3.0
Lima,Peru,2022-06-06,74.1,29.8,40.6,4.76,13.6,29.0,8.4,2.8,93.5,10.2
São Paulo,Brazil,2015-06-23,101.8,68.0,133.7,2.43,27.5,49.1,11.5,17.8,65.6,7.9
Buenos Aires,Argentina,2024-10-04,58.8,25.4,49.8,2.7,17.0,61.1,3.5,4.1,77.6,3.1
Dhaka,Bangladesh,2020-01-28,173.2,77.8,103.5,3.79,,78.7,24.2,-4.1,38.0,2.5
Nairobi,Kenya,2019-09-18,50.0,32.7,55.7,1.93,14.1,50.3,3.4,19.0,21.4,1.1
Tokyo,Japan,2020-08-16,39.4,22.1,40.6,4.45,7.7,27.3,2.2,33.5,25.8,12.4
Cairo,Egypt,2023-01-08,142.7,75.8,126.0,0.94,35.5,38.0,15.7,-4.8,41.1,1.1
Toronto,Canada,2015-07-12,28.3,18.3,35.2,2.68,6.0,58.8,3.2,18.9,64.6,6.9
São Paulo,Brazil,2021-09-13,110.2,67.9,103.3,1.87,21.1,21.9,16.4,16.1,78.1,2.8
Mexico City,Mexico,2023-03-08,136.0,92.4,160.6,0.59,26.3,21.0,13.8,17.6,51.3,5.4
Bangkok,Thailand,2016-05-15,92.1,41.7,55.0,4.0,23.7,54.8,12.3,18.1,20.5,2.7
São Paulo,Brazil,2018-12-29,68.8,28.2,44.8,0.61,,23.3,3.6,37.4,69.9,2.2
Nairobi,Kenya,2023-08-11,94.8,45.3,82.9,4.13,19.1,44.6,7.7,-3.5,62.1,7.9
Istanbul,Turkey,2018-10-09,29.0,13.9,25.2,1.46,5.5,52.0,3.8,13.9,35.5,0.7
Sydney,Australia,2024-02-12,100.3,62.7,117.6,3.12,29.1,51.3,9.8,32.5,32.5,0.7
Nairobi,Kenya,2017-10-21,129.9,76.4,134.9,3.06,31.8,26.8,9.8,16.6,73.7,5.0
Lahore,Pakistan,2015-07-23,176.9,87.7,122.7,3.93,50.0,21.8,23.2,5.9,56.5,11.3
London,UK,2018-05-06,53.1,30.7,59.9,4.28,14.6,41.7,7.9,33.4,45.3,13.5
Beijing,China,2020-06-15,154.6,95.5,124.6,0.41,37.0,36.7,8.6,7.9,82.8,7.3
Sydney,Australia,2018-08-07,16.7,6.8,10.3,4.8,3.3,54.2,2.1,0.2,75.0,4.8
Tehran,Iran,2021-10-12,171.1,83.0,128.0,1.96,40.4,71.8,12.4,15.1,48.4,11.6
Karachi,Pakistan,2019-11-27,165.1,83.6,156.8,2.88,33.8,55.9,17.5,25.7,87.8,13.2
Toronto,Canada,2018-12-30,27.0,17.6,33.6,4.01,2.9,59.7,2.2,34.3,41.3,13.8
Dhaka,Bangladesh,2022-06-02,156.3,63.0,82.7,1.38,,66.8,19.9,32.2,34.0,14.7
Delhi,India,2022-07-14,155.2,69.1,104.0,2.79,19.4,64.3,13.5,20.6,75.1,13.6
Lahore,Pakistan,2023-08-05,177.3,99.1,166.0,1.04,23.0,30.1,19.4,13.7,48.9,2.3
Stockholm,Sweden,2019-03-02,30.6,15.7,27.2,2.13,5.6,36.4,1.9,8.5,,3.5
Tokyo,Japan,2017-04-26,11.3,5.2,,4.91,2.2,47.1,0.6,7.9,37.1,1.1
Seoul,South Korea,2024-01-08,54.5,30.1,48.6,1.35,14.2,75.6,3.5,-0.6,45.9,9.4
Sydney,Australia,2018-04-01,69.5,35.8,66.2,4.78,15.1,33.2,7.4,29.0,82.2,10.9
Dhaka,Bangladesh,2023-06-12,231.9,159.0,261.5,2.84,38.8,59.5,25.4,3.0,72.1,12.2
Chengdu,China,2023-12-18,173.0,75.2,140.4,3.32,18.4,66.2,17.5,17.3,43.4,4.6
Istanbul,Turkey,2018-04-12,63.7,25.5,,3.98,15.7,56.2,5.1,24.6,29.7,4.3
Buenos Aires,Argentina,2017-07-23,71.6,38.3,61.6,4.65,16.8,62.6,6.2,8.1,28.6,1.6
São Paulo,Brazil,2019-06-07,87.2,58.6,85.5,0.48,14.8,77.1,7.0,33.9,81.2,14.2
Wuhan,China,2020-12-24,165.0,108.9,197.6,2.47,46.8,68.0,18.8,16.7,27.1,12.3
Chengdu,China,2024-04-12,168.7,70.6,128.8,1.63,35.4,51.4,22.2,24.0,83.5,11.4
São Paulo,Brazil,2021-04-09,122.5,65.6,90.7,4.83,20.1,75.1,17.2,-0.7,28.6,9.4
Buenos Aires,Argentina,2022-09-12,79.9,,69.4,4.48,11.4,53.9,4.8,3.3,63.9,9.7
Seoul,South Korea,2021-04-15,89.0,58.0,83.6,3.55,15.8,76.6,5.2,-3.2,29.3,11.8
Wuhan,China,2021-04-13,129.4,83.7,150.9,0.57,18.5,76.1,14.5,16.1,68.9,3.1
Mumbai,India,2018-12-03,168.4,90.5,169.7,1.75,21.5,31.1,9.8,,70.8,14.0
Cairo,Egypt,2021-03-12,193.2,111.1,211.5,4.49,46.8,23.4,15.3,10.1,94.8,7.2
Bangkok,Thailand,2021-02-24,115.8,46.9,61.7,4.15,28.7,52.2,8.7,-1.1,32.3,8.9
Lagos,Nigeria,2016-06-10,142.3,97.1,191.3,3.01,38.2,68.7,17.8,14.7,49.2,4.3
Lagos,Nigeria,2020-06-29,98.7,47.0,80.2,2.24,14.1,67.5,5.0,10.4,89.7,11.5
Jakarta,Indonesia,2017-10-22,131.7,89.3,172.5,0.55,16.5,43.2,18.8,33.0,23.6,7.9
Mexico City,Mexico,2015-05-20,138.7,70.8,105.7,2.15,40.2,74.3,19.6,36.3,33.4,13.5
Johannesburg,South Africa,2022-02-07,61.1,39.8,66.9,1.43,11.0,46.0,7.5,22.3,81.3,6.3
Johannesburg,South Africa,2023-07-14,116.1,71.0,113.1,1.16,13.9,33.8,8.6,11.7,33.3,2.6
Jakarta,Indonesia,2024-02-17,111.6,53.0,89.7,1.24,22.1,36.6,6.5,39.2,54.3,6.2
Buenos Aires,Argentina,2023-08-23,34.8,16.2,30.8,4.88,10.0,61.8,3.7,23.7,84.2,0.6
Sydney,Australia,2022-05-01,17.3,9.6,18.6,1.11,,75.4,2.2,-4.5,69.5,3.5
Lagos,Nigeria,2022-06-03,126.5,57.8,77.2,3.17,21.4,65.0,18.9,13.1,31.4,8.5
Tehran,Iran,2016-12-19,142.6,91.0,152.4,4.57,38.2,74.8,11.4,35.6,85.0,9.6
Buenos Aires,Argentina,2016-02-26,52.7,32.6,47.2,1.39,7.5,47.4,3.1,34.9,74.7,7.9
Ho Chi Minh City,Vietnam,2020-04-04,102.5,44.8,61.4,0.37,23.9,50.6,9.0,10.6,54.6,7.4
São Paulo,Brazil,2015-11-08,61.2,41.7,75.1,0.34,9.7,79.0,3.4,1.6,55.8,5.6
Cairo,Egypt,2015-11-15,131.3,73.8,144.5,2.07,20.3,37.3,14.9,22.2,,3.2
Mumbai,India,2015-05-06,201.3,129.9,187.5,0.99,24.2,24.1,29.9,31.5,21.3,0.6
Lima,Peru,2020-05-29,62.7,30.9,42.4,2.48,6.5,45.5,4.6,6.9,41.5,5.0
Sydney,Australia,2020-02-01,34.8,18.2,33.4,0.46,8.8,44.5,3.7,28.9,,1.4
Paris,France,2016-08-17,82.8,52.7,85.5,2.36,12.5,58.6,11.4,24.5,77.8,12.6
Ho Chi Minh City,Vietnam,2017-11-09,90.4,51.3,68.5,3.07,10.6,68.4,13.2,8.0,58.0,12.4
Sydney,Australia,2021-09-24,5.0,2.2,4.1,3.58,1.1,76.7,0.7,33.8,42.0,3.8
Stockholm,Sweden,2022-10-25,5.0,2.6,5.0,1.07,1.4,58.0,0.6,11.7,64.0,11.4
Nairobi,Kenya,2016-12-04,129.5,70.8,120.8,0.6,35.3,72.0,10.1,34.6,75.9,7.5
Mexico City,Mexico,2017-10-08,134.2,70.3,112.0,1.25,32.4,56.6,20.0,1.4,28.5,8.0
Chengdu,China,2020-05-17,89.4,52.1,74.9,2.57,19.9,47.5,7.3,30.2,84.1,4.5
Tehran,Iran,2015-10-08,131.6,61.8,107.4,0.77,28.7,79.4,16.5,35.3,54.8,2.6
Istanbul,Turkey,2019-03-03,21.4,8.9,,3.35,4.0,53.8,1.8,-1.1,52.4,8.4
London,UK,2017-02-24,84.6,54.7,84.0,4.67,14.2,78.2,4.2,23.5,79.2,4.6
Chengdu,China,2022-07-30,126.0,51.3,,2.85,33.7,23.8,7.7,-4.8,41.2,13.9
Stockholm,Sweden,2024-09-04,5.0,2.2,3.1,1.29,,67.5,0.5,19.3,48.1,3.6
Karachi,Pakistan,2021-08-06,162.9,68.9,98.5,4.3,23.3,41.3,17.5,18.0,69.9,3.3
Buenos Aires,Argentina,2019-09-27,47.9,33.1,56.4,3.47,9.2,71.5,4.6,37.4,43.1,13.1
Karachi,Pakistan,2017-09-21,210.8,134.8,178.8,1.6,56.8,39.1,25.6,39.6,33.3,6.6
Tehran,Iran,2015-10-28,164.7,107.8,173.1,3.62,23.4,28.1,8.3,-1.7,67.1,13.3
Lima,Peru,2016-01-20,67.9,37.0,51.7,0.3,20.2,69.1,7.0,6.1,58.8,12.7
Wuhan,China,2024-05-30,190.7,105.2,174.9,3.69,52.5,56.2,27.5,5.5,89.3,3.7
Tehran,Iran,2022-11-21,142.2,90.8,169.0,1.61,42.2,24.8,7.6,32.9,81.4,10.8
Chengdu,China,2016-05-24,162.6,109.9,212.7,3.37,36.7,41.6,10.6,25.9,81.3,8.4
Stockholm,Sweden,2017-02-21,39.9,17.7,24.3,3.39,8.5,48.0,4.2,7.4,80.4,5.3
Bangkok,Thailand,2024-09-13,79.5,37.9,74.9,1.2,9.6,37.5,11.0,8.8,,5.0
Cairo,Egypt,2016-10-30,124.8,87.3,143.0,3.99,18.0,42.5,14.7,7.9,36.9,13.9
Lima,Peru,2022-07-29,65.8,28.5,38.4,2.46,11.0,50.4,9.6,13.3,65.2,1.9
London,UK,2023-10-30,5.0,3.2,5.3,1.16,0.9,37.8,0.7,17.1,51.7,3.0
Berlin,Germany,2018-12-30,51.0,25.9,39.0,1.24,5.4,78.6,6.4,36.8,50.9,13.1
Buenos Aires,Argentina,2016-08-27,119.5,66.1,95.2,3.92,23.8,52.2,16.2,28.3,92.5,6.4
Delhi,India,2016-07-17,153.4,80.7,124.1,4.21,31.7,56.4,10.8,6.3,45.5,7.2
Wuhan,China,2023-07-15,225.6,150.4,290.6,3.41,36.8,43.1,27.8,7.9,65.7,13.6
Dhaka,Bangladesh,2024-06-17,196.5,,180.8,3.85,56.1,71.5,24.5,23.6,38.1,10.2
Istanbul,Turkey,2019-10-09,99.4,52.9,95.0,3.47,,31.0,9.8,7.1,39.2,5.2
Lagos,Nigeria,2021-05-29,133.9,81.9,134.9,2.28,35.3,30.4,15.6,-4.1,20.5,14.0
Dhaka,Bangladesh,2020-02-08,167.4,82.8,153.7,4.93,17.9,22.3,22.7,20.1,86.2,10.6
Los Angeles,USA,2016-07-21,44.2,28.1,41.1,3.65,6.6,47.8,2.6,15.5,66.0,8.7
São Paulo,Brazil,2015-12-03,46.8,23.9,35.7,3.91,12.0,49.0,4.1,23.7,61.8,10.2
Buenos Aires,Argentina,2016-01-17,45.1,23.7,33.0,,10.3,34.1,6.1,26.7,53.2,14.9
Buenos Aires,Argentina,2015-05-03,96.2,41.4,75.0,3.86,10.8,69.2,12.3,36.8,28.9,9.2
London,UK,2019-05-22,5.0,2.7,3.7,1.73,0.6,49.5,0.4,21.6,54.2,4.0
Dhaka,Bangladesh,2022-10-03,155.7,97.4,169.9,0.45,46.4,58.5,11.0,,86.2,8.8
Paris,France,2015-12-07,52.9,26.7,35.4,4.67,6.7,71.2,4.4,28.4,39.1,9.0
Stockholm,Sweden,2015-03-15,14.6,8.3,12.6,1.4,2.0,70.3,1.6,17.9,38.7,6.8
São Paulo,Brazil,2019-08-22,74.0,34.9,61.2,3.15,11.8,22.5,5.1,2.2,62.6,3.0
Toronto,Canada,2022-06-21,21.5,12.6,24.1,1.45,3.0,30.4,1.9,,70.4,3.6
Johannesburg,South Africa,2017-03-14,56.3,36.3,49.3,3.83,6.1,68.4,6.3,9.5,50.4,10.3
Toronto,Canada,2015-08-05,35.2,23.5,38.4,3.87,7.1,47.1,3.4,11.3,75.0,12.8
Mumbai,India,2017-12-22,189.8,87.3,114.2,1.59,30.1,68.6,23.6,-1.2,44.4,4.1
Beijing,China,2021-01-28,145.8,82.0,145.6,4.58,26.9,59.4,20.7,19.4,43.1,6.3
Bangkok,Thailand,2015-09-27,128.8,80.2,156.0,3.89,34.9,54.4,14.7,38.5,85.3,11.8
Mumbai,India,2016-05-19,205.5,104.3,175.6,0.56,37.6,26.7,25.2,35.2,33.1,4.1
Mexico City,Mexico,2017-07-10,160.9,91.5,133.0,1.44,46.7,63.4,9.5,5.0,67.0,4.6
Stockholm,Sweden,2017-10-20,79.5,52.9,93.0,1.23,8.8,33.0,7.2,11.5,83.6,9.0
Seoul,South Korea,2024-12-26,141.0,78.1,119.4,4.14,39.3,36.7,11.0,20.5,81.2,8.0
Mexico City,Mexico,2023-05-02,103.9,62.1,92.8,3.93,,43.9,12.9,14.1,73.6,12.9
Seoul,South Korea,2023-04-17,105.4,67.8,134.4,4.34,17.1,30.7,7.5,4.8,25.7,13.6
Wuhan,China,2021-02-21,159.0,67.2,122.4,1.27,44.6,22.5,17.2,-4.4,75.2,1.0
Mumbai,India,2019-09-02,199.2,123.5,231.6,3.98,53.7,73.9,22.9,2.8,82.5,7.2
Paris,France,2015-10-22,5.0,2.9,5.3,2.45,1.0,53.0,0.4,11.8,80.5,0.9
Tokyo,Japan,2023-06-03,25.3,16.5,31.6,1.02,7.0,33.8,1.3,,58.9,7.7
Lima,Peru,2024-12-20,60.9,42.2,79.5,4.85,9.1,56.2,7.6,31.2,78.6,8.8
Stockholm,Sweden,2022-09-22,43.1,18.5,26.9,0.4,5.7,59.5,3.7,1.1,39.8,11.4
Sydney,Australia,2019-12-21,22.1,12.0,16.0,2.71,4.3,46.6,2.2,-1.7,90.0,4.9
Cairo,Egypt,2019-04-16,88.2,54.5,86.8,3.19,13.7,35.9,6.2,8.5,24.9,1.6
Lagos,Nigeria,2020-03-17,75.8,36.7,61.5,2.63,17.2,58.9,6.6,1.0,33.3,5.7
Delhi,India,2021-08-10,199.4,98.0,134.9,2.83,22.6,29.9,21.0,36.6,34.7,5.8
Mumbai,India,2020-12-24,185.1,127.0,230.5,1.86,28.6,51.1,16.3,22.8,60.1,1.0
Ho Chi Minh City,Vietnam,2016-04-27,141.0,97.8,158.1,1.0,31.3,57.5,17.7,26.9,71.6,11.0
Delhi,India,2016-06-28,153.2,102.4,133.4,3.43,44.2,65.5,8.9,28.1,38.9,3.2
Nairobi,Kenya,2015-10-31,81.1,56.3,106.5,4.65,17.1,40.9,10.0,-4.2,68.3,14.4
Istanbul,Turkey,2022-05-28,98.4,44.9,62.5,4.18,10.9,79.7,9.5,36.7,80.8,10.6
Berlin,Germany,2023-05-16,49.4,22.6,42.4,0.62,10.1,45.3,7.0,35.4,74.0,11.5
Beijing,China,2020-07-25,140.4,84.6,169.0,3.76,40.6,46.2,21.0,22.7,87.9,1.8
Stockholm,Sweden,2016-05-05,27.8,17.6,28.1,3.42,6.9,37.7,3.6,-0.3,94.0,5.4
Los Angeles,USA,2024-10-31,59.1,26.1,48.8,3.05,17.2,58.9,5.0,32.6,41.1,4.7
Beijing,China,2019-08-17,134.6,65.8,102.6,3.01,19.3,58.2,8.5,36.9,22.0,13.7
Johannesburg,South Africa,2022-12-12,63.6,39.0,58.8,1.12,18.4,46.5,6.2,39.4,45.2,2.0
Toronto,Canada,2022-01-12,73.1,38.8,71.6,1.07,14.6,24.6,7.8,2.6,92.0,8.5
Seoul,South Korea,2022-09-21,56.3,39.0,64.2,3.48,6.2,62.5,3.4,30.1,85.8,5.1
Dhaka,Bangladesh,2015-07-06,255.7,133.8,218.6,4.57,74.0,46.8,25.9,0.2,44.4,7.9
Bangkok,Thailand,2016-03-13,80.4,46.1,82.0,3.35,15.2,66.2,6.6,16.1,40.3,9.3
Delhi,India,2017-05-26,126.5,62.9,109.8,4.86,33.0,43.5,12.4,16.1,39.5,12.8
Mexico City,Mexico,2015-02-18,170.2,98.6,158.1,1.42,38.8,34.2,8.7,-2.0,72.1,6.0
Chengdu,China,2017-06-22,159.0,106.8,158.9,,42.1,49.3,8.4,30.8,86.0,1.0
Wuhan,China,2023-01-06,111.8,47.6,69.3,2.63,11.9,30.1,10.1,23.5,88.2,12.5
Tokyo,Japan,2019-11-06,40.8,27.8,46.8,2.73,4.2,20.2,4.8,16.7,,9.9
London,UK,2024-02-28,38.9,27.2,36.9,1.56,9.3,51.0,2.3,29.9,92.8,7.4
Johannesburg,South Africa,2021-12-08,85.3,42.1,60.2,3.52,8.9,44.5,7.5,34.5,40.5,8.9
Beijing,China,2021-06-14,153.7,103.7,181.1,4.03,32.9,68.9,9.0,27.0,31.2,8.9
Tehran,Iran,2024-09-19,123.0,57.0,90.5,2.6,16.2,21.7,10.4,12.2,48.7,10.1
London,UK,2015-10-28,22.7,9.8,19.2,3.59,3.2,76.1,3.4,3.9,48.5,1.5
Mexico City,Mexico,2018-02-12,114.4,64.5,98.5,3.0,14.1,70.1,11.7,39.2,50.1,10.0
Mumbai,India,2023-12-28,183.1,81.4,148.8,3.46,46.9,78.8,27.3,36.8,87.1,4.9
Bangkok,Thailand,2020-05-12,103.3,58.3,104.6,3.5,16.0,47.7,6.3,-1.2,54.5,8.6
Lahore,Pakistan,2019-05-18,161.8,67.7,119.4,3.48,26.6,20.0,18.4,-1.8,36.8,4.1
Lahore,Pakistan,2019-09-08,94.2,60.0,,3.93,16.4,44.4,11.5,0.6,83.9,8.3
Lahore,Pakistan,2020-11-01,178.2,113.7,177.6,0.78,50.6,40.7,15.6,35.9,88.8,4.3
Delhi,India,2024-07-02,184.3,83.0,141.2,0.39,25.0,67.3,14.5,3.9,60.7,10.0
Buenos Aires,Argentina,2017-10-30,67.7,29.1,56.8,1.13,19.3,49.0,4.1,1.7,52.3,15.0
Toronto,Canada,2022-03-12,38.9,23.5,39.1,0.44,5.0,37.1,3.2,26.3,74.1,7.0
Chengdu,China,2016-05-08,171.3,77.6,103.1,3.05,29.1,48.6,24.0,25.0,78.4,3.1
Delhi,India,2024-05-18,191.2,101.9,147.8,4.82,37.7,42.1,28.2,1.0,65.0,11.4
Buenos Aires,Argentina,2018-01-04,49.7,32.3,48.6,1.52,5.9,30.0,6.1,8.0,53.1,10.5
Ho Chi Minh City,Vietnam,2019-03-24,158.1,80.9,116.0,0.62,45.5,20.2,20.4,6.9,38.2,2.8
Nairobi,Kenya,2023-05-01,85.2,47.2,90.3,2.03,21.2,34.8,12.0,36.1,28.1,12.7
Johannesburg,South Africa,2021-07-21,124.0,83.2,137.1,2.69,29.9,34.7,7.2,18.8,44.0,2.3
Beijing,China,2018-02-05,149.2,98.9,135.3,3.7,22.2,51.5,11.8,27.1,50.1,7.2
Delhi,India,2015-10-08,155.0,87.8,123.0,,31.9,36.5,16.9,-4.4,93.0,11.1
Lima,Peru,2018-09-02,58.0,39.2,74.8,2.02,7.1,35.1,4.1,28.8,61.1,12.8
Lima,Peru,2017-07-19,53.2,30.9,54.0,3.87,13.8,36.6,4.7,4.3,76.1,4.4
Ho Chi Minh City,Vietnam,2019-01-10,163.3,104.6,160.9,1.67,37.6,78.5,9.2,32.6,29.1,5.5
Lima,Peru,2022-03-09,86.0,37.0,67.4,1.81,24.1,36.7,10.3,2.4,91.8,0.6
Mexico City,Mexico,2019-10-29,115.6,69.7,132.2,4.97,15.6,38.4,16.1,-3.5,75.0,6.6
Delhi,India,2022-05-20,248.4,149.1,259.6,3.42,53.1,62.8,31.7,30.5,84.0,5.1
Mumbai,India,2015-10-13,193.4,132.3,206.0,3.95,30.6,30.5,18.3,31.3,43.0,4.8
Buenos Aires,Argentina,2015-12-13,80.6,38.1,74.5,1.93,16.8,44.6,11.8,14.1,,11.6
Karachi,Pakistan,2016-11-04,130.5,53.5,86.5,2.89,20.5,47.8,14.6,38.8,65.1,7.0
Mexico City,Mexico,2016-05-25,122.4,68.1,133.8,,17.3,43.3,14.2,19.8,52.3,14.7
Stockholm,Sweden,2019-12-04,78.0,39.1,61.7,0.62,15.1,51.5,6.0,38.3,60.1,8.9
London,UK,2021-01-19,60.8,31.3,53.4,3.41,6.5,58.6,6.3,-1.3,29.3,6.9
Lagos,Nigeria,2015-12-09,88.1,46.8,81.6,1.03,20.5,69.1,4.4,11.6,40.6,6.8
Dhaka,Bangladesh,2021-05-25,166.1,102.7,182.9,2.47,33.3,36.2,13.8,9.4,74.5,8.6
Mumbai,India,2024-08-18,172.4,99.5,,1.81,30.9,73.2,18.5,18.6,24.0,10.2
Istanbul,Turkey,2019-02-05,77.5,38.0,59.3,4.18,23.0,44.9,8.2,-4.7,20.7,1.6
Lima,Peru,2023-07-27,83.1,44.1,68.9,4.21,12.0,38.4,12.1,6.0,79.8,2.6
Stockholm,Sweden,2018-02-27,24.5,16.8,29.5,1.28,6.4,59.3,3.5,5.3,29.1,9.7
Karachi,Pakistan,2015-12-14,145.2,91.9,146.0,2.33,24.2,75.0,19.0,7.0,44.1,11.2
Lima,Peru,2019-08-22,42.5,27.5,46.5,4.18,10.3,45.7,5.0,-2.3,52.7,6.8
Istanbul,Turkey,2024-03-31,105.4,45.9,75.3,3.88,17.3,69.1,11.4,27.6,,7.5
Sydney,Australia,2019-11-20,46.3,30.1,58.2,0.68,5.7,21.4,4.7,3.7,,13.4
Jakarta,Indonesia,2024-03-27,105.4,42.3,81.4,,14.8,61.5,11.9,12.1,35.9,14.9
Seoul,South Korea,2020-11-18,106.8,57.9,77.7,1.55,31.6,66.1,5.4,32.7,34.4,5.3
Sydney,Australia,2016-08-26,17.4,7.0,11.6,1.64,3.0,30.1,2.3,2.8,58.8,7.3
Johannesburg,South Africa,2017-07-18,57.8,37.4,61.2,3.03,8.8,59.0,3.1,28.7,32.2,3.8
Nairobi,Kenya,2021-04-16,114.9,56.7,89.2,1.4,16.8,73.6,9.5,27.5,37.8,12.2
Toronto,Canada,2018-12-12,31.1,17.8,32.7,2.1,8.9,50.6,3.7,29.0,47.3,4.2
Karachi,Pakistan,2024-05-27,218.1,105.8,160.1,0.42,57.8,20.5,21.3,-2.5,79.9,11.3
Beijing,China,2021-12-27,161.4,84.8,161.3,1.17,30.7,20.5,12.7,15.6,88.2,5.1
Tehran,Iran,2020-07-20,140.8,91.5,139.9,1.1,30.7,37.1,16.2,1.1,31.4,10.3
Buenos Aires,Argentina,2020-02-17,89.8,50.3,95.1,2.13,26.4,24.9,13.3,33.1,85.0,12.7
Dhaka,Bangladesh,2024-01-01,145.6,93.9,181.1,2.47,41.9,43.1,17.9,27.0,81.6,11.2
Ho Chi Minh City,Vietnam,2022-07-28,167.0,108.4,204.7,3.13,22.8,50.5,17.0,9.6,,13.1
Johannesburg,South Africa,2018-08-03,93.6,57.2,94.3,3.2,11.1,75.9,8.8,28.7,70.0,12.1
Dhaka,Bangladesh,2015-07-05,171.3,109.4,186.3,2.67,44.0,57.7,9.9,9.2,66.7,13.6
Jakarta,Indonesia,2022-02-18,157.7,102.8,151.9,2.52,29.4,46.3,8.7,2.8,31.5,9.5
London,UK,2023-11-22,26.8,13.3,,1.09,3.0,59.0,2.0,24.0,24.4,4.1
Johannesburg,South Africa,2016-03-08,32.9,16.0,24.5,2.63,6.7,57.8,2.7,18.9,94.3,3.6
Tokyo,Japan,2017-05-23,51.1,33.4,53.4,0.4,8.9,56.6,4.8,15.7,94.9,8.4
Jakarta,Indonesia,2015-04-06,154.1,95.0,123.5,2.9,45.1,65.0,13.0,11.4,42.8,9.6
Lagos,Nigeria,2024-01-28,109.5,61.4,105.9,4.05,14.5,33.5,15.0,32.4,81.6,3.5
Seoul,South Korea,2020-01-02,29.1,16.2,31.0,,8.2,28.5,2.3,8.4,31.3,13.2
Lima,Peru,2016-04-28,63.6,33.5,43.9,0.87,6.4,21.5,9.5,15.2,74.7,11.2
Karachi,Pakistan,2016-08-31,160.0,69.0,115.1,1.81,33.6,39.9,10.9,25.3,22.9,13.5
Cairo,Egypt,2016-11-28,171.7,72.5,140.0,1.97,51.4,24.1,20.9,2.2,50.2,6.9
São Paulo,Brazil,2019-05-27,98.9,49.6,91.1,4.15,16.5,49.0,9.1,21.7,31.3,12.2
Delhi,India,2015-05-19,225.2,156.9,305.3,3.17,45.6,52.1,21.8,16.6,74.9,14.9
Paris,France,2016-08-06,64.6,30.3,43.9,4.21,11.9,51.5,6.3,33.4,57.5,10.2
Mexico City,Mexico,2018-01-04,73.1,48.3,88.1,0.81,8.8,37.6,4.6,28.3,94.0,10.0
Bangkok,Thailand,2023-08-18,121.7,69.3,129.1,,12.3,51.4,11.6,13.7,57.8,6.4
Los Angeles,USA,2022-09-17,55.0,35.5,48.8,3.77,8.4,42.9,8.2,25.4,73.9,9.2
Buenos Aires,Argentina,2024-05-05,34.4,20.7,33.5,4.21,7.4,66.3,4.6,32.0,50.2,5.8
Seoul,South Korea,2023-01-31,71.8,31.3,41.6,3.19,,27.8,9.3,12.1,66.4,11.6
Berlin,Germany,2019-06-03,20.6,9.1,12.6,4.64,2.4,33.1,1.9,31.9,65.2,8.8
Lahore,Pakistan,2017-02-10,149.4,90.2,171.7,4.67,22.6,50.3,12.0,13.8,57.4,11.9
Cairo,Egypt,2024-05-24,202.7,141.4,240.0,4.09,25.9,20.5,10.7,35.1,25.6,9.4
Istanbul,Turkey,2020-11-12,74.1,37.5,58.0,1.09,10.5,31.9,4.8,29.7,65.7,8.8
London,UK,2023-09-10,76.4,38.5,69.7,1.59,20.1,56.9,10.1,-2.5,83.2,2.0
Chengdu,China,2024-06-11,141.9,62.9,86.1,4.97,16.4,31.4,10.7,9.3,29.8,12.7
Beijing,China,2015-10-26,114.9,64.9,110.1,4.97,,44.4,14.5,6.9,,0.8
Stockholm,Sweden,2017-08-01,5.0,3.3,5.6,2.09,1.0,25.8,0.7,8.1,33.1,6.7
Stockholm,Sweden,2020-02-14,30.0,14.8,27.7,2.87,8.6,77.0,4.5,0.9,87.3,4.8
Delhi,India,2022-05-16,194.0,97.8,172.0,0.84,57.1,50.1,26.6,25.4,91.4,8.8
Johannesburg,South Africa,2022-12-18,69.0,40.3,80.6,4.13,13.2,69.0,8.3,37.2,47.4,1.1
Buenos Aires,Argentina,2015-06-20,87.6,54.3,96.0,2.45,10.0,70.1,6.0,39.5,35.4,1.7
Cairo,Egypt,2015-10-05,161.6,80.4,159.5,2.15,17.7,79.2,20.8,39.9,43.8,2.2
London,UK,2019-04-14,44.6,21.0,29.9,2.1,9.8,64.6,4.5,32.9,89.0,13.3
Los Angeles,USA,2018-04-15,58.5,40.1,78.0,2.23,10.8,24.7,8.4,-1.0,56.8,11.0
Tehran,Iran,2017-07-01,194.1,119.0,156.0,4.73,33.4,30.7,18.9,28.0,82.1,10.9
Delhi,India,2022-01-18,201.1,101.2,176.2,4.26,21.5,52.1,23.1,-3.8,86.7,14.3
Seoul,South Korea,2019-05-12,56.2,24.9,35.7,2.16,15.5,21.9,6.7,38.4,68.1,12.3
Johannesburg,South Africa,2015-06-27,95.9,58.9,103.8,0.38,19.5,48.2,9.8,14.5,88.0,13.4
Tokyo,Japan,2017-02-18,77.1,44.7,83.2,2.05,13.5,39.5,4.0,36.6,46.2,5.8
Los Angeles,USA,2021-04-26,56.2,31.4,48.7,4.45,14.9,78.6,6.4,,44.3,1.9
Nairobi,Kenya,2023-12-26,55.5,37.3,66.9,1.36,8.7,62.6,7.4,32.8,65.1,2.8
London,UK,2017-06-18,54.2,34.6,,1.04,12.8,77.6,4.1,27.3,39.4,5.0
Stockholm,Sweden,2020-02-15,5.0,,5.2,0.38,1.0,23.4,0.3,26.1,37.6,1.1
Lagos,Nigeria,2020-05-24,70.4,32.6,59.9,3.24,17.4,42.2,4.3,31.2,30.5,6.0
Berlin,Germany,2015-07-19,65.8,29.6,47.7,3.3,18.0,42.3,5.4,11.6,57.6,5.0
Seoul,South Korea,2022-04-22,37.4,19.2,35.4,1.49,10.1,37.1,4.1,38.7,91.4,6.8
Dhaka,Bangladesh,2024-01-12,202.9,127.3,204.1,1.09,28.9,52.4,22.1,34.1,40.1,9.4
Seoul,South Korea,2022-09-15,52.6,28.5,44.9,0.86,14.6,26.5,4.0,28.0,33.6,1.6
Cairo,Egypt,2024-12-09,120.7,53.4,77.7,,12.5,67.6,15.5,17.5,90.0,0.7
Tehran,Iran,2019-04-27,135.6,64.6,118.4,1.11,37.3,44.3,8.6,-3.4,71.7,14.0
Istanbul,Turkey,2016-09-11,86.5,58.1,101.8,0.6,11.6,43.1,7.0,10.1,75.1,1.4
Berlin,Germany,2018-10-27,70.6,35.4,67.9,0.57,20.8,24.9,6.6,33.6,44.1,12.8
Tokyo,Japan,2019-04-12,58.1,27.3,50.1,0.81,14.8,60.5,6.6,14.5,57.6,2.0
Mumbai,India,2020-08-18,148.3,100.0,160.9,2.19,16.2,73.1,18.6,-0.9,31.3,2.3
Wuhan,China,2023-11-04,191.2,118.4,155.9,2.28,33.0,77.1,16.0,25.9,64.2,11.2
Delhi,India,2016-10-14,186.2,126.5,252.3,2.91,24.7,72.2,21.4,23.1,86.4,11.1
Chengdu,China,2022-05-28,156.4,71.9,112.8,4.85,21.6,55.5,9.1,32.5,70.1,8.1
Delhi,India,2024-01-28,190.5,82.9,157.8,1.9,25.5,20.9,10.7,25.2,73.9,2.7
Lagos,Nigeria,2017-11-15,131.9,79.1,131.6,1.63,25.4,34.8,15.5,21.7,42.2,0.7
Paris,France,2023-09-25,47.1,19.6,33.0,4.3,10.6,55.2,5.7,8.9,49.2,1.7
Mumbai,India,2018-03-05,192.8,85.2,136.2,0.39,50.2,47.7,15.0,29.6,92.8,6.3
Sydney,Australia,2021-12-27,71.0,35.2,64.5,4.84,16.3,34.3,8.4,33.0,50.3,9.5
Lima,Peru,2016-05-14,37.7,24.5,33.5,0.56,7.8,54.9,5.3,4.1,78.4,9.8
London,UK,2017-05-24,39.9,26.8,45.5,2.4,6.3,26.4,3.5,13.6,62.6,13.0
Toronto,Canada,2019-12-05,62.9,39.0,,1.08,10.0,27.4,8.8,22.5,84.8,12.4
London,UK,2018-04-29,33.6,,35.5,1.4,3.7,40.8,3.4,-2.5,52.0,4.2
Wuhan,China,2023-06-19,145.1,61.4,105.4,4.75,37.9,70.0,17.9,38.0,91.3,11.8
Cairo,Egypt,2019-11-20,121.1,59.5,81.2,0.74,29.9,21.7,15.9,11.5,34.4,6.4
Karachi,Pakistan,2019-04-21,202.1,92.9,173.8,3.83,57.2,74.8,25.6,36.6,39.4,2.8
Lahore,Pakistan,2024-08-27,174.3,113.7,172.7,4.15,30.4,68.0,23.5,25.5,93.5,11.1
Buenos Aires,Argentina,2016-03-29,54.3,34.2,62.5,4.25,8.0,76.9,4.1,16.6,35.9,6.8
Mexico City,Mexico,2015-08-12,24.9,13.6,20.1,2.12,5.4,73.9,2.3,20.9,88.3,12.7
Lagos,Nigeria,2019-03-27,146.1,90.5,166.3,1.05,28.1,61.7,13.2,20.4,77.0,7.8
Tokyo,Japan,2023-01-07,42.7,21.5,33.4,1.18,12.7,56.4,3.0,2.4,37.1,10.9
Lagos,Nigeria,2022-07-12,113.1,63.8,121.8,3.87,16.2,69.1,16.6,27.2,79.0,4.4
Jakarta,Indonesia,2022-12-03,84.4,38.2,69.8,2.16,14.5,37.1,7.9,30.6,90.6,6.5
Johannesburg,South Africa,2023-06-11,84.3,58.0,84.0,4.6,25.1,26.0,11.7,23.8,81.3,2.1
Nairobi,Kenya,2016-08-24,84.1,49.4,81.9,2.93,20.9,37.9,12.1,8.8,85.8,0.7
Delhi,India,2020-11-10,157.8,85.8,115.7,1.3,45.9,45.1,8.3,18.2,94.6,5.3
Beijing,China,2017-01-06,201.8,119.7,232.7,4.34,46.7,31.0,25.9,32.0,,6.4
Mexico City,Mexico,2020-05-05,123.3,76.6,105.0,0.39,,21.0,13.9,15.4,78.3,1.8
Ho Chi Minh City,Vietnam,2015-01-27,113.1,48.4,93.6,3.93,23.4,46.8,13.6,11.3,69.1,2.7
Cairo,Egypt,2024-01-08,151.0,98.9,162.7,3.05,34.1,42.4,18.1,22.4,46.6,4.6
Lahore,Pakistan,2018-04-26,159.7,77.5,110.2,4.22,,34.3,21.5,,44.9,5.3
Istanbul,Turkey,2016-06-23,141.8,59.8,86.5,1.57,26.8,69.4,10.3,31.3,,3.4
Johannesburg,South Africa,2016-04-06,116.7,66.0,114.3,4.07,26.9,64.1,11.0,21.5,38.5,5.8
Mexico City,Mexico,2018-09-21,112.7,63.7,91.1,4.69,13.2,23.1,15.3,,49.7,14.6
Jakarta,Indonesia,2020-02-08,104.2,45.6,74.6,0.55,17.9,24.3,6.9,35.2,83.3,12.9
Dhaka,Bangladesh,2019-02-07,218.9,133.0,219.5,0.87,55.8,73.4,16.8,19.3,56.8,11.1
Toronto,Canada,2022-09-21,51.1,27.4,44.5,1.36,6.9,22.3,6.7,13.1,,8.5
Stockholm,Sweden,2018-08-18,14.6,9.1,14.2,1.13,2.6,67.1,0.9,18.2,75.6,11.4
Cairo,Egypt,2021-08-25,150.2,81.1,154.1,1.28,44.8,45.2,11.6,,29.4,11.5
Lagos,Nigeria,2022-11-11,93.2,51.0,96.7,1.28,16.2,67.8,10.9,,38.8,2.3
Lagos,Nigeria,2020-03-25,89.1,60.9,105.7,2.85,24.2,55.5,9.6,4.1,66.5,10.2
Ho Chi Minh City,Vietnam,2023-04-03,89.1,50.9,100.8,0.65,9.0,22.2,11.9,-4.9,36.6,14.7
Mexico City,Mexico,2016-04-26,99.7,46.2,89.1,4.17,11.2,68.8,9.2,20.2,28.1,6.3
Karachi,Pakistan,2019-03-05,205.9,116.2,153.7,1.06,27.2,73.3,28.9,31.3,33.1,12.7
Ho Chi Minh City,Vietnam,2017-05-14,168.6,95.5,173.2,0.54,37.0,35.1,16.8,12.3,71.5,7.6
Los Angeles,USA,2018-09-24,19.0,11.3,15.0,4.32,5.5,34.2,2.7,35.8,67.0,7.9
Dhaka,Bangladesh,2023-02-23,149.4,83.0,151.1,0.74,23.5,43.7,10.5,5.4,77.1,3.0
Wuhan,China,2024-08-22,136.8,63.1,116.6,2.37,25.6,51.5,8.1,39.4,83.5,4.7
Paris,France,2023-04-01,33.0,19.3,33.1,1.76,5.6,51.5,4.6,-0.1,58.2,6.8
Stockholm,Sweden,2024-05-30,32.8,20.0,38.7,1.72,5.6,33.6,3.8,6.4,37.6,14.8
Paris,France,2023-08-03,74.2,47.8,94.6,4.86,12.4,51.1,10.6,-3.8,88.7,12.9
Seoul,South Korea,2018-09-07,84.1,35.3,56.8,2.17,12.6,42.3,5.8,15.2,50.6,9.3
Lagos,Nigeria,2015-06-12,152.4,69.5,110.6,2.94,31.9,59.7,11.7,23.6,35.1,2.3
Dhaka,Bangladesh,2018-05-08,148.1,76.9,111.5,1.95,,67.7,17.6,31.7,47.4,12.5
Lahore,Pakistan,2015-04-14,161.9,78.2,141.1,0.57,33.1,29.4,21.6,13.6,65.3,8.9
Beijing,China,2017-03-01,164.8,81.5,112.3,1.76,22.8,22.4,14.5,25.6,28.5,9.0
Chengdu,China,2015-04-30,133.1,56.0,76.4,1.29,25.7,46.7,13.0,11.9,86.0,13.3
Tokyo,Japan,2019-02-28,30.1,18.3,36.6,4.15,5.0,31.5,4.0,13.1,63.9,1.1
Lagos,Nigeria,2019-06-03,93.3,43.0,78.8,3.4,17.0,52.0,9.7,5.1,29.7,12.2
Buenos Aires,Argentina,2020-01-20,58.2,25.8,45.6,2.84,14.8,25.6,6.2,16.9,84.1,3.2
Paris,France,2019-04-17,52.5,23.4,37.8,4.44,12.3,64.7,3.1,15.3,82.9,12.6
Mexico City,Mexico,2024-08-27,106.8,71.6,140.9,4.66,27.2,32.7,6.8,26.5,30.5,14.3
Wuhan,China,2018-05-09,160.2,65.5,92.1,1.67,38.6,64.2,11.4,24.2,22.4,2.0
Mumbai,India,2018-11-22,195.2,103.7,143.5,4.67,36.6,49.8,26.4,21.4,42.6,8.3
Wuhan,China,2016-06-05,167.5,111.7,163.6,2.93,47.6,22.7,11.6,10.6,70.9,12.7
São Paulo,Brazil,2016-12-27,100.9,44.9,66.5,3.74,13.4,69.7,10.0,15.1,30.1,10.4
Lahore,Pakistan,2020-03-26,153.6,93.3,142.0,3.58,31.0,71.2,14.7,5.7,27.6,4.6
Lagos,Nigeria,2018-06-23,49.4,26.0,42.1,3.9,14.4,35.7,7.1,5.3,76.6,10.4
Buenos Aires,Argentina,2020-01-20,44.7,27.6,,4.67,10.6,67.2,2.6,2.3,39.7,8.2
Lagos,Nigeria,2015-05-29,89.4,56.6,101.8,3.81,23.8,70.1,11.4,-2.0,66.7,0.8
Mexico City,Mexico,2017-11-18,169.5,70.9,141.0,3.19,23.1,48.1,22.5,3.1,60.3,0.6
Bangkok,Thailand,2021-09-20,86.4,48.3,67.7,4.66,16.7,33.9,10.7,35.2,88.5,6.8
Lahore,Pakistan,2016-01-24,133.1,90.4,120.8,3.83,18.0,47.9,19.4,21.2,59.3,1.4
Bangkok,Thailand,2021-07-13,74.8,38.1,71.1,0.96,10.9,52.5,4.8,12.2,93.7,8.4
Karachi,Pakistan,2020-04-09,179.6,107.6,155.8,4.28,22.3,75.3,12.9,38.0,79.8,3.0
Chengdu,China,2019-09-27,154.8,92.5,154.0,3.18,16.4,24.8,18.5,33.2,47.0,2.9
Delhi,India,2015-07-12,171.4,89.8,156.3,2.22,47.9,44.1,11.7,6.2,54.9,11.8
Jakarta,Indonesia,2015-11-17,109.5,70.8,119.4,2.2,14.2,60.3,14.4,15.7,53.5,11.5
Bangkok,Thailand,2021-02-28,114.2,72.6,,4.33,17.4,30.2,6.1,32.5,24.5,14.3
Tokyo,Japan,2023-06-14,92.1,44.9,83.8,4.75,16.0,70.1,11.7,21.5,47.6,6.5
Stockholm,Sweden,2016-03-31,58.3,30.8,61.4,2.01,13.6,39.2,5.6,-1.2,77.2,10.1
Nairobi,Kenya,2018-01-01,112.4,,90.6,2.51,30.6,71.7,6.3,30.2,75.0,1.1
Ho Chi Minh City,Vietnam,2015-08-18,132.2,78.0,110.6,0.88,28.1,23.5,8.8,37.7,75.9,9.4
Jakarta,Indonesia,2019-08-28,111.5,69.8,91.0,0.51,30.6,68.8,13.3,17.5,30.9,2.0
Dhaka,Bangladesh,2023-11-14,131.1,67.5,120.6,2.44,32.3,31.6,12.9,12.0,38.4,9.2
Berlin,Germany,2024-01-03,120.2,53.2,83.0,1.83,30.5,22.1,9.4,36.3,42.5,2.7
Sydney,Australia,2024-03-11,31.3,13.0,20.7,4.32,9.1,34.9,2.5,20.5,37.0,2.7
Johannesburg,South Africa,2016-02-29,53.2,33.9,52.2,3.88,7.2,51.7,6.7,15.2,25.4,11.2
Beijing,China,2016-06-24,122.7,60.7,121.1,4.42,13.2,55.6,10.5,-3.3,20.8,9.0
Los Angeles,USA,2022-11-18,42.7,26.9,50.3,3.39,7.8,79.3,3.4,18.2,59.0,6.7
São Paulo,Brazil,2021-10-22,134.8,68.2,99.0,4.53,31.1,37.3,14.4,33.4,90.1,1.6
Cairo,Egypt,2018-05-06,128.9,,177.4,3.39,34.7,37.8,18.3,21.6,58.2,12.6
Bangkok,Thailand,2019-02-02,115.5,47.1,80.9,4.16,24.2,76.1,16.1,18.8,50.3,1.3
Buenos Aires,Argentina,2017-04-14,132.5,72.8,,1.16,38.2,63.7,14.1,4.3,50.0,5.5
Chengdu,China,2015-12-29,139.7,64.0,113.0,4.54,37.4,40.4,9.1,11.3,49.6,8.3
Sydney,Australia,2015-08-26,31.5,14.9,27.6,3.98,6.3,53.2,4.5,35.9,82.2,5.9
Beijing,China,2019-12-11,155.5,73.8,137.9,3.22,24.3,70.5,19.2,17.6,23.3,13.6
Mexico City,Mexico,2023-03-17,122.2,54.5,90.6,,24.9,48.4,9.6,29.6,26.7,3.9
Delhi,India,2024-10-19,162.6,73.7,,0.44,23.6,22.4,22.4,35.0,72.4,9.1
Bangkok,Thailand,2016-06-29,129.1,64.4,103.7,4.91,34.8,45.1,18.1,-0.6,,13.4
Mexico City,Mexico,2023-10-23,83.7,41.6,78.1,1.58,10.8,53.1,5.3,11.1,63.5,3.5
Dhaka,Bangladesh,2015-12-23,149.6,88.3,151.8,2.93,42.8,75.6,16.0,28.2,80.4,2.1
Wuhan,China,2018-02-17,145.9,58.6,76.2,1.76,37.7,75.3,13.1,23.4,55.4,4.6
Johannesburg,South Africa,2021-01-18,141.0,82.5,112.1,4.2,15.2,61.4,9.0,19.6,29.6,14.6
São Paulo,Brazil,2019-01-11,103.4,66.0,122.6,0.87,22.1,79.9,9.1,-0.7,77.3,9.1
London,UK,2017-06-07,5.0,2.7,4.6,1.42,1.4,44.7,0.6,37.5,51.2,7.2
London,UK,2019-05-20,52.2,26.8,44.7,1.38,5.5,35.5,6.2,33.6,29.8,10.2
Delhi,India,2024-08-14,162.1,107.2,182.9,3.31,19.9,27.2,16.2,27.3,34.7,8.4
Sydney,Australia,2019-05-06,5.0,3.2,4.7,4.56,1.0,24.9,0.3,29.3,84.2,4.0
Nairobi,Kenya,2024-02-29,83.9,37.8,61.0,,18.8,44.4,5.5,27.7,40.7,8.7
Toronto,Canada,2018-04-09,51.4,29.1,42.9,3.63,11.0,44.2,2.8,9.9,46.4,12.0
Los Angeles,USA,2022-10-01,55.9,31.4,44.5,1.34,,46.6,6.8,29.2,27.2,7.7
Istanbul,Turkey,2021-07-16,96.5,51.3,77.5,2.54,19.6,56.0,8.5,37.5,,13.5
Buenos Aires,Argentina,2020-02-10,54.7,36.1,59.4,3.49,14.3,74.5,3.9,38.9,92.4,4.8
Los Angeles,USA,2023-11-02,5.0,2.1,2.9,3.04,1.2,52.1,0.6,30.7,32.6,10.1
Dhaka,Bangladesh,2022-03-14,166.2,87.4,166.5,1.32,22.7,63.3,24.5,15.1,46.3,4.2
Karachi,Pakistan,2022-09-10,157.6,71.5,97.6,2.62,46.6,67.2,17.4,16.9,66.3,6.0
Jakarta,Indonesia,2020-07-17,131.2,62.4,94.8,3.43,31.2,42.3,18.2,13.0,72.4,3.5
Toronto,Canada,2024-01-23,76.2,43.0,57.0,0.5,11.7,69.7,5.5,34.9,73.7,10.5
Karachi,Pakistan,2019-07-22,171.7,102.1,165.1,4.4,19.1,40.7,13.5,12.9,56.0,14.4
London,UK,2022-01-11,51.0,29.7,39.1,2.91,5.8,41.6,4.1,24.2,21.3,11.9
Nairobi,Kenya,2022-07-23,85.9,59.1,95.8,1.2,14.9,75.7,5.3,35.1,59.7,1.5
Nairobi,Kenya,2018-05-03,101.3,47.9,81.6,1.02,29.2,32.7,11.5,32.4,64.7,10.0
Chengdu,China,2015-01-20,188.5,123.0,191.2,4.85,43.0,29.2,10.7,19.5,75.6,0.8
Dhaka,Bangladesh,2015-01-09,194.4,111.5,222.2,3.77,,25.2,25.5,31.4,54.3,1.0
São Paulo,Brazil,2021-04-30,117.5,52.1,84.6,2.77,20.4,79.4,14.8,32.4,38.1,6.1
São Paulo,Brazil,2015-10-08,69.6,48.7,72.0,0.77,9.8,54.3,5.8,2.4,55.1,10.2
Beijing,China,2017-04-02,165.0,72.9,115.1,1.77,32.7,38.8,21.0,12.2,46.3,14.6
Beijing,China,2017-04-05,156.9,68.9,102.5,3.7,23.9,60.8,22.2,11.8,34.4,10.9
Beijing,China,2018-11-18,162.9,93.5,166.2,3.76,37.3,40.3,21.8,37.1,42.7,4.6
Bangkok,Thailand,2021-03-26,83.1,57.8,81.7,2.63,11.5,44.6,7.3,20.7,22.6,12.2
Cairo,Egypt,2018-01-13,138.9,65.2,98.2,0.4,23.4,74.0,8.0,36.8,48.5,11.2
Paris,France,2023-01-10,77.5,33.3,58.0,4.93,17.8,56.5,7.3,7.8,,2.7
Lagos,Nigeria,2016-03-17,75.0,47.8,62.5,1.81,15.2,75.7,8.0,8.3,46.4,5.4
Beijing,China,2019-07-05,158.8,70.4,115.2,1.57,18.8,33.0,16.2,6.6,37.8,9.5
Seoul,South Korea,2018-11-09,79.8,50.2,89.6,0.63,13.7,63.4,5.4,3.8,67.3,4.6
Berlin,Germany,2024-10-12,5.0,2.8,5.1,2.64,1.4,26.4,0.6,19.5,81.3,5.1
Johannesburg,South Africa,2022-08-15,101.8,52.2,97.9,3.51,18.5,78.2,5.4,12.2,,14.1
Sydney,Australia,2017-01-16,46.5,27.4,49.3,1.17,6.0,22.9,3.1,31.4,90.8,13.6
Beijing,China,2015-08-23,183.7,118.2,158.9,1.31,52.9,64.4,24.5,18.1,49.5,9.9
São Paulo,Brazil,2021-03-25,96.3,49.3,,1.04,19.8,51.2,10.5,0.2,88.6,11.3
Delhi,India,2016-09-03,186.6,93.8,142.9,4.25,31.5,57.9,19.4,6.8,44.9,14.2
Wuhan,China,2017-01-30,140.5,66.7,108.4,2.16,32.7,28.2,12.0,5.9,42.0,10.8
Lagos,Nigeria,2023-03-25,119.0,62.3,102.2,3.58,,68.3,9.1,33.6,82.3,12.9
London,UK,2015-04-21,69.8,30.9,53.7,4.78,8.5,64.3,4.4,37.8,80.0,4.7
Bangkok,Thailand,2018-02-11,131.2,73.2,138.8,,24.4,29.8,11.5,27.0,63.8,1.8
Sydney,Australia,2016-06-27,5.0,3.0,5.4,3.16,0.8,29.8,0.4,31.3,56.6,5.6
Buenos Aires,Argentina,2021-09-12,23.3,15.5,30.4,4.25,4.1,53.6,3.1,-2.7,60.0,6.3
Dhaka,Bangladesh,2018-06-06,120.5,60.9,106.4,2.26,19.8,54.0,10.5,-3.4,51.3,3.3
Delhi,India,2018-04-24,191.5,98.5,196.0,2.03,28.5,48.4,27.7,24.9,74.8,2.9
Johannesburg,South Africa,2020-06-25,112.4,77.7,153.5,1.81,28.7,27.2,14.4,7.9,41.7,7.9
Tokyo,Japan,2016-09-07,67.0,31.1,50.1,1.39,18.2,40.3,9.3,9.7,33.5,8.9
Tehran,Iran,2024-06-14,111.4,65.3,98.7,1.8,16.4,75.7,13.2,29.0,34.6,10.1
Sydney,Australia,2023-05-26,6.0,3.7,,3.01,0.8,35.7,0.7,22.6,61.6,11.6
Lagos,Nigeria,2015-12-24,96.7,39.0,56.0,4.67,18.5,27.9,9.2,30.7,57.6,14.1
Lahore,Pakistan,2017-01-30,144.6,88.4,137.0,3.99,23.4,39.8,15.1,-3.9,32.7,12.8
Paris,France,2021-08-18,46.4,21.2,39.1,0.83,9.0,50.5,4.9,11.3,84.2,4.9
Lahore,Pakistan,2019-10-07,197.2,127.7,182.5,2.81,39.5,44.9,20.4,8.2,59.9,10.4
Mexico City,Mexico,2021-06-10,94.4,65.2,92.3,1.99,18.3,22.5,9.9,34.1,87.6,5.2
Buenos Aires,Argentina,2021-01-01,43.2,24.1,37.5,2.08,5.1,44.4,2.9,8.6,44.8,6.7
Lagos,Nigeria,2021-08-02,134.4,79.2,157.0,3.08,35.1,70.0,16.7,25.1,51.3,8.7
Lagos,Nigeria,2021-09-09,131.7,67.9,121.3,0.45,23.4,77.8,14.1,17.5,38.6,7.6
Toronto,Canada,2017-07-20,11.8,5.9,10.0,3.47,2.1,37.0,0.8,-0.4,38.1,0.8
Chengdu,China,2018-03-22,69.4,29.1,40.5,4.33,16.3,25.7,8.2,0.9,74.9,14.2
Berlin,Germany,2016-04-07,64.5,41.8,72.4,0.32,16.6,44.2,8.9,20.8,34.4,1.3
Ho Chi Minh City,Vietnam,2021-11-03,162.9,67.1,125.7,2.21,33.5,52.0,14.4,3.4,25.9,3.5
Beijing,China,2015-04-18,166.1,100.4,178.1,4.57,31.8,65.5,19.4,37.2,70.2,3.1
London,UK,2021-01-02,71.6,47.1,75.4,3.29,20.8,77.5,4.1,-4.9,92.0,8.3
Los Angeles,USA,2022-08-22,91.1,61.4,98.4,2.37,12.1,74.3,10.5,3.1,62.0,5.3
Beijing,China,2017-08-15,167.2,95.2,176.4,1.47,47.4,51.1,11.8,13.6,89.3,7.4
Paris,France,2015-11-16,9.1,4.1,,2.32,2.6,72.0,1.1,25.3,35.9,9.2
Cairo,Egypt,2015-04-22,132.1,89.7,116.9,2.26,22.0,77.7,19.5,21.4,61.3,13.6
Beijing,China,2015-11-21,97.0,55.2,72.7,4.85,15.9,51.2,8.9,35.2,95.0,1.5
Beijing,China,2023-10-26,131.1,68.4,136.7,1.98,20.4,70.8,17.9,,42.4,9.9
Tokyo,Japan,2017-02-10,49.4,26.9,37.7,1.73,7.9,61.7,3.9,35.4,93.7,1.7
Mumbai,India,2024-02-02,149.9,71.9,112.7,0.96,23.4,64.9,12.7,4.4,28.1,5.5
Mexico City,Mexico,2015-06-03,69.7,33.2,52.9,4.78,14.7,51.9,6.3,20.1,93.8,4.2
Stockholm,Sweden,2019-09-08,5.0,2.7,4.8,2.81,0.5,38.4,0.3,36.7,79.6,14.8
Berlin,Germany,2020-11-27,65.2,35.4,67.8,3.46,13.4,42.2,7.7,21.6,66.1,6.3
Mumbai,India,2015-10-20,144.5,67.5,102.1,1.47,42.4,29.4,17.1,18.0,22.6,3.6
Istanbul,Turkey,2022-08-12,91.0,58.7,100.4,0.66,11.6,63.8,11.4,38.1,35.4,9.9
Wuhan,China,2015-01-06,150.2,76.6,123.9,,31.6,56.4,13.7,11.8,69.2,1.3
Karachi,Pakistan,2017-09-02,146.9,101.7,136.1,3.63,22.1,45.8,11.3,4.6,53.1,5.9
Lagos,Nigeria,2015-09-13,122.9,69.4,108.4,3.4,34.0,58.5,14.8,1.7,73.5,14.8
Tokyo,Japan,2016-08-11,41.1,21.5,41.2,3.08,5.1,78.7,4.6,-0.2,62.9,11.0
Tokyo,Japan,2019-05-01,58.4,28.9,45.3,4.23,15.5,20.5,3.6,10.7,42.7,1.9
Toronto,Canada,2020-02-21,5.0,3.0,,2.0,1.0,22.7,0.3,24.1,56.4,9.2
Tokyo,Japan,2016-10-18,68.4,33.6,,3.47,11.4,72.4,6.1,-3.0,93.8,7.6
Delhi,India,2020-08-03,162.7,109.0,207.4,0.48,42.6,49.4,19.1,1.6,70.1,3.8
Los Angeles,USA,2021-11-17,42.7,29.8,39.8,1.86,8.8,32.4,6.2,15.7,72.0,5.7
Jakarta,Indonesia,2021-03-21,97.5,47.9,71.6,4.28,10.0,73.6,8.7,22.8,80.4,7.2
Tokyo,Japan,2021-09-22,28.9,18.7,32.8,3.08,2.9,77.6,1.8,3.3,94.0,1.8
Cairo,Egypt,2018-04-10,133.4,57.2,103.7,4.48,22.7,38.7,19.1,-1.6,46.1,10.0
Mexico City,Mexico,2024-08-15,144.6,94.6,177.2,1.1,33.2,71.1,8.6,6.0,93.3,7.2
Lima,Peru,2021-08-29,70.4,35.6,56.0,4.5,10.0,36.7,7.0,9.0,86.9,9.7
Lima,Peru,2019-03-13,67.2,41.9,64.2,3.16,17.9,40.7,3.6,-5.0,84.5,8.4
São Paulo,Brazil,2019-07-04,81.7,47.3,67.1,0.48,12.1,79.5,7.5,36.6,39.5,10.9
Seoul,South Korea,2016-02-06,84.3,50.2,99.0,0.44,25.1,48.3,10.7,24.1,38.6,5.3
Mumbai,India,2019-06-02,170.7,108.0,200.8,4.16,46.0,61.3,21.2,21.5,37.0,1.7
Beijing,China,2020-05-28,178.1,121.9,228.0,4.96,19.4,21.9,21.1,-3.8,86.8,7.3
Karachi,Pakistan,2016-03-21,148.4,70.5,123.3,3.59,23.4,42.0,15.6,12.3,56.9,7.1
São Paulo,Brazil,2022-09-07,71.1,28.6,53.6,0.83,11.1,47.1,9.6,29.5,31.2,7.0
Paris,France,2021-07-04,26.2,18.0,34.1,1.01,4.9,46.7,3.8,30.8,80.7,5.8
São Paulo,Brazil,2022-08-12,108.7,74.8,129.1,2.79,29.8,74.3,6.4,26.4,67.1,3.5
Delhi,India,2022-03-21,164.1,79.7,113.0,1.44,46.5,75.0,12.4,4.1,54.1,10.1
Lima,Peru,2018-08-29,83.9,38.7,56.5,4.42,14.5,75.3,5.1,36.9,88.6,8.3
Lagos,Nigeria,2022-06-10,84.8,43.2,75.6,0.88,18.2,60.7,5.6,36.0,76.8,8.2
Lagos,Nigeria,2018-11-09,120.4,57.3,93.0,2.83,23.1,25.0,14.9,5.8,75.4,13.0
Jakarta,Indonesia,2019-04-08,99.7,60.9,110.1,3.96,19.3,28.3,9.2,28.7,84.2,1.7
Dhaka,Bangladesh,2016-05-17,172.7,72.7,104.9,4.19,43.5,33.0,10.4,-1.4,57.5,10.6
Johannesburg,South Africa,2020-08-31,105.5,44.9,73.9,1.33,14.4,66.5,11.7,9.2,54.5,3.7
Bangkok,Thailand,2016-12-07,87.2,44.9,66.3,1.82,15.0,38.8,5.1,1.7,,5.8
Mexico City,Mexico,2018-10-12,155.8,95.9,162.5,2.41,36.3,55.1,19.2,39.7,43.6,5.3
Ho Chi Minh City,Vietnam,2022-08-23,118.9,78.1,150.5,2.16,18.2,44.0,8.2,-2.3,79.8,8.8
Los Angeles,USA,2021-03-20,67.3,31.2,52.7,2.19,13.5,25.4,9.6,29.4,75.6,8.9
Wuhan,China,2020-06-26,151.7,79.5,145.7,1.0,40.0,46.6,19.7,17.3,23.9,9.3
Istanbul,Turkey,2016-11-14,71.3,38.4,70.9,1.35,7.5,37.2,4.7,10.5,35.6,1.9
Chengdu,China,2019-01-13,143.0,57.3,105.4,2.48,39.0,23.2,9.5,6.6,86.6,5.6
Tehran,Iran,2021-10-09,103.8,66.5,100.5,1.94,24.0,43.0,5.4,39.5,37.9,4.0
Seoul,South Korea,2024-08-29,85.2,58.1,103.9,3.39,14.7,68.8,8.3,15.6,94.6,9.3
Lahore,Pakistan,2022-01-11,133.0,74.1,104.8,4.94,30.7,28.9,16.5,14.8,81.7,4.5
Dhaka,Bangladesh,2016-12-20,203.1,88.6,116.1,0.71,38.1,44.1,13.9,-3.0,71.9,3.4
Karachi,Pakistan,2015-05-14,194.8,83.9,130.5,2.55,28.0,50.2,12.2,-4.9,72.4,12.6
Dhaka,Bangladesh,2017-03-17,159.0,93.5,123.7,0.74,46.4,60.7,19.0,-0.4,37.5,6.2
Tokyo,Japan,2016-01-21,18.9,12.1,20.9,1.23,4.8,52.4,1.3,32.9,35.7,10.5
Chengdu,China,2020-07-29,145.8,70.9,139.8,3.87,38.7,38.8,12.4,2.8,53.5,15.0
Toronto,Canada,2019-02-13,86.3,53.2,96.7,1.25,9.6,27.3,10.5,15.5,87.9,5.8
Jakarta,Indonesia,2020-10-15,117.4,76.8,102.4,1.99,25.7,51.4,14.4,34.7,76.9,5.0
Delhi,India,2019-12-14,192.2,102.5,138.0,3.56,39.8,60.7,22.6,2.0,44.7,0.8
London,UK,2019-02-06,47.1,30.9,40.8,4.3,11.2,63.5,6.6,37.5,42.1,13.8
Stockholm,Sweden,2018-10-15,5.0,2.5,3.5,4.83,0.6,78.5,0.4,,61.6,13.7
Jakarta,Indonesia,2017-06-09,106.8,57.7,109.1,0.86,26.2,46.2,10.8,21.1,40.7,1.9
Bangkok,Thailand,2016-01-12,117.7,62.3,92.7,3.27,28.6,50.2,13.2,20.2,20.3,12.7
Lahore,Pakistan,2022-08-13,142.3,85.2,130.1,0.63,15.5,34.2,16.6,27.3,29.6,2.5
Bangkok,Thailand,2017-11-23,93.6,64.3,108.5,3.65,,26.3,13.5,-1.8,77.0,14.7
Seoul,South Korea,2021-03-14,92.5,59.1,116.0,3.56,15.5,49.7,11.7,30.5,25.6,9.4
Johannesburg,South Africa,2021-10-25,52.8,33.5,43.8,1.36,,62.4,5.6,-1.5,75.4,12.7
Delhi,India,2020-06-14,214.5,122.3,195.6,4.83,54.9,44.7,30.2,39.7,43.1,13.4
São Paulo,Brazil,2022-10-28,96.0,44.6,63.0,1.98,20.4,63.2,13.5,2.1,63.4,8.5
Lima,Peru,2022-09-17,32.9,18.8,36.2,1.23,7.7,25.6,3.4,25.4,70.3,11.2
Karachi,Pakistan,2016-12-02,154.1,96.8,157.8,1.82,25.3,30.5,18.8,2.1,67.7,10.1
Stockholm,Sweden,2015-06-16,92.0,36.8,54.9,2.08,26.3,47.9,9.3,24.9,,6.8
Cairo,Egypt,2020-11-01,125.9,81.0,145.1,2.56,21.3,55.5,11.9,16.0,36.6,12.0
Wuhan,China,2020-03-27,127.8,61.8,87.3,4.33,19.6,61.9,7.7,,31.0,2.8
Lima,Peru,2015-04-18,44.6,25.8,41.5,4.02,13.3,31.3,2.5,15.8,41.6,10.2
Mexico City,Mexico,2024-09-17,43.2,20.0,29.0,2.12,10.2,40.2,3.6,14.1,94.3,1.8
Karachi,Pakistan,2019-06-10,169.5,109.9,173.5,0.55,,43.9,16.6,-1.1,71.9,10.8
Johannesburg,South Africa,2017-08-31,60.1,36.6,52.9,3.6,15.6,67.0,3.2,36.9,73.6,12.3
Bangkok,Thailand,2024-06-25,80.4,44.9,78.7,1.99,15.4,62.7,9.4,21.7,23.7,4.7
Buenos Aires,Argentina,2024-07-22,5.0,3.1,4.8,4.57,1.0,49.0,0.4,1.0,20.7,10.3
São Paulo,Brazil,2019-07-25,66.2,32.9,63.0,2.55,18.3,23.7,8.9,36.9,88.5,5.4
Tokyo,Japan,2016-12-20,5.0,3.4,5.5,2.04,1.1,51.7,0.5,17.6,27.4,14.1
Paris,France,2017-01-02,81.5,46.6,61.7,,19.4,47.4,10.0,2.0,94.1,7.0
Nairobi,Kenya,2015-09-17,55.6,33.2,51.0,3.68,8.7,65.9,6.5,4.5,23.8,14.0
Lagos,Nigeria,2017-05-31,73.2,42.0,63.3,3.39,17.6,24.5,4.0,39.6,77.6,4.3
Sydney,Australia,2021-05-08,36.7,19.3,25.6,3.05,,52.6,4.7,34.9,50.5,6.5
Dhaka,Bangladesh,2021-10-30,192.2,115.0,199.5,2.58,43.9,62.2,27.4,31.0,46.9,6.8
Paris,France,2019-09-25,21.0,12.7,17.5,4.0,6.1,58.6,1.2,5.7,27.3,5.0
Buenos Aires,Argentina,2021-08-02,29.6,15.0,21.5,3.41,8.3,22.1,3.5,8.0,48.1,3.9
Stockholm,Sweden,2023-12-18,37.4,15.2,29.7,2.5,7.4,66.4,4.2,0.5,27.9,4.2
Bangkok,Thailand,2017-08-22,127.4,80.9,161.5,3.33,19.8,71.9,9.9,6.7,25.5,1.6
Mumbai,India,2019-05-26,168.8,85.4,153.6,1.9,27.3,49.3,8.8,17.1,94.3,12.1
Karachi,Pakistan,2022-01-16,162.3,96.8,157.1,4.18,19.4,34.0,21.0,33.2,59.7,0.8
Bangkok,Thailand,2023-11-11,86.8,56.1,89.3,1.19,22.6,47.5,9.6,32.0,59.2,2.1
London,UK,2020-07-16,41.6,20.2,40.4,0.33,8.2,62.3,5.9,,39.2,4.0
Lahore,Pakistan,2022-11-24,179.7,122.6,214.5,2.81,36.1,55.6,21.8,30.8,72.4,10.7
Tehran,Iran,2019-05-24,117.8,78.9,148.1,0.5,27.5,47.3,13.2,25.9,73.6,13.1
Mexico City,Mexico,2019-11-28,136.1,85.6,123.5,0.47,,55.2,13.9,26.3,83.2,2.9
Lahore,Pakistan,2020-08-13,177.1,,145.9,4.3,42.4,38.0,10.5,30.0,36.3,6.9
Delhi,India,2017-05-28,176.0,107.1,200.2,3.65,28.1,73.7,18.5,15.9,63.1,7.5
Jakarta,Indonesia,2016-02-01,179.5,94.5,174.2,3.87,27.9,25.8,24.3,2.6,22.3,6.3
London,UK,2018-07-15,27.4,17.1,31.6,0.52,5.7,28.1,2.7,10.7,35.1,14.2
Tokyo,Japan,2019-09-14,45.0,25.6,36.6,3.04,12.8,42.7,2.9,26.2,69.2,0.5
Buenos Aires,Argentina,2016-02-10,32.6,13.1,25.9,3.85,5.6,46.0,3.4,27.3,33.0,3.3
Paris,France,2020-09-13,65.1,45.3,86.7,2.9,12.1,34.2,7.1,26.1,71.7,0.6
Wuhan,China,2023-09-24,129.6,66.4,,2.19,17.3,33.9,10.8,-4.1,45.6,12.4
Paris,France,2019-04-04,89.1,40.6,72.5,0.4,11.7,54.9,10.4,8.3,40.8,0.8
Tokyo,Japan,2017-07-06,56.8,28.3,49.2,4.95,10.6,25.7,6.9,35.4,71.0,7.7
Nairobi,Kenya,2020-01-31,94.4,50.4,80.4,4.82,10.1,41.9,7.7,39.2,20.5,4.7
Sydney,Australia,2022-09-17,48.0,27.3,52.8,4.4,10.3,53.3,3.1,-2.3,,9.4
Buenos Aires,Argentina,2024-11-27,49.7,20.1,39.4,0.64,14.0,31.5,3.8,34.2,53.9,10.6
Nairobi,Kenya,2018-12-28,58.2,32.7,51.4,4.05,5.9,54.8,5.9,33.2,63.2,14.9
Berlin,Germany,2015-05-27,29.5,16.3,32.3,4.74,4.2,69.6,3.9,38.3,58.2,8.2
Delhi,India,2015-04-14,214.0,140.6,246.8,2.45,34.7,78.2,17.9,6.5,79.4,7.7
Karachi,Pakistan,2021-02-27,206.4,95.2,137.6,0.66,47.3,42.3,11.5,24.3,42.3,2.8
Johannesburg,South Africa,2015-05-29,84.5,49.4,98.6,0.69,24.2,72.9,10.8,-0.4,41.8,4.4
Wuhan,China,2021-12-05,139.3,60.7,113.6,3.51,37.9,33.4,15.6,33.3,23.8,8.5
Tehran,Iran,2015-03-12,96.2,39.4,64.7,3.1,23.9,25.2,8.8,6.6,35.5,4.1
London,UK,2020-02-12,6.6,4.1,6.6,0.6,1.1,26.6,0.5,0.8,92.9,13.3
Mumbai,India,2021-04-12,158.8,103.6,140.0,3.56,25.2,49.4,19.5,-3.4,33.2,9.9
Ho Chi Minh City,Vietnam,2019-01-19,113.8,54.3,76.3,4.65,31.1,74.6,7.1,36.6,63.6,10.2
Johannesburg,South Africa,2023-11-30,65.5,30.6,52.3,1.79,8.1,62.6,6.7,-3.2,70.4,13.0
London,UK,2022-01-08,35.8,24.3,37.3,0.71,8.7,74.1,2.9,6.9,73.6,11.1
Johannesburg,South Africa,2018-05-12,12.2,5.6,,4.65,3.2,42.1,1.8,11.4,37.6,14.5
Buenos Aires,Argentina,2018-11-05,5.4,2.4,3.9,1.0,1.3,29.4,0.3,14.8,27.1,12.3
Jakarta,Indonesia,2024-05-17,151.9,85.7,153.7,1.09,38.0,25.1,18.1,15.9,37.1,7.5
London,UK,2024-01-03,32.2,14.4,20.4,2.81,7.2,45.2,2.5,-2.0,23.7,1.1
Lagos,Nigeria,2022-12-31,98.0,68.2,132.9,0.5,20.6,58.0,5.4,27.8,94.1,6.7
Seoul,South Korea,2018-06-02,63.4,37.9,68.8,4.01,7.3,68.0,8.6,-3.0,22.9,8.5
Nairobi,Kenya,2016-04-24,85.8,48.1,84.7,2.83,8.7,70.6,6.0,5.4,68.6,7.4
Istanbul,Turkey,2022-06-29,173.2,95.2,151.5,2.57,22.2,78.2,18.6,7.9,73.5,13.3
Toronto,Canada,2024-07-28,20.3,9.4,17.6,3.05,2.3,79.8,2.2,35.0,57.6,8.9
Ho Chi Minh City,Vietnam,2019-10-03,73.7,38.8,56.4,4.82,10.0,51.6,4.3,39.7,61.7,12.3
Berlin,Germany,2018-01-26,46.7,24.9,40.3,0.31,8.1,77.1,5.5,36.4,35.0,7.6
Ho Chi Minh City,Vietnam,2022-02-16,171.7,97.9,141.4,3.7,27.8,61.3,11.0,1.0,46.1,15.0
Lima,Peru,2015-03-28,129.4,62.5,111.3,1.44,31.5,47.4,17.8,19.5,33.8,12.4
Cairo,Egypt,2015-08-25,154.6,65.8,87.7,0.94,41.6,39.2,15.5,22.1,75.8,12.5
Tehran,Iran,2020-11-18,100.8,58.7,98.9,1.67,19.1,64.4,11.4,16.7,40.4,10.2
Chengdu,China,2020-04-08,149.1,,117.6,1.12,25.0,74.5,18.7,35.1,83.2,7.2
Toronto,Canada,2024-05-23,56.0,,41.6,0.75,13.4,48.9,2.8,32.1,66.5,1.1
São Paulo,Brazil,2015-04-09,56.1,34.6,46.4,3.76,11.3,67.0,7.6,29.5,25.9,7.2
Wuhan,China,2017-05-19,175.9,76.9,146.7,4.96,52.4,67.8,17.0,3.0,65.6,9.4
Cairo,Egypt,2017-06-30,130.3,76.2,105.3,3.28,36.4,48.3,16.5,23.6,20.2,2.3
Dhaka,Bangladesh,2022-06-23,166.6,82.2,142.0,3.18,19.6,32.9,18.9,31.0,34.4,10.7
Stockholm,Sweden,2023-06-11,54.1,,37.8,4.3,9.4,36.2,6.7,13.0,73.0,2.3
Los Angeles,USA,2020-12-20,63.5,38.7,73.6,,14.7,59.4,3.4,14.9,61.3,10.1
Beijing,China,2021-05-03,135.0,81.5,128.5,3.66,18.5,38.3,19.6,29.1,87.4,3.4
Berlin,Germany,2021-07-03,58.9,23.8,31.8,3.93,13.8,32.8,5.5,24.5,21.1,10.3
Johannesburg,South Africa,2024-12-25,135.4,58.0,82.1,2.31,30.5,40.7,8.3,32.2,57.5,4.6
Paris,France,2020-02-27,12.4,6.0,9.3,1.53,3.7,35.5,1.4,3.6,61.8,7.9
São Paulo,Brazil,2016-02-20,37.8,19.2,36.6,1.7,10.4,44.4,4.4,-4.5,53.1,9.9
Tehran,Iran,2019-06-05,111.8,53.7,92.5,0.53,29.8,77.6,7.4,5.1,91.2,2.9
Seoul,South Korea,2019-02-10,36.1,23.0,40.8,3.5,5.2,42.6,2.4,2.3,57.2,10.3
Lima,Peru,2018-12-04,10.7,7.2,12.9,3.24,2.6,36.1,1.5,4.0,30.4,13.6
Ho Chi Minh City,Vietnam,2023-07-05,119.5,78.2,118.0,1.68,34.9,77.9,17.5,1.2,62.9,1.0
Los Angeles,USA,2019-04-05,46.3,24.7,36.5,0.52,8.2,26.5,5.9,12.5,22.3,4.4
Johannesburg,South Africa,2023-09-02,101.7,54.5,96.8,4.0,30.2,71.3,9.7,-0.3,69.8,6.6
London,UK,2021-01-12,15.3,6.5,12.2,1.17,3.7,63.6,1.2,20.0,73.4,2.4
Dhaka,Bangladesh,2019-01-31,160.4,98.7,147.7,0.8,32.7,68.4,12.9,6.7,35.6,7.4
Buenos Aires,Argentina,2017-12-06,73.9,41.3,70.0,0.85,16.6,60.7,6.7,22.0,37.5,9.8
Buenos Aires,Argentina,2019-03-31,54.2,31.2,46.0,4.01,14.4,26.3,7.4,29.9,61.5,1.3
Cairo,Egypt,2023-11-05,84.4,54.8,83.6,3.03,16.0,72.7,8.4,7.5,74.2,11.6
Cairo,Egypt,2023-11-13,124.8,77.9,103.9,4.2,24.5,28.8,18.5,24.3,86.9,3.1
Los Angeles,USA,2015-11-14,5.0,,3.6,2.81,1.2,46.2,0.4,-4.6,91.2,11.7
Seoul,South Korea,2024-10-09,127.7,86.3,164.4,0.57,28.5,33.5,17.6,31.9,32.8,11.9
London,UK,2017-11-06,75.1,51.2,87.0,4.16,21.4,51.1,9.3,24.8,70.4,8.0
Johannesburg,South Africa,2020-09-11,46.2,26.2,45.7,2.67,6.7,61.6,4.1,0.7,83.8,3.1
Stockholm,Sweden,2017-04-01,56.5,,36.4,1.0,6.5,37.0,5.8,2.8,92.8,10.6
Buenos Aires,Argentina,2023-09-21,104.6,63.3,101.5,2.51,29.1,63.3,11.4,37.8,69.7,6.3
Los Angeles,USA,2021-08-10,58.9,32.4,42.3,3.59,12.8,29.5,7.1,-4.1,,2.7
Mexico City,Mexico,2016-09-26,108.9,60.3,78.8,4.24,28.8,65.8,11.3,4.8,68.0,12.8
Johannesburg,South Africa,2018-01-13,74.1,31.9,46.1,0.81,11.5,54.8,9.8,-0.7,31.8,4.7
Nairobi,Kenya,2019-03-31,63.2,42.2,61.5,0.9,17.4,73.0,8.1,12.2,88.5,6.9
Nairobi,Kenya,2017-10-12,57.2,37.7,49.0,1.59,13.1,75.3,2.9,15.9,58.7,15.0
Beijing,China,2015-12-31,78.2,34.3,57.8,1.02,19.2,41.8,9.1,35.3,79.4,12.1
Lahore,Pakistan,2016-11-09,132.2,61.7,110.7,2.21,36.7,49.2,7.5,13.7,30.0,14.9
London,UK,2015-07-18,56.0,31.8,49.5,3.15,11.6,75.1,3.8,,85.3,14.0
Nairobi,Kenya,2015-07-21,76.3,43.9,77.6,4.97,10.2,37.7,8.0,4.7,63.5,11.8
Berlin,Germany,2015-12-01,52.7,26.4,37.5,3.52,12.5,46.3,5.8,30.9,75.0,10.3
Buenos Aires,Argentina,2023-11-19,86.7,36.9,63.0,4.48,9.3,43.9,7.7,6.4,63.1,3.0
Nairobi,Kenya,2016-11-11,125.2,55.9,110.5,0.35,24.7,22.2,17.2,30.9,36.9,2.5
Mexico City,Mexico,2018-06-23,107.5,45.2,85.8,4.31,22.6,75.2,9.1,3.0,42.8,2.3
Dhaka,Bangladesh,2022-02-01,171.0,107.4,153.9,2.86,26.7,27.9,12.7,22.0,68.8,3.2
Nairobi,Kenya,2022-10-23,28.2,16.8,25.7,1.54,8.1,74.0,2.8,22.2,69.3,10.0
London,UK,2019-12-15,99.8,53.5,85.4,1.7,13.5,35.8,10.5,,93.5,3.6
Mumbai,India,2019-01-03,203.8,87.4,149.6,1.19,36.3,53.4,10.4,33.8,52.9,9.5
Chengdu,China,2024-05-05,194.9,119.0,180.5,2.73,32.1,58.7,26.3,23.8,33.4,4.1
Wuhan,China,2015-12-01,105.8,48.9,67.5,3.5,16.3,74.4,7.3,6.0,83.9,8.8
Sydney,Australia,2023-08-04,68.8,28.5,42.5,4.43,17.3,20.2,7.1,6.0,94.1,14.8
Wuhan,China,2021-03-19,162.8,113.2,172.0,4.83,30.4,70.1,16.8,4.2,86.0,1.5
Paris,France,2018-12-02,6.6,4.3,8.1,3.38,1.0,51.9,0.7,35.0,32.0,7.2
Delhi,India,2022-06-05,141.6,65.9,,2.55,28.7,73.8,10.5,9.8,43.1,10.1
Istanbul,Turkey,2019-03-01,86.2,56.9,84.5,4.36,17.5,47.4,12.5,8.7,26.2,10.2
Cairo,Egypt,2016-07-22,114.9,65.3,95.8,0.65,12.8,77.5,8.8,21.2,56.3,5.8
Los Angeles,USA,2017-11-04,59.8,34.0,64.1,2.12,10.2,60.8,5.2,18.0,33.0,4.6
Delhi,India,2019-03-20,209.9,100.2,162.9,4.18,58.4,70.3,12.9,36.0,71.3,9.5
Mexico City,Mexico,2020-03-29,73.5,44.1,84.7,5.0,15.8,60.3,8.5,26.3,38.5,2.8
Sydney,Australia,2015-10-22,82.3,48.3,81.5,2.64,11.9,42.4,5.0,-2.0,21.0,1.8
Sydney,Australia,2015-08-11,28.9,20.0,26.3,3.98,6.7,71.5,4.2,31.6,79.8,1.8
Beijing,China,2022-05-09,222.6,104.9,199.8,4.54,,36.7,15.9,23.1,90.6,8.9
Wuhan,China,2018-07-06,148.9,84.8,150.3,2.97,32.0,64.4,13.3,35.7,,11.0
São Paulo,Brazil,2019-03-26,115.6,78.5,145.8,0.93,,47.9,12.8,39.6,47.0,5.6
London,UK,2017-11-09,35.7,18.4,28.6,2.56,8.6,55.5,3.5,3.8,33.0,13.8
Mumbai,India,2019-04-12,131.7,80.6,150.1,2.23,14.6,35.1,17.4,20.2,,6.0
Cairo,Egypt,2018-08-05,187.5,118.9,231.8,3.78,51.7,20.6,27.7,3.6,84.8,14.0
Lahore,Pakistan,2019-02-06,185.7,101.4,150.1,3.85,36.1,74.0,22.5,1.3,38.8,4.3
Jakarta,Indonesia,2018-11-26,101.8,61.1,117.6,3.09,25.5,39.0,10.4,17.7,72.6,8.0
Karachi,Pakistan,2020-05-11,145.7,101.1,156.8,4.09,16.6,25.4,17.3,15.6,86.0,13.0
Los Angeles,USA,2021-03-25,29.6,19.1,36.4,3.98,6.1,35.9,3.8,9.3,38.4,3.0
Wuhan,China,2023-06-29,140.4,86.0,159.7,1.78,37.7,23.5,20.9,13.8,44.4,13.9
Lima,Peru,2018-06-07,34.7,17.6,,2.29,9.4,71.0,3.8,39.6,83.3,10.4
Seoul,South Korea,2024-06-30,41.4,20.3,36.2,1.17,4.9,51.9,2.1,22.4,87.6,3.3
Beijing,China,2023-09-11,167.6,113.1,202.8,0.94,29.6,65.4,19.5,2.0,24.7,10.4
Buenos Aires,Argentina,2020-05-21,45.5,20.6,38.7,4.82,6.5,37.0,5.5,18.8,27.9,14.0
Paris,France,2020-02-22,5.5,2.7,4.5,2.65,1.1,49.8,0.6,12.7,31.0,10.1
Mumbai,India,2022-06-02,189.2,79.2,146.6,0.89,50.1,60.3,23.2,39.0,90.5,4.9
Johannesburg,South Africa,2022-01-26,88.2,46.0,65.7,2.09,26.1,49.4,12.8,-1.8,22.9,8.8
Lima,Peru,2022-08-09,75.5,50.0,91.7,1.39,12.6,38.3,9.2,38.6,41.0,9.0
Istanbul,Turkey,2015-03-22,49.7,33.0,63.8,0.87,12.6,28.5,6.9,16.4,87.4,1.6
Lima,Peru,2021-08-20,78.7,35.4,56.5,2.89,11.2,71.5,10.5,-4.0,21.5,6.8
Beijing,China,2023-08-23,194.8,122.8,242.0,1.63,57.2,51.9,21.6,5.3,54.6,11.5
Karachi,Pakistan,2018-01-13,177.7,106.7,179.8,0.67,45.4,55.9,20.8,-4.9,26.6,11.0
Johannesburg,South Africa,2017-04-05,67.3,30.9,51.1,1.77,15.1,67.8,4.6,24.2,52.6,3.3
Lahore,Pakistan,2024-12-26,178.9,125.1,226.9,,26.0,26.4,9.0,27.8,81.7,3.2
Nairobi,Kenya,2016-07-04,57.7,33.2,65.4,4.6,6.0,23.0,8.4,-2.4,63.7,1.6
Buenos Aires,Argentina,2018-09-24,72.6,40.7,74.6,0.58,7.4,62.9,10.6,3.7,31.2,5.5
Toronto,Canada,2015-04-24,5.0,3.1,6.1,4.07,0.5,32.4,0.4,37.6,65.4,14.9
Mexico City,Mexico,2017-09-01,90.8,48.4,79.4,0.84,16.8,31.8,12.5,17.9,91.4,5.5
Lima,Peru,2023-06-01,67.2,33.7,50.2,3.99,10.5,37.3,3.7,38.4,86.5,4.7
Berlin,Germany,2020-08-17,44.0,19.1,30.6,0.71,9.6,22.9,5.0,26.8,62.8,7.3
Chengdu,China,2018-10-26,133.9,54.0,83.2,3.92,30.7,27.5,15.9,20.9,32.5,11.5
Beijing,China,2019-04-08,179.4,92.1,123.5,4.35,47.4,39.1,18.5,18.1,33.3,2.6
Delhi,India,2017-10-30,141.8,93.6,169.2,0.64,40.0,78.8,18.1,10.9,50.4,13.1
Buenos Aires,Argentina,2018-03-24,72.7,33.3,64.4,,15.3,66.5,3.8,27.1,64.9,8.1
Stockholm,Sweden,2015-10-15,21.5,14.0,20.6,2.6,2.8,78.4,1.5,31.1,,4.2
Istanbul,Turkey,2024-07-25,109.0,72.1,96.1,4.79,12.6,63.3,7.7,32.8,84.7,8.5
Mexico City,Mexico,2024-09-01,135.8,86.7,165.7,3.77,38.2,57.6,15.9,20.7,56.6,10.0
Tehran,Iran,2020-09-03,146.7,75.1,119.3,0.37,30.1,27.9,17.8,30.1,74.2,8.4
Mumbai,India,2019-01-17,183.6,109.0,184.1,3.83,51.2,52.2,11.2,0.9,48.2,7.7
Mumbai,India,2016-06-20,147.0,69.4,125.9,4.93,20.2,40.3,12.5,5.0,35.3,2.4
Mumbai,India,2022-03-27,175.7,104.5,157.1,1.51,38.3,61.8,13.2,10.6,41.8,1.8
Berlin,Germany,2016-02-17,104.8,55.0,109.4,3.24,29.1,75.0,13.8,7.1,52.3,0.5
Mexico City,Mexico,2015-05-31,123.6,76.6,107.0,1.37,19.3,45.0,11.1,4.3,,4.7
Berlin,Germany,2022-04-02,37.1,17.0,30.5,1.86,,75.0,4.1,32.1,71.4,14.4
Sydney,Australia,2015-03-09,18.7,8.9,15.9,4.16,5.5,57.1,2.5,27.0,78.1,9.2
Buenos Aires,Argentina,2024-09-09,72.3,46.9,86.4,0.49,8.0,26.2,9.6,22.5,64.2,3.6
Tehran,Iran,2016-07-28,126.2,80.7,151.6,1.48,33.5,38.8,16.6,-1.9,45.9,11.7
Dhaka,Bangladesh,2020-12-17,178.0,80.7,141.4,3.23,32.3,60.0,10.9,9.5,22.8,13.8
Delhi,India,2021-10-28,194.0,89.5,160.6,4.12,35.2,69.0,19.2,30.9,76.8,8.6
Wuhan,China,2021-05-15,138.9,71.9,98.7,2.76,30.0,78.1,10.9,13.0,61.4,12.9
Mexico City,Mexico,2017-12-24,60.7,28.6,47.8,0.9,14.5,71.6,3.2,3.8,63.4,12.5
Mexico City,Mexico,2019-12-31,135.3,56.2,107.6,,19.2,39.5,11.0,5.0,67.9,14.8
Wuhan,China,2022-02-16,167.3,78.6,118.1,4.71,37.7,32.8,21.8,36.5,50.3,3.0
Toronto,Canada,2021-12-06,20.8,9.4,17.9,0.7,3.8,20.9,1.6,26.8,35.2,15.0
Delhi,India,2019-04-12,161.8,,132.0,4.89,47.0,67.9,23.8,32.8,24.4,12.8
Jakarta,Indonesia,2019-08-01,117.8,69.1,122.3,4.02,,27.7,11.1,11.3,76.5,3.8
Johannesburg,South Africa,2021-06-01,89.8,52.8,79.1,0.84,16.9,77.7,13.2,26.9,78.3,3.5
São Paulo,Brazil,2020-02-22,123.3,55.5,89.9,1.06,27.9,66.3,16.4,28.0,31.9,12.5
Toronto,Canada,2016-01-26,58.1,37.8,55.8,2.54,12.5,22.1,8.2,18.0,34.4,2.8
Beijing,China,2023-03-19,156.5,88.0,128.7,,31.0,40.4,10.0,4.5,55.3,2.4
Los Angeles,USA,2019-08-22,30.6,19.4,29.6,1.51,8.4,45.6,4.2,28.4,26.9,12.3
Delhi,India,2020-01-24,147.6,59.0,90.6,1.2,27.6,25.5,20.6,0.3,77.3,14.1
Ho Chi Minh City,Vietnam,2019-06-09,150.5,75.8,137.4,3.66,16.2,24.2,9.3,20.6,24.1,9.0
Ho Chi Minh City,Vietnam,2016-05-11,163.3,104.1,138.0,,35.5,73.7,18.2,16.8,74.7,3.7
Seoul,South Korea,2021-12-15,105.0,,85.0,4.59,27.6,74.3,15.6,18.7,31.5,9.3
Lagos,Nigeria,2015-12-13,148.5,63.4,84.1,3.57,22.6,43.1,12.0,22.7,31.6,10.9
London,UK,2016-07-03,19.0,12.4,24.0,4.7,3.3,67.7,1.9,7.1,76.0,4.0
Paris,France,2019-11-20,16.6,8.2,15.7,0.94,4.2,43.2,2.3,14.8,50.7,6.7
Johannesburg,South Africa,2021-08-22,120.2,48.5,86.9,1.26,33.2,42.6,10.1,27.1,74.2,9.7
Buenos Aires,Argentina,2017-12-11,48.0,33.0,,1.73,13.1,39.5,7.2,26.1,68.7,2.7
Beijing,China,2023-04-29,164.2,73.3,135.5,0.95,28.2,48.6,21.4,23.5,76.1,4.0
Beijing,China,2015-10-08,154.7,100.4,156.6,0.62,42.5,78.1,17.7,11.0,51.0,4.2
São Paulo,Brazil,2022-02-27,78.7,31.6,61.8,0.6,19.7,62.3,9.1,-3.2,69.2,9.4
Cairo,Egypt,2018-07-05,69.8,32.8,53.2,2.11,16.6,36.2,9.0,39.1,72.4,7.9
Delhi,India,2023-03-29,193.6,134.5,200.5,2.97,36.5,32.0,24.8,0.3,52.2,3.6
Nairobi,Kenya,2015-06-28,31.8,16.4,29.2,1.65,4.2,36.7,2.0,7.4,23.3,1.4
Bangkok,Thailand,2021-12-19,105.7,47.9,90.6,4.98,18.8,46.9,8.3,0.4,67.8,12.8
Cairo,Egypt,2021-08-24,137.3,81.2,144.8,0.63,32.9,56.3,18.8,2.4,24.7,12.3
Berlin,Germany,2020-10-22,15.4,7.9,15.1,1.61,2.9,56.9,1.8,21.7,24.5,11.8
Cairo,Egypt,2016-12-05,138.7,76.4,100.0,3.56,26.6,27.6,9.4,29.1,90.9,2.9
Mexico City,Mexico,2015-03-21,95.7,47.5,81.2,1.22,20.7,69.9,10.9,3.7,76.2,7.2
Seoul,South Korea,2022-09-27,50.6,33.1,48.2,2.71,11.7,23.4,3.2,30.4,45.8,10.7
Tokyo,Japan,2021-04-16,37.0,21.9,37.5,2.63,6.6,29.0,5.5,23.9,34.6,12.6
Tokyo,Japan,2019-03-03,38.3,22.7,33.1,0.32,5.4,69.1,5.5,24.8,43.3,6.8
Mumbai,India,2024-01-19,171.1,113.7,200.7,0.7,29.7,52.3,22.2,36.4,30.0,12.6
Tokyo,Japan,2018-04-01,54.9,30.0,59.8,2.01,8.4,77.8,6.0,8.0,41.6,1.8
Seoul,South Korea,2023-05-11,30.4,18.7,29.6,0.74,7.5,31.0,2.5,17.5,61.6,4.8
Berlin,Germany,2024-08-21,56.0,26.3,49.2,2.14,13.6,73.1,5.3,25.4,83.3,4.1
Ho Chi Minh City,Vietnam,2015-10-12,95.6,62.9,84.5,2.51,11.7,73.2,7.1,11.7,90.3,8.7
Mexico City,Mexico,2016-06-16,120.7,82.9,108.9,2.21,35.0,68.9,8.6,34.8,35.1,14.1
Los Angeles,USA,2024-01-25,54.2,37.0,,1.37,11.5,31.3,4.8,2.6,61.8,9.4
Delhi,India,2019-08-05,210.5,89.7,145.0,1.66,38.4,70.1,31.1,3.1,24.6,3.4
Mumbai,India,2022-04-02,153.3,101.7,152.7,1.85,35.7,40.5,21.5,31.0,46.8,14.6
London,UK,2019-07-28,28.7,20.0,39.2,4.84,5.6,29.9,2.0,16.3,70.7,7.2
Chengdu,China,2016-11-02,157.5,108.6,190.3,2.21,37.5,67.5,13.7,16.4,68.1,9.7
Lima,Peru,2018-03-25,23.7,16.0,26.4,3.9,2.6,42.9,1.6,12.7,79.6,13.9
Lima,Peru,2023-09-26,74.4,32.4,48.9,3.4,10.5,23.1,10.8,9.8,51.5,4.5
Nairobi,Kenya,2016-11-13,148.0,69.2,124.5,3.51,43.1,47.6,13.1,11.2,47.3,1.0
Johannesburg,South Africa,2017-10-15,87.5,38.2,73.1,0.56,15.1,33.2,10.0,9.7,21.2,13.5
Buenos Aires,Argentina,2021-04-27,20.5,8.4,11.2,,2.2,52.9,2.8,10.6,46.2,2.0
Karachi,Pakistan,2019-02-08,161.1,110.5,179.0,3.77,44.1,26.7,12.3,17.6,42.3,1.3
Los Angeles,USA,2022-10-20,49.8,26.3,48.9,1.09,9.3,31.1,6.6,18.5,63.4,11.3
Bangkok,Thailand,2015-05-02,97.0,41.9,79.2,2.53,22.1,71.2,8.0,,67.4,4.5
Lima,Peru,2020-12-14,67.3,28.6,39.1,4.5,14.2,35.6,6.0,32.7,62.8,1.0
Wuhan,China,2017-01-22,161.4,90.7,130.3,3.66,33.4,31.4,18.6,,91.6,4.3
São Paulo,Brazil,2016-01-29,44.7,24.7,44.4,3.14,5.5,75.3,5.4,21.1,30.8,2.5
Paris,France,2018-12-06,16.7,11.3,15.9,3.38,3.8,25.5,2.0,16.4,57.6,0.6
Bangkok,Thailand,2015-07-17,145.0,74.9,134.2,4.22,28.9,52.7,10.3,10.9,55.1,10.1
Karachi,Pakistan,2018-08-04,217.5,140.1,186.8,1.71,47.5,39.6,14.1,19.2,59.1,10.8
Mumbai,India,2023-09-05,139.5,95.9,162.9,3.33,23.9,47.1,12.8,37.1,80.7,1.8
Tokyo,Japan,2023-10-04,92.7,38.6,64.2,1.61,10.6,66.3,5.5,7.2,77.9,7.9
Buenos Aires,Argentina,2022-12-19,102.8,57.7,78.6,2.52,,56.7,14.7,3.3,65.5,11.4
Wuhan,China,2023-04-16,149.7,83.5,121.0,4.14,42.1,26.4,10.9,34.2,56.3,3.0
Mexico City,Mexico,2015-08-05,124.9,58.3,90.6,1.08,13.7,36.4,16.5,7.0,72.2,8.1
London,UK,2021-07-07,43.7,25.6,36.1,1.34,9.1,70.7,2.8,-0.2,58.8,3.2
São Paulo,Brazil,2024-07-29,79.6,35.7,63.5,3.26,20.8,53.8,5.5,-2.6,74.2,6.9
Seoul,South Korea,2022-07-13,81.5,38.8,54.4,1.63,21.1,57.2,12.1,18.6,,3.3
Lagos,Nigeria,2023-03-17,70.7,41.5,55.1,0.63,9.7,54.7,8.9,30.2,40.7,6.1
Seoul,South Korea,2016-10-10,88.9,36.5,60.2,2.86,25.5,62.7,12.8,7.6,74.3,9.2
Delhi,India,2022-01-03,159.5,110.7,145.7,4.55,40.6,52.6,21.7,-2.7,60.8,4.6
Dhaka,Bangladesh,2022-04-04,146.7,85.9,151.3,3.08,26.1,68.3,12.4,22.2,94.7,12.8
Dhaka,Bangladesh,2021-06-01,202.6,91.7,126.3,1.34,50.4,66.2,10.7,-2.3,93.6,7.6
Nairobi,Kenya,2018-05-26,94.1,54.9,108.5,,21.3,24.5,9.5,14.8,40.1,6.9
Tokyo,Japan,2015-11-16,73.2,42.1,81.2,3.56,19.6,43.9,8.8,-1.6,91.8,9.6
Mexico City,Mexico,2019-10-30,125.8,68.6,90.7,2.61,30.8,23.9,7.6,-2.6,29.0,9.4
Ho Chi Minh City,Vietnam,2015-07-12,171.3,89.0,169.0,1.04,36.8,51.2,10.3,5.7,56.3,11.7
Wuhan,China,2019-06-08,156.1,96.9,145.8,0.78,32.0,40.7,16.6,12.9,48.4,13.7
Mumbai,India,2018-12-25,154.8,80.0,146.8,2.96,29.7,78.4,9.9,2.2,62.2,6.4
Buenos Aires,Argentina,2022-02-09,76.7,43.3,60.1,1.57,15.9,31.6,10.3,30.3,62.6,7.7
Tokyo,Japan,2015-04-19,49.3,34.2,47.9,1.98,,67.4,2.6,37.6,85.2,5.8
Jakarta,Indonesia,2022-01-13,92.5,48.8,73.4,2.21,24.5,53.7,6.6,-1.9,65.5,12.4
Mexico City,Mexico,2016-09-03,111.6,57.3,113.6,4.64,28.0,45.8,16.5,11.8,71.3,4.8
Paris,France,2016-01-09,87.6,57.6,95.5,2.94,25.4,28.5,8.5,18.8,81.2,11.8
Nairobi,Kenya,2015-04-01,70.8,30.3,42.5,,11.8,46.4,8.6,-4.0,85.4,14.9
Berlin,Germany,2023-11-05,8.4,4.4,7.0,2.75,2.0,36.7,1.0,8.9,69.5,10.0
Berlin,Germany,2019-02-22,34.7,24.2,40.8,2.12,4.1,60.9,3.0,38.3,84.3,2.3
Tokyo,Japan,2015-05-28,68.8,39.1,60.4,0.71,8.3,31.3,8.1,27.8,67.3,5.4
Beijing,China,2024-11-16,189.1,119.5,175.5,0.32,29.0,40.9,27.6,4.8,82.0,9.5
Buenos Aires,Argentina,2020-07-21,103.2,53.8,89.1,1.92,15.0,35.2,11.2,26.0,55.2,14.2
Chengdu,China,2015-06-24,158.2,64.0,109.7,4.15,32.8,54.1,23.3,11.5,80.1,7.8
Mexico City,Mexico,2020-08-14,139.5,61.9,112.9,4.17,26.0,65.8,15.1,6.6,89.3,10.6
Delhi,India,2021-05-03,193.2,98.4,128.6,0.65,22.8,32.4,13.3,-2.4,,12.5
Bangkok,Thailand,2021-01-04,93.1,50.6,80.9,2.3,14.2,56.5,5.2,24.6,58.5,12.3
Paris,France,2018-12-13,33.5,13.9,21.7,1.38,5.7,44.2,2.0,22.3,46.1,11.5
Dhaka,Bangladesh,2016-04-21,170.5,87.7,159.6,1.69,44.7,61.0,12.8,15.7,80.5,10.8
Delhi,India,2019-09-30,202.1,139.3,194.0,0.45,27.9,62.8,13.8,18.8,84.2,12.7
Tokyo,Japan,2024-10-10,5.0,3.3,6.7,4.88,1.4,23.8,0.6,14.8,40.9,5.1
Karachi,Pakistan,2020-12-11,215.6,108.7,159.7,2.39,36.2,76.7,14.3,39.6,88.0,8.8
Nairobi,Kenya,2018-01-22,105.2,64.9,106.2,2.06,17.5,24.8,9.8,6.2,21.5,3.9
Chengdu,China,2015-01-01,200.1,88.3,138.5,1.15,22.5,77.3,24.5,9.7,38.5,3.5
Berlin,Germany,2017-01-02,35.9,15.4,21.2,3.43,7.9,54.1,4.4,6.3,45.7,2.3
Lahore,Pakistan,2020-05-15,230.7,161.0,267.6,4.39,46.2,22.9,33.1,0.0,72.8,4.0
Delhi,India,2023-09-24,203.1,141.3,270.4,2.41,55.3,45.5,26.1,11.2,39.1,11.2
Paris,France,2019-03-03,43.9,24.2,34.7,2.36,11.1,51.3,6.5,0.2,58.1,8.2
Lima,Peru,2019-06-17,98.5,62.9,117.9,4.52,28.3,64.8,13.2,-1.7,48.8,4.6
Ho Chi Minh City,Vietnam,2019-05-01,130.3,68.7,125.8,3.01,23.3,27.9,8.6,27.5,22.5,6.9
Paris,France,2021-08-13,5.0,2.5,4.5,3.91,1.4,33.5,0.6,20.1,54.4,6.6
Bangkok,Thailand,2015-06-20,115.9,49.0,82.5,1.05,22.2,48.9,14.3,4.4,42.1,7.8
Paris,France,2016-03-19,29.7,16.7,31.0,3.38,8.4,60.1,2.5,-0.5,72.8,14.7
Tehran,Iran,2021-12-25,128.0,66.9,93.5,1.86,33.2,39.0,19.2,8.1,27.4,11.9
Lagos,Nigeria,2017-04-09,85.5,35.4,55.9,4.54,18.3,75.1,11.7,-1.6,24.2,4.8
Lima,Peru,2024-07-29,92.8,45.4,73.2,0.42,25.5,29.6,13.8,8.7,90.9,10.2
Mumbai,India,2019-02-06,180.2,78.6,107.9,1.55,30.9,57.0,12.0,26.2,24.2,13.0
Dhaka,Bangladesh,2019-02-08,169.8,74.6,123.5,3.86,26.1,60.0,8.8,31.6,36.3,13.7
Ho Chi Minh City,Vietnam,2021-12-02,157.3,80.7,146.5,1.77,38.2,38.8,21.2,39.1,69.3,8.3
Jakarta,Indonesia,2018-10-09,116.8,75.1,97.8,4.49,20.7,36.7,7.6,-1.8,86.2,5.3
Cairo,Egypt,2023-04-22,152.4,80.2,157.5,3.39,19.9,38.4,22.0,14.3,24.2,5.4
Stockholm,Sweden,2023-09-20,5.0,3.5,5.4,4.69,1.1,73.5,0.7,-0.3,35.1,4.3
Istanbul,Turkey,2015-10-29,89.4,42.2,82.5,1.15,12.0,29.1,8.4,-3.0,71.0,4.1
Berlin,Germany,2015-04-05,5.0,3.3,5.5,2.54,1.3,59.2,0.3,25.8,73.4,3.0
Mexico City,Mexico,2024-02-25,93.3,65.1,98.1,0.48,,32.3,11.9,13.3,87.8,14.2
Johannesburg,South Africa,2016-04-07,138.2,73.0,128.6,1.74,16.0,70.1,11.0,3.8,35.0,12.4
Mumbai,India,2021-04-19,193.9,106.5,153.0,3.36,50.4,53.7,21.6,23.1,63.0,3.7
Sydney,Australia,2017-12-05,53.5,22.7,,2.04,15.2,59.6,5.2,38.2,32.1,5.7
Ho Chi Minh City,Vietnam,2018-10-18,145.7,80.6,138.0,3.88,34.8,59.4,17.7,30.2,35.8,10.5
Karachi,Pakistan,2020-10-19,139.6,67.6,124.4,2.08,39.7,26.8,9.4,3.3,41.4,13.6
Johannesburg,South Africa,2021-03-04,114.4,61.6,98.3,4.09,20.1,69.9,11.2,5.9,52.3,6.3
Jakarta,Indonesia,2019-07-02,71.2,37.6,64.8,,16.0,34.0,4.3,-1.7,28.1,5.5
Beijing,China,2021-07-26,163.0,113.0,148.7,3.27,33.0,28.7,23.6,31.5,36.6,4.7
Nairobi,Kenya,2021-02-08,48.7,23.2,38.6,1.89,9.6,21.8,6.0,36.8,94.7,3.4
Tokyo,Japan,2020-09-21,38.0,26.3,38.1,2.84,9.9,21.7,2.3,3.8,54.2,0.7
Ho Chi Minh City,Vietnam,2023-08-11,137.1,74.8,101.0,2.48,26.9,38.0,11.9,38.7,38.5,10.3
Lagos,Nigeria,2023-03-22,103.2,54.3,106.1,3.92,10.7,49.1,6.3,7.9,37.9,11.5
Delhi,India,2020-09-10,170.6,90.4,123.4,1.36,34.8,68.0,20.3,19.5,93.3,11.5
Karachi,Pakistan,2024-04-13,91.7,37.0,53.8,3.68,14.3,41.2,10.0,,36.6,13.2
Tokyo,Japan,2024-09-29,58.0,29.9,43.8,4.84,6.3,48.4,5.0,2.2,73.5,13.5
Tokyo,Japan,2023-02-02,68.0,37.3,63.6,2.14,19.3,47.7,10.1,8.3,25.5,8.8
Tehran,Iran,2022-10-03,104.1,64.7,96.4,3.92,15.9,53.4,14.4,,81.6,4.3
Delhi,India,2019-06-04,167.3,79.1,109.2,3.42,36.6,44.1,9.0,16.4,31.2,5.7
Nairobi,Kenya,2022-10-23,80.6,36.9,72.5,0.42,18.4,35.7,10.1,9.9,52.2,11.7
Karachi,Pakistan,2019-06-19,191.5,87.1,131.3,0.32,52.0,76.8,14.9,12.3,52.2,6.4
Jakarta,Indonesia,2019-09-25,83.8,35.0,63.2,4.28,22.0,57.6,12.3,-4.9,44.0,5.0
Wuhan,China,2022-03-19,157.5,100.8,155.8,2.78,35.1,70.7,17.6,12.2,72.1,8.0
Tehran,Iran,2015-12-11,99.0,42.6,,,15.4,51.1,10.4,20.2,23.5,11.7
Delhi,India,2016-08-25,150.0,104.0,148.7,2.9,39.1,27.5,19.3,7.1,41.1,14.2
Lagos,Nigeria,2016-12-02,66.3,28.1,55.2,1.3,10.2,42.6,6.6,1.5,67.2,8.0
Johannesburg,South Africa,2017-10-10,151.4,92.0,152.7,4.25,41.0,78.8,8.6,13.2,57.6,3.9
Johannesburg,South Africa,2020-10-09,85.7,39.0,69.4,,23.5,44.5,10.9,19.7,80.9,1.7
Bangkok,Thailand,2018-05-11,75.0,33.4,61.9,1.02,7.6,75.8,7.4,39.3,54.0,9.1
Mumbai,India,2019-05-20,166.9,112.0,,0.57,21.4,72.9,12.9,13.0,20.3,7.6
Stockholm,Sweden,2016-03-02,5.0,2.2,4.3,4.59,1.1,66.6,0.3,4.1,77.6,2.0
Los Angeles,USA,2023-12-12,43.2,19.7,26.7,2.81,10.2,31.0,4.2,-4.1,39.8,3.1
Buenos Aires,Argentina,2021-02-22,67.9,39.6,71.0,4.53,18.6,41.6,8.1,15.9,55.8,14.2
Buenos Aires,Argentina,2023-01-18,49.2,21.2,37.0,2.5,10.7,36.9,3.4,6.9,69.3,14.3
Toronto,Canada,2023-12-02,89.4,57.4,113.1,1.63,9.0,31.6,10.1,35.5,88.6,12.5
Buenos Aires,Argentina,2021-10-08,135.1,54.2,80.2,1.1,32.7,69.9,16.6,38.9,25.8,7.2
Tokyo,Japan,2017-12-04,59.2,29.4,54.6,2.94,17.5,42.3,5.4,2.4,32.0,13.0
Bangkok,Thailand,2020-11-14,141.3,75.1,147.7,4.71,33.3,79.7,7.1,-4.6,25.1,14.2
Johannesburg,South Africa,2022-07-15,109.7,74.4,103.4,0.45,22.9,30.5,14.9,13.9,77.8,8.0
Stockholm,Sweden,2024-06-23,5.0,,5.4,2.17,,58.2,0.7,33.3,41.3,2.0
Sydney,Australia,2024-04-07,72.5,36.9,60.3,3.29,19.7,79.4,6.6,19.6,65.1,8.6
Lima,Peru,2020-12-11,110.6,71.3,96.8,2.25,16.5,59.6,7.9,26.1,49.1,6.9
São Paulo,Brazil,2021-06-17,114.9,58.0,85.8,4.3,27.3,44.2,11.5,10.7,61.3,2.5
Seoul,South Korea,2023-09-03,21.4,12.2,17.3,0.67,4.5,24.2,2.5,31.0,94.1,11.7
Stockholm,Sweden,2020-01-28,59.9,40.1,55.3,4.45,12.9,71.9,6.8,36.3,54.5,15.0
Buenos Aires,Argentina,2020-06-03,24.9,,26.4,1.91,5.2,73.4,3.6,22.8,31.3,11.6
Berlin,Germany,2021-12-10,90.0,37.8,58.9,1.56,18.3,20.1,10.6,14.9,39.5,4.4
Bangkok,Thailand,2019-10-03,88.3,46.9,77.1,4.17,18.8,55.2,5.3,10.8,79.7,9.0
Lagos,Nigeria,2015-05-01,101.5,69.2,119.1,2.58,25.7,35.1,7.0,14.8,21.2,4.8
Seoul,South Korea,2024-01-10,122.8,62.7,96.5,0.31,33.9,33.9,10.5,-4.1,91.8,7.7
Jakarta,Indonesia,2016-11-10,188.9,89.8,172.0,2.07,44.9,56.8,18.4,32.5,23.0,13.7
Tehran,Iran,2024-07-27,115.3,78.3,142.9,,25.0,57.9,8.3,36.0,68.7,6.6
Nairobi,Kenya,2024-10-06,85.7,56.5,73.4,4.65,14.8,45.3,5.0,34.5,60.4,13.6
Lahore,Pakistan,2017-05-03,163.3,68.7,119.2,1.03,44.5,76.8,10.1,5.6,66.9,11.0
Berlin,Germany,2022-04-10,51.0,26.0,39.4,3.43,12.7,37.3,4.2,15.7,53.8,12.7
Bangkok,Thailand,2017-09-26,131.8,77.7,120.9,1.51,29.1,59.5,10.0,10.1,84.7,12.3
Delhi,India,2022-05-23,203.7,138.5,241.0,2.63,28.6,63.8,28.9,-2.1,59.1,13.2
Cairo,Egypt,2015-04-05,107.2,55.2,87.6,3.3,26.7,58.9,12.9,,54.2,10.9
Paris,France,2021-09-12,41.6,25.5,50.2,,7.4,54.9,5.1,6.3,,14.1
Mexico City,Mexico,2020-03-18,168.8,112.5,170.7,,39.6,63.0,9.6,11.0,28.8,8.6
Johannesburg,South Africa,2021-01-29,122.7,64.2,93.6,1.73,26.3,66.1,14.6,37.4,86.3,2.0
Lagos,Nigeria,2020-11-15,61.2,33.2,61.0,2.26,16.2,48.3,3.4,23.4,78.6,5.1
Lima,Peru,2015-11-19,43.3,25.7,39.7,4.56,11.0,47.7,6.4,10.5,53.3,9.9
Seoul,South Korea,2019-01-15,111.2,50.1,77.9,2.59,15.6,37.4,16.1,18.4,85.2,4.4
Delhi,India,2022-05-27,167.5,105.3,168.0,3.24,45.7,28.4,14.3,32.1,37.3,8.6
Chengdu,China,2022-11-05,197.2,113.1,222.0,1.12,52.6,49.4,22.9,7.3,27.1,11.8
London,UK,2018-12-21,81.5,42.1,56.2,3.36,19.4,74.1,11.3,26.7,44.2,5.9
Jakarta,Indonesia,2015-03-14,110.2,75.4,142.5,4.62,17.3,40.1,10.7,5.1,54.9,0.6
Sydney,Australia,2016-02-25,43.8,19.6,32.4,4.67,11.6,66.6,4.8,14.6,53.5,1.8
Sydney,Australia,2015-10-05,26.0,10.8,19.1,3.51,3.8,44.6,2.8,21.8,58.3,5.8
Bangkok,Thailand,2018-03-05,133.9,54.4,88.3,1.25,38.5,58.4,14.5,13.3,44.7,3.1
Los Angeles,USA,2015-01-22,92.4,60.7,109.7,4.52,27.4,77.7,10.1,5.1,28.0,14.9
Dhaka,Bangladesh,2023-11-10,193.0,79.2,124.6,3.82,53.7,48.7,15.3,30.0,57.8,1.7
Beijing,China,2019-12-25,151.4,61.0,83.0,4.16,29.7,40.1,11.3,17.8,26.2,9.4
Mexico City,Mexico,2023-09-09,112.9,74.2,135.7,0.39,15.0,48.4,13.1,27.2,81.2,1.2
São Paulo,Brazil,2022-05-22,126.2,,113.1,4.85,18.4,35.0,8.3,-3.1,80.7,0.6
Chengdu,China,2018-01-23,180.7,77.3,102.9,4.69,47.9,43.7,17.3,34.1,79.8,10.5
Karachi,Pakistan,2024-11-18,123.9,69.2,116.1,4.36,17.8,34.8,8.8,21.1,72.1,4.0
Bangkok,Thailand,2016-01-03,146.6,86.3,131.5,1.38,40.5,54.2,17.6,36.6,35.4,5.6
Stockholm,Sweden,2022-09-12,47.9,20.4,29.9,1.2,13.9,57.6,5.8,-0.1,34.6,12.2
Seoul,South Korea,2021-04-20,70.9,29.3,49.7,2.53,9.3,55.6,4.8,31.5,66.4,13.1
Dhaka,Bangladesh,2015-06-11,223.3,125.9,214.1,2.9,44.3,68.3,22.0,35.5,80.6,10.5
Nairobi,Kenya,2016-06-20,82.2,46.1,86.5,1.44,9.4,61.1,6.6,23.6,25.8,14.4
Wuhan,China,2015-01-02,154.3,82.6,152.4,3.47,17.5,29.1,20.7,38.4,67.7,5.8
Nairobi,Kenya,2016-08-11,25.7,16.0,28.0,4.57,7.2,38.4,3.3,6.4,78.6,2.9
Jakarta,Indonesia,2023-05-30,112.5,55.7,98.6,3.66,24.5,66.2,10.7,23.3,46.9,8.1
Paris,France,2019-02-28,32.8,19.1,27.6,2.47,7.6,45.7,2.4,25.0,83.9,7.8
Johannesburg,South Africa,2022-07-25,58.9,28.6,50.4,1.75,16.2,22.9,5.0,33.7,66.6,11.7
Mumbai,India,2018-01-04,162.3,82.9,159.4,3.82,28.7,32.9,9.8,33.8,72.3,9.3
Sydney,Australia,2023-04-06,39.4,20.7,29.5,3.65,5.9,67.0,3.3,2.1,39.1,4.4
Sydney,Australia,2020-04-06,42.0,20.0,29.2,2.14,,24.2,3.3,20.3,85.6,4.6
London,UK,2019-10-20,29.5,19.3,31.3,2.97,6.3,27.2,2.5,5.9,71.2,14.0
Cairo,Egypt,2022-12-09,166.3,91.7,153.5,2.11,36.1,64.2,20.0,-3.6,64.5,10.8
Stockholm,Sweden,2019-05-23,5.0,3.0,5.2,1.43,1.4,68.4,0.6,15.7,37.0,11.8
Delhi,India,2024-01-15,187.2,94.3,180.0,2.6,34.7,34.6,27.3,38.3,47.5,14.0
Mexico City,Mexico,2019-10-25,106.3,43.2,71.7,0.66,29.6,69.2,12.9,-3.6,54.4,1.6
Wuhan,China,2015-10-27,162.5,94.9,133.8,2.93,20.1,28.7,9.4,34.2,60.9,5.3
Jakarta,Indonesia,2016-11-07,161.6,81.0,132.7,0.77,,35.5,23.4,17.2,84.3,8.9
Ho Chi Minh City,Vietnam,2022-06-06,38.9,15.7,22.4,1.96,6.2,76.8,3.5,38.7,68.8,12.6
Los Angeles,USA,2015-06-25,59.4,25.9,47.6,2.01,17.7,72.2,4.3,29.5,75.1,11.6
Mumbai,India,2022-02-21,181.5,116.5,177.4,0.85,31.1,38.3,27.0,38.7,75.3,12.5
Beijing,China,2021-05-02,160.8,79.9,159.0,1.18,36.0,66.9,17.6,8.9,81.0,3.4
Paris,France,2024-10-30,48.1,23.3,38.3,2.12,6.5,64.5,3.3,19.6,80.3,7.5
Stockholm,Sweden,2019-12-03,43.1,17.6,32.6,3.63,9.6,37.8,4.8,21.8,31.2,13.3
Wuhan,China,2018-05-28,158.0,67.4,106.1,1.32,21.1,76.8,18.6,8.6,70.9,12.1
Tehran,Iran,2017-01-30,159.6,65.7,,1.07,45.2,33.0,19.2,,90.3,6.3
Mexico City,Mexico,2022-09-15,137.0,86.0,144.9,2.76,19.8,60.6,10.9,8.9,39.9,1.5
Lima,Peru,2016-07-22,92.5,58.7,105.3,2.41,20.1,31.2,5.6,10.8,81.9,8.7
Ho Chi Minh City,Vietnam,2022-05-22,113.9,76.0,128.6,2.03,30.9,33.8,6.0,-2.7,63.7,13.4
Seoul,South Korea,2023-09-25,131.5,79.1,144.8,1.93,23.3,21.4,15.1,30.0,58.3,6.0
Sydney,Australia,2015-07-12,5.0,3.0,4.5,3.12,1.4,39.8,0.3,,40.5,14.8
Tokyo,Japan,2020-04-05,117.6,56.8,77.2,2.77,21.7,78.2,12.9,28.6,30.1,11.0
Berlin,Germany,2022-02-06,9.2,6.0,9.8,1.31,1.7,70.5,1.1,22.2,72.0,12.6
Mumbai,India,2022-03-12,191.7,104.1,164.7,4.68,50.6,79.3,21.9,-3.6,31.5,12.4
Mumbai,India,2022-10-11,193.0,94.1,154.8,3.18,43.6,42.9,14.9,20.4,79.6,13.5
Beijing,China,2021-03-12,146.9,92.9,167.2,3.26,41.5,22.2,9.7,3.5,24.5,9.5
Tehran,Iran,2015-01-28,120.4,59.9,105.2,4.91,17.0,41.5,10.5,18.8,82.6,11.0
Sydney,Australia,2018-04-22,14.8,6.8,10.7,1.92,4.0,79.8,1.0,24.6,63.7,11.7
São Paulo,Brazil,2017-07-07,91.5,44.2,83.4,2.55,26.2,53.6,7.2,35.3,82.0,14.2
Berlin,Germany,2015-06-10,63.4,,58.0,0.34,15.2,71.2,7.0,9.0,24.3,10.1
Delhi,India,2019-09-28,162.7,89.3,151.4,3.91,33.7,51.6,16.0,14.2,66.7,0.9
Beijing,China,2022-10-13,129.6,75.7,111.6,3.4,16.3,59.0,15.8,26.5,78.1,8.0
Beijing,China,2015-05-01,115.8,59.6,117.5,4.01,28.8,62.7,7.1,37.8,,2.6
Ho Chi Minh City,Vietnam,2016-11-11,177.2,,171.1,1.15,23.7,36.0,9.8,32.8,30.1,6.0
Buenos Aires,Argentina,2024-10-14,34.0,16.0,30.7,3.76,3.6,46.3,2.2,23.8,57.0,12.2
Ho Chi Minh City,Vietnam,2020-04-02,135.4,61.5,105.1,1.05,20.1,33.6,11.6,30.5,43.8,11.3
Mexico City,Mexico,2018-05-14,114.6,65.7,98.4,3.79,34.2,51.9,11.8,38.8,46.9,6.2
Johannesburg,South Africa,2015-06-26,137.2,71.8,128.0,3.92,31.4,32.1,13.9,38.5,27.8,10.7
Tehran,Iran,2019-04-06,138.8,83.6,115.3,0.65,27.9,39.3,12.4,7.3,81.5,12.8
Tokyo,Japan,2024-05-24,76.8,41.2,55.9,3.44,11.7,53.0,5.5,34.5,46.2,10.5
London,UK,2020-01-25,75.3,50.8,74.1,4.79,18.9,62.1,10.1,24.3,28.3,10.6
London,UK,2016-02-25,5.0,2.3,3.7,0.6,0.6,52.0,0.3,23.1,34.3,12.2
Lagos,Nigeria,2015-10-10,147.7,78.7,128.0,3.21,26.6,59.4,18.7,0.5,25.5,10.3
Berlin,Germany,2015-12-16,110.0,53.9,103.0,3.93,23.9,38.4,10.3,7.6,52.4,1.2
Berlin,Germany,2022-11-18,31.6,16.6,24.6,4.43,8.4,48.0,2.5,17.8,76.5,0.7
Mexico City,Mexico,2024-03-27,136.2,63.3,91.3,1.31,39.0,28.5,17.2,39.4,91.0,6.4
Wuhan,China,2022-05-01,177.4,106.6,203.4,1.06,44.9,55.2,18.4,27.8,40.5,1.6
Wuhan,China,2021-03-25,128.2,89.7,129.0,1.41,21.4,49.8,17.6,2.9,66.2,5.8
Paris,France,2024-12-13,22.2,12.9,23.9,4.32,,79.7,2.5,23.7,30.5,2.0
Bangkok,Thailand,2015-12-14,68.0,33.9,60.6,1.29,13.9,52.3,9.6,13.1,35.8,3.0
Mexico City,Mexico,2019-10-31,134.6,65.1,118.9,3.09,31.8,57.8,13.2,36.8,81.3,3.6
Chengdu,China,2022-01-25,189.9,95.6,167.1,1.67,25.5,20.6,28.4,4.9,82.4,12.4
Mumbai,India,2015-12-10,154.2,74.3,148.1,1.33,25.6,60.5,16.5,32.1,70.2,8.9
Lagos,Nigeria,2018-11-07,92.8,48.3,89.5,1.64,25.6,68.1,13.9,27.7,23.7,9.1
Sydney,Australia,2018-02-04,26.3,18.0,32.3,3.98,5.6,78.0,1.8,12.5,57.5,8.5
Berlin,Germany,2017-07-14,13.5,7.1,11.4,3.56,3.2,42.7,1.8,0.5,37.5,6.7
Mexico City,Mexico,2023-10-06,136.9,92.8,181.0,1.1,25.0,79.5,7.1,-3.1,83.2,6.0
São Paulo,Brazil,2019-09-12,125.5,57.6,97.0,3.34,26.4,76.7,6.5,4.7,25.5,14.5
Stockholm,Sweden,2024-03-23,57.7,35.9,50.3,0.55,8.0,36.6,5.5,-4.0,66.3,10.0
Bangkok,Thailand,2023-04-22,76.0,35.3,62.0,3.15,21.5,69.6,8.2,2.5,44.3,7.4
Wuhan,China,2024-11-27,141.8,59.5,92.2,1.18,30.5,75.8,9.1,33.8,39.7,10.5
Lima,Peru,2017-11-15,57.6,32.5,63.0,1.17,9.7,79.7,7.4,12.3,30.7,7.8
Mumbai,India,2021-02-26,142.4,68.0,122.3,2.84,24.7,37.4,11.2,30.5,57.4,4.6
Jakarta,Indonesia,2018-07-08,129.4,62.1,119.4,4.14,33.7,30.5,14.4,35.5,57.8,8.5
Chengdu,China,2016-09-23,175.0,105.2,200.1,2.7,51.4,44.2,10.9,-4.3,63.4,12.3
Mexico City,Mexico,2016-11-08,110.9,51.4,91.2,4.5,15.2,40.9,14.2,5.6,87.4,12.7
Mexico City,Mexico,2020-05-16,126.3,,133.0,4.68,20.0,61.7,15.8,24.3,60.2,10.0
Lahore,Pakistan,2021-02-14,172.7,94.1,160.3,2.98,42.4,25.2,24.9,37.3,20.9,8.1
London,UK,2017-06-30,75.9,36.7,64.2,3.38,10.9,32.6,9.5,26.9,84.7,13.3
Wuhan,China,2022-01-25,177.4,105.3,156.8,4.2,52.9,29.8,22.0,12.1,34.1,2.5
London,UK,2017-06-07,77.2,47.7,86.2,0.31,18.3,61.1,4.3,14.2,25.9,3.3
Bangkok,Thailand,2021-04-02,119.7,82.6,149.9,0.89,21.9,79.8,6.8,7.8,29.3,12.4
Los Angeles,USA,2024-01-23,18.1,9.1,15.1,3.79,2.2,30.2,2.7,27.1,37.3,8.8
Stockholm,Sweden,2021-06-16,25.4,16.3,32.3,4.91,3.2,76.7,2.0,11.2,24.7,9.9
Ho Chi Minh City,Vietnam,2017-08-27,162.7,103.0,202.2,2.31,29.5,58.3,19.0,15.0,88.9,1.3
Dhaka,Bangladesh,2018-10-29,174.3,114.2,174.9,4.53,33.1,62.2,21.3,6.7,87.5,2.3
Cairo,Egypt,2020-01-04,86.0,58.4,77.2,2.8,12.8,31.5,6.3,35.6,51.9,3.9
Tehran,Iran,2020-01-22,175.1,98.2,174.4,1.16,,74.3,10.5,9.7,92.9,3.8
Toronto,Canada,2015-01-07,12.0,5.0,7.5,2.63,1.8,36.9,1.6,29.5,43.3,5.5
Nairobi,Kenya,2020-08-30,85.0,41.9,82.8,3.79,20.6,67.9,9.3,21.2,47.1,2.7
Stockholm,Sweden,2024-02-16,47.2,26.2,50.1,2.19,13.0,39.1,6.8,-3.2,59.4,5.2
Johannesburg,South Africa,2017-10-31,97.0,50.2,98.7,3.65,18.3,57.6,5.5,21.5,70.0,2.0
Dhaka,Bangladesh,2017-09-13,158.7,86.0,140.7,3.7,30.1,34.1,12.7,,25.3,12.7
Mumbai,India,2019-08-12,153.7,71.8,133.7,0.78,20.5,37.1,13.1,4.2,88.4,0.9
London,UK,2020-09-09,83.1,43.5,82.0,4.04,10.3,60.0,7.3,31.9,83.8,3.2
Dhaka,Bangladesh,2023-01-25,206.8,98.3,146.6,4.33,22.0,35.7,15.0,11.7,71.5,8.2
São Paulo,Brazil,2022-02-11,148.1,91.7,171.4,1.05,18.0,38.1,19.7,19.4,30.7,2.9
Beijing,China,2020-11-04,119.7,72.8,138.5,2.38,30.9,45.8,14.3,20.9,87.1,5.2
Chengdu,China,2019-06-22,138.1,83.6,157.7,3.16,,23.0,18.5,35.9,53.7,3.7
Stockholm,Sweden,2023-12-06,60.1,38.7,54.6,4.75,12.6,75.5,3.9,15.6,52.3,6.5
Tokyo,Japan,2021-09-11,24.9,16.3,30.3,1.64,4.2,35.6,3.2,12.7,93.4,5.8
São Paulo,Brazil,2024-07-06,112.4,76.9,146.4,4.55,17.3,50.7,14.6,18.7,68.1,13.9
Jakarta,Indonesia,2018-08-26,127.5,71.6,121.4,1.99,22.1,66.1,18.2,23.5,56.6,11.4
Wuhan,China,2019-05-10,167.0,94.7,163.5,0.41,48.6,25.1,13.5,8.4,75.0,10.2
Lima,Peru,2021-02-11,55.6,24.7,37.7,3.61,15.9,38.9,5.7,11.8,63.3,9.6
Karachi,Pakistan,2024-04-02,197.9,126.7,253.3,2.24,21.3,59.1,25.4,37.2,20.8,13.3
Paris,France,2019-02-21,39.9,20.4,29.7,4.13,6.9,56.3,4.0,,79.1,4.8
Wuhan,China,2022-09-29,147.7,93.1,179.6,0.86,32.0,24.3,19.6,39.5,57.1,5.0
Bangkok,Thailand,2017-01-19,97.6,54.3,87.7,1.37,21.8,56.4,7.4,4.5,,7.0
Los Angeles,USA,2020-05-27,100.9,42.1,70.5,0.75,27.6,50.2,5.2,19.7,75.3,2.5
Tokyo,Japan,2016-08-04,61.3,32.8,52.1,,6.3,64.3,5.0,26.6,84.1,10.5
Mumbai,India,2024-01-04,164.8,67.7,106.1,4.93,19.7,53.9,12.6,33.8,58.0,12.9
Beijing,China,2019-11-23,145.5,85.8,128.6,2.41,32.9,59.1,8.2,10.8,59.9,5.4
Lima,Peru,2015-05-16,99.4,40.1,69.3,1.97,29.7,67.0,7.9,38.7,40.9,2.1
Seoul,South Korea,2022-12-31,28.2,17.7,31.6,3.4,7.7,39.9,2.0,-1.0,32.4,2.7
Stockholm,Sweden,2023-02-09,11.3,5.5,10.6,4.0,2.3,30.5,1.2,11.0,22.8,10.5
Wuhan,China,2015-03-04,124.7,58.6,103.5,4.4,19.5,66.7,17.3,4.5,88.8,4.6
London,UK,2024-06-20,56.7,30.7,54.4,3.7,6.6,29.2,7.3,-2.0,69.4,10.1
Jakarta,Indonesia,2021-11-25,76.0,35.4,49.8,2.41,8.3,70.5,9.5,34.8,25.2,13.9
Seoul,South Korea,2018-03-25,82.6,57.8,100.9,3.53,16.0,46.2,10.8,15.2,57.4,6.2
Stockholm,Sweden,2023-12-15,58.0,38.0,55.2,1.72,12.7,39.6,5.0,-4.8,80.1,7.7
Tehran,Iran,2016-07-02,168.5,86.4,147.3,3.43,18.9,45.1,17.3,27.5,48.6,3.0
Mexico City,Mexico,2023-03-23,148.7,95.6,156.3,1.38,38.8,68.7,17.1,0.4,42.8,13.3
Nairobi,Kenya,2017-05-04,48.6,19.9,35.5,1.55,12.1,42.0,3.5,35.9,46.6,13.8
Lima,Peru,2016-06-04,100.8,68.5,128.9,2.31,27.5,67.2,7.6,23.0,42.9,3.9
Mexico City,Mexico,2018-08-26,42.7,18.2,32.8,,6.3,77.4,5.5,31.2,20.3,14.7
Ho Chi Minh City,Vietnam,2015-09-26,157.0,86.7,172.5,3.18,19.9,68.9,16.6,10.4,37.7,8.0
Delhi,India,2017-08-27,187.6,98.4,171.5,2.64,43.2,56.5,27.7,23.0,71.8,13.4
Los Angeles,USA,2019-03-24,84.0,37.1,60.1,4.73,24.5,31.4,7.9,7.5,79.3,12.9
Chengdu,China,2024-10-08,184.2,112.9,,3.65,24.3,59.2,15.4,-2.5,37.0,7.3
Lahore,Pakistan,2022-08-24,181.5,86.5,171.8,2.01,53.0,77.4,11.7,32.3,58.8,10.4
Karachi,Pakistan,2018-02-12,177.6,87.2,158.0,3.0,42.1,57.4,23.3,35.3,53.7,6.2
Delhi,India,2017-02-18,170.5,109.8,217.1,1.22,32.7,66.2,19.4,31.7,21.2,13.7
Johannesburg,South Africa,2019-08-12,38.7,26.3,39.2,2.05,10.8,52.2,5.4,24.7,25.9,6.8
Dhaka,Bangladesh,2018-07-06,162.5,68.2,106.5,4.57,20.1,20.4,23.3,18.9,61.9,14.0
Tokyo,Japan,2022-04-20,75.5,44.1,78.5,2.94,12.9,37.1,5.1,10.9,63.3,9.0
Tokyo,Japan,2019-05-07,78.7,52.3,91.8,1.1,8.3,31.8,11.1,20.5,83.6,3.9
Karachi,Pakistan,2017-05-15,194.4,109.0,202.2,,56.7,27.5,21.9,0.1,89.2,14.4
Jakarta,Indonesia,2021-04-26,138.2,95.1,174.6,3.57,29.9,44.4,20.2,3.9,80.2,5.8
Stockholm,Sweden,2019-01-22,45.8,26.0,42.7,3.83,8.4,49.6,4.9,39.5,80.4,1.1
Cairo,Egypt,2021-02-24,125.5,69.1,101.0,4.31,19.3,39.2,7.1,39.0,79.7,2.6
Toronto,Canada,2016-06-19,34.5,23.4,44.1,4.94,5.1,62.0,2.1,14.4,83.5,0.6
Wuhan,China,2023-05-21,158.1,83.8,149.6,1.42,21.3,59.0,18.0,28.8,38.5,0.7
Beijing,China,2022-06-05,148.6,80.4,115.0,2.75,42.0,36.3,15.2,8.9,93.6,3.7
Tokyo,Japan,2019-07-29,19.4,8.6,13.3,2.9,4.5,53.7,2.7,11.2,73.4,4.4
Wuhan,China,2017-11-18,162.9,98.4,194.3,4.52,19.8,48.4,13.8,-3.8,55.0,2.7
Tehran,Iran,2018-06-11,141.5,89.3,167.0,4.9,41.1,45.4,14.6,-3.9,56.7,1.0
Seoul,South Korea,2024-03-10,35.1,15.1,20.4,1.29,9.4,59.8,3.0,-2.3,34.1,7.0
Berlin,Germany,2021-12-24,13.8,8.7,16.0,0.94,3.4,50.7,2.0,30.4,63.9,9.3
Jakarta,Indonesia,2022-01-19,124.3,71.1,121.1,1.6,32.6,71.7,9.8,14.9,33.4,4.0
Lahore,Pakistan,2016-01-17,198.3,133.0,231.2,3.06,57.4,67.5,10.2,0.6,38.6,4.9
Karachi,Pakistan,2016-08-22,153.8,86.2,118.6,1.11,22.8,74.3,13.3,36.2,76.3,11.4
Los Angeles,USA,2019-08-04,67.3,39.2,53.8,4.85,18.1,69.3,8.6,-5.0,25.1,9.0
Dhaka,Bangladesh,2021-02-23,180.6,100.4,136.7,,29.4,32.6,19.8,-3.9,92.1,5.8
Lima,Peru,2015-05-10,123.6,55.1,91.2,2.13,19.9,27.9,10.2,31.9,79.6,8.8
Beijing,China,2020-06-09,132.9,90.1,,3.78,36.6,72.8,19.0,24.1,67.5,4.0
Delhi,India,2018-11-10,187.9,109.2,161.1,1.99,25.0,65.0,21.3,27.6,53.3,11.2
Dhaka,Bangladesh,2017-06-18,142.8,58.7,106.9,4.49,24.6,70.8,11.1,27.9,63.6,1.0
São Paulo,Brazil,2020-06-17,82.8,49.4,87.9,1.11,12.3,61.3,6.3,17.1,56.7,3.9
Johannesburg,South Africa,2022-04-19,58.5,30.1,46.8,2.94,14.6,21.1,3.7,8.6,80.8,7.5
Los Angeles,USA,2018-11-19,60.4,31.6,50.2,4.89,16.9,63.6,5.0,18.1,71.7,6.2
Lima,Peru,2021-12-04,90.3,41.3,80.4,2.03,12.1,69.5,8.6,12.5,44.7,5.3
Beijing,China,2022-03-25,140.1,78.8,128.2,2.4,18.0,69.7,20.0,31.1,53.8,14.6
Toronto,Canada,2024-03-20,62.2,38.1,66.7,1.29,9.9,73.2,4.2,1.8,41.3,5.8
Johannesburg,South Africa,2022-03-02,115.3,67.0,124.3,0.65,16.3,50.3,8.7,34.3,68.0,7.6
Beijing,China,2016-05-01,216.9,132.2,258.7,1.04,24.8,27.3,26.9,0.8,57.6,10.7
Jakarta,Indonesia,2022-02-03,49.0,30.8,47.4,4.0,12.9,79.5,4.6,16.4,78.7,13.1
Mumbai,India,2017-01-03,178.9,83.7,114.4,1.89,31.9,78.9,17.1,38.5,,4.2
Bangkok,Thailand,2015-05-03,88.0,58.1,85.5,4.1,14.2,34.8,8.6,-2.0,84.7,13.2
Seoul,South Korea,2019-10-04,58.9,35.9,49.3,2.23,6.9,45.6,3.7,-3.6,53.7,8.7
Lima,Peru,2020-03-07,59.6,27.0,36.5,0.89,14.6,21.0,8.1,32.8,86.0,13.2
São Paulo,Brazil,2020-07-10,94.1,46.1,84.4,3.19,9.9,67.2,12.9,18.3,56.5,6.7
Mumbai,India,2023-02-08,201.3,93.5,172.3,1.67,30.7,68.6,13.6,33.8,93.3,5.1
Nairobi,Kenya,2017-03-26,31.8,17.0,31.7,3.43,6.3,35.4,3.9,9.1,44.8,11.3
Paris,France,2015-08-21,61.3,,49.8,1.51,15.5,48.7,6.7,22.0,31.0,9.9
Mumbai,India,2022-07-12,189.8,131.1,225.3,1.5,44.0,74.6,16.3,6.9,92.5,11.6
Tehran,Iran,2024-11-23,160.3,80.0,139.1,2.98,33.4,76.0,10.0,18.2,21.9,5.0
Toronto,Canada,2020-12-05,55.0,23.3,33.2,2.19,9.7,35.2,7.9,19.0,,11.4
Tehran,Iran,2022-06-29,151.9,98.7,196.4,2.14,34.7,39.0,8.6,-3.8,37.4,2.9
Seoul,South Korea,2015-06-21,151.0,64.1,84.2,2.35,22.8,57.3,15.3,32.3,82.9,8.3
Mexico City,Mexico,2018-05-26,49.7,,,4.08,7.1,76.0,7.4,-1.5,31.9,14.9
Lima,Peru,2019-07-25,70.9,29.1,41.4,4.43,17.9,79.7,9.9,33.5,33.1,9.9
Karachi,Pakistan,2023-11-02,152.5,103.0,190.2,3.94,25.2,27.5,13.3,4.4,74.6,7.2
Dhaka,Bangladesh,2023-09-17,158.5,107.1,182.5,2.47,23.7,52.9,12.5,12.8,86.6,3.3
Cairo,Egypt,2017-01-09,136.0,81.2,146.7,0.84,,21.6,7.7,29.3,77.9,10.2
Cairo,Egypt,2023-03-17,154.0,93.9,185.7,2.44,29.9,67.5,23.0,35.3,42.3,14.3
Lima,Peru,2015-06-13,60.1,32.4,45.6,0.95,14.3,58.0,7.3,10.2,88.6,2.1
Lagos,Nigeria,2024-05-07,135.3,74.2,98.7,0.84,18.8,58.3,15.7,25.5,80.2,0.9
Mumbai,India,2015-09-22,214.6,102.0,173.4,3.77,52.4,37.3,18.4,36.3,83.7,4.2
Paris,France,2022-05-17,57.0,33.4,49.7,2.28,14.6,35.3,7.2,9.2,83.0,0.9
Buenos Aires,Argentina,2020-04-03,42.0,,36.6,2.31,8.8,34.5,2.6,21.9,41.2,14.0
Beijing,China,2015-12-22,137.8,63.7,99.1,4.43,15.1,68.1,12.8,35.8,70.0,2.9
Lahore,Pakistan,2021-01-10,137.0,61.2,93.9,4.9,19.5,57.9,20.2,26.0,69.7,9.5
Istanbul,Turkey,2021-06-12,96.9,58.0,105.4,2.78,26.9,21.4,8.7,22.7,21.4,14.1
Karachi,Pakistan,2021-09-06,189.1,88.1,135.0,3.48,31.8,71.4,14.2,31.8,54.8,7.1
Mumbai,India,2020-04-09,161.6,82.7,131.7,0.32,23.6,62.8,16.9,38.1,22.2,6.0
Toronto,Canada,2019-02-28,65.7,28.9,47.7,0.37,8.9,76.3,7.2,29.2,27.7,3.9
Delhi,India,2024-09-30,151.7,86.4,154.9,2.88,24.3,61.7,16.0,,35.9,14.4
Dhaka,Bangladesh,2024-01-07,148.7,76.0,127.5,0.53,20.6,68.8,19.2,1.4,64.2,1.5
Lima,Peru,2023-06-02,70.8,48.0,78.5,4.09,16.1,45.8,7.5,37.0,25.7,8.2
Paris,France,2018-10-16,90.5,,88.5,4.1,23.5,20.6,5.2,25.8,33.7,8.2
Johannesburg,South Africa,2018-05-28,104.9,55.7,81.1,3.4,17.9,55.3,12.3,1.2,23.7,7.7
Bangkok,Thailand,2019-10-13,127.6,54.5,74.2,3.6,35.9,75.9,18.3,25.2,89.4,2.4
Buenos Aires,Argentina,2016-08-04,91.0,47.4,79.5,2.67,24.6,69.4,8.1,7.6,83.8,14.3
Nairobi,Kenya,2019-12-30,27.3,14.2,23.1,4.29,5.4,72.5,2.0,19.0,47.7,9.1
Johannesburg,South Africa,2017-02-21,119.8,64.3,124.5,1.56,22.4,32.7,10.0,6.2,70.2,10.8
Dhaka,Bangladesh,2015-07-22,251.6,174.9,262.1,4.19,39.9,44.8,29.3,20.1,58.0,12.0
Buenos Aires,Argentina,2015-09-23,61.4,24.9,49.7,1.63,6.7,34.8,7.2,21.5,35.5,3.2
Chengdu,China,2023-04-17,165.6,66.9,87.1,3.2,27.3,21.4,15.9,37.1,39.1,4.1
Beijing,China,2023-11-10,171.6,111.9,160.6,3.4,47.6,74.2,18.1,1.9,69.4,11.2
Buenos Aires,Argentina,2020-07-18,35.4,15.4,29.7,3.92,7.3,65.8,4.4,2.5,59.9,7.3
Berlin,Germany,2021-09-01,5.0,3.3,5.7,2.04,1.2,46.5,0.6,4.8,31.3,7.2
Delhi,India,2015-12-14,177.3,103.1,191.0,4.54,44.7,40.5,21.8,18.8,88.0,10.7
Tehran,Iran,2022-03-30,142.5,72.6,102.9,4.05,25.0,25.2,10.9,25.5,68.6,4.3
Cairo,Egypt,2018-09-17,105.8,43.9,86.4,1.84,30.2,68.8,8.8,26.2,55.5,14.7
Jakarta,Indonesia,2019-12-30,187.2,87.2,132.1,3.65,21.9,38.2,21.0,39.8,89.4,12.6
Jakarta,Indonesia,2015-08-04,129.3,82.9,140.3,2.45,18.7,77.1,14.2,25.4,30.6,6.7
Tokyo,Japan,2015-01-30,74.1,38.4,51.8,1.95,13.0,38.1,7.6,3.6,90.3,13.7
São Paulo,Brazil,2015-07-24,89.5,45.7,66.4,0.99,25.1,28.3,12.2,18.4,,14.4
Jakarta,Indonesia,2021-09-03,85.7,42.5,61.6,1.45,15.1,51.2,10.5,8.6,30.1,0.8
Lahore,Pakistan,2021-05-11,143.0,91.2,139.5,1.32,40.4,59.7,21.1,20.2,60.6,14.6
Lima,Peru,2020-10-21,26.8,13.8,23.4,2.95,5.1,61.4,1.8,34.0,75.3,12.4
Jakarta,Indonesia,2019-02-02,122.7,77.9,141.6,0.4,23.3,38.3,9.3,2.1,39.0,11.6
Johannesburg,South Africa,2021-09-19,50.3,24.5,41.1,0.51,10.8,75.2,5.0,12.9,23.0,8.4
São Paulo,Brazil,2018-12-27,52.4,28.2,42.8,1.53,15.3,67.3,3.2,9.2,72.8,12.4
Johannesburg,South Africa,2023-08-17,82.0,34.7,67.9,,8.6,63.2,6.2,-0.9,83.3,4.0
Chengdu,China,2022-09-19,183.1,127.5,188.6,3.94,22.6,33.2,18.4,26.7,45.9,13.2
Mumbai,India,2015-06-23,191.1,84.0,129.2,4.15,32.0,74.4,17.4,8.9,94.2,6.9
Cairo,Egypt,2020-04-11,110.8,64.3,92.6,2.65,12.8,62.5,11.3,0.5,77.5,12.2
Lahore,Pakistan,2022-08-05,206.1,118.2,198.6,3.35,46.6,67.9,30.6,27.7,53.1,7.2
Buenos Aires,Argentina,2022-07-09,37.3,21.6,35.3,4.28,4.2,39.4,2.1,36.9,26.7,14.4
Mumbai,India,2018-07-31,120.6,67.7,118.4,2.56,34.2,28.4,7.6,30.1,62.1,6.4
Lima,Peru,2015-02-04,73.3,49.9,83.3,2.97,8.1,49.9,3.8,13.3,92.5,11.6
Lagos,Nigeria,2020-08-27,124.9,51.6,98.8,3.94,29.6,44.3,10.0,3.6,45.6,13.2
Tokyo,Japan,2015-09-17,72.2,,50.7,4.54,7.3,68.1,10.3,6.3,81.7,2.8
Toronto,Canada,2020-12-18,89.4,39.8,66.0,2.11,10.3,50.5,9.7,4.8,75.5,1.6
São Paulo,Brazil,2017-03-29,115.3,56.6,90.9,,27.0,28.9,16.0,11.8,45.6,7.8
Lahore,Pakistan,2022-07-20,168.0,87.1,123.6,4.07,48.8,72.2,11.1,28.8,35.3,1.1
Cairo,Egypt,2015-04-06,155.7,102.2,,3.25,23.7,41.1,17.2,10.2,74.4,8.0
Stockholm,Sweden,2018-06-29,48.1,23.7,,1.18,6.0,72.9,7.0,12.7,77.3,12.2
Chengdu,China,2019-11-09,124.3,80.5,106.4,4.78,34.1,74.3,10.9,17.4,32.6,6.3
Lagos,Nigeria,2018-11-14,117.1,51.6,98.9,0.68,33.4,26.3,14.3,24.0,78.7,8.7
Paris,France,2021-01-09,79.8,38.5,75.5,2.37,21.4,63.4,9.2,38.7,62.4,11.1
Lima,Peru,2019-03-04,101.7,69.8,128.0,1.38,17.5,44.9,11.0,22.1,79.1,13.0
São Paulo,Brazil,2023-11-13,48.7,23.5,36.1,0.36,8.9,41.5,5.0,-0.5,,9.2
Jakarta,Indonesia,2017-08-27,104.8,54.2,71.8,0.69,28.8,68.4,5.5,34.7,66.0,12.1
Wuhan,China,2017-05-05,202.6,99.4,143.9,1.84,53.3,60.4,15.8,13.4,36.0,8.5
Chengdu,China,2020-08-09,155.1,95.2,150.0,4.5,,21.0,9.4,-1.9,43.3,10.2
Delhi,India,2019-11-28,189.1,89.8,179.5,0.61,42.5,68.1,27.6,10.9,62.8,4.1
Paris,France,2017-01-05,124.5,60.1,87.9,1.62,25.5,60.8,15.2,7.5,84.2,7.5
Los Angeles,USA,2021-04-07,69.9,32.5,46.1,0.7,8.6,62.2,10.4,25.4,73.1,11.8
Lima,Peru,2016-06-26,95.2,44.3,73.9,1.28,10.7,25.3,14.1,-4.7,71.8,13.4
Berlin,Germany,2024-01-03,5.0,3.1,4.7,2.79,1.4,22.5,0.4,-0.2,57.2,11.7
Buenos Aires,Argentina,2020-10-26,30.4,18.9,26.1,1.94,3.9,78.5,2.4,7.1,67.6,0.7
Bangkok,Thailand,2019-10-18,73.3,37.8,72.4,3.63,13.6,56.8,10.5,21.9,37.1,10.2
Sydney,Australia,2019-05-22,80.9,41.1,74.8,1.68,8.3,41.0,11.0,21.0,83.7,2.4
Stockholm,Sweden,2017-07-14,67.8,30.5,56.3,3.18,11.3,66.8,6.3,22.7,84.1,6.7
Cairo,Egypt,2015-10-02,103.3,66.9,104.6,,19.9,77.8,14.3,9.0,38.2,7.5
Beijing,China,2017-03-31,223.0,151.2,261.4,4.23,53.3,26.1,31.0,4.0,47.5,12.7
Buenos Aires,Argentina,2015-09-30,53.7,32.7,61.2,4.38,15.7,38.0,5.6,38.0,20.8,9.4
Lahore,Pakistan,2023-06-20,185.8,93.5,134.8,2.69,24.9,54.8,18.0,13.2,68.7,6.5
São Paulo,Brazil,2022-05-27,54.3,24.7,48.3,4.47,10.6,21.8,7.6,38.3,25.2,9.3
Mumbai,India,2021-04-11,137.2,83.5,138.8,1.91,34.0,79.3,15.6,17.7,32.6,13.0
Lima,Peru,2015-06-16,54.6,23.8,42.1,2.86,7.1,69.8,4.4,,57.3,4.1
Chengdu,China,2020-07-26,196.2,82.5,118.0,1.6,33.7,34.9,19.0,24.7,45.9,1.0
Mumbai,India,2016-03-22,158.8,85.2,152.5,2.33,27.5,61.0,18.2,14.1,45.4,6.0
Bangkok,Thailand,2018-03-14,70.7,30.2,43.1,3.39,20.3,25.1,4.4,-0.6,39.1,12.0
Mumbai,India,2015-06-06,186.4,100.2,170.1,3.52,27.9,52.7,18.9,29.5,37.6,13.8
São Paulo,Brazil,2021-09-01,88.8,48.7,74.7,0.84,12.0,79.4,7.5,0.2,53.4,2.5
Karachi,Pakistan,2024-09-17,171.5,104.0,141.0,1.0,43.7,45.3,10.2,33.8,75.3,3.2
Jakarta,Indonesia,2020-04-29,107.9,61.5,80.9,2.6,18.1,75.6,7.8,12.9,32.2,2.4
Karachi,Pakistan,2023-03-05,183.7,94.0,146.4,2.15,47.6,61.9,11.1,10.5,70.5,14.7
Istanbul,Turkey,2015-02-22,66.5,31.6,42.5,2.99,12.1,31.0,7.7,2.2,46.4,12.0
Buenos Aires,Argentina,2022-10-10,85.1,37.2,66.4,0.85,10.8,50.4,4.5,17.5,20.7,9.2
Berlin,Germany,2015-03-31,47.0,,36.9,2.13,8.9,42.5,2.7,15.7,69.9,13.6
Nairobi,Kenya,2020-10-15,78.4,36.5,64.1,0.45,21.3,60.7,11.5,37.9,72.0,2.8
Ho Chi Minh City,Vietnam,2019-01-28,98.8,47.7,76.3,2.98,23.4,24.5,11.0,,82.0,1.1
Toronto,Canada,2023-09-27,89.3,,74.7,2.1,16.0,34.6,11.4,-4.7,28.0,7.3
Karachi,Pakistan,2016-11-04,114.0,46.8,62.9,3.66,28.2,73.8,12.3,,53.8,6.8
Jakarta,Indonesia,2024-10-31,96.2,46.8,92.4,2.31,15.7,38.6,4.9,23.5,74.3,5.6
Toronto,Canada,2016-11-22,32.9,20.5,35.3,3.61,8.4,51.6,3.0,0.7,50.4,8.5
Cairo,Egypt,2017-11-03,143.9,67.9,133.8,3.1,,40.8,10.1,27.2,67.7,13.4
Tehran,Iran,2017-08-13,121.3,63.4,99.6,0.4,33.1,80.0,15.1,38.7,57.2,8.9
São Paulo,Brazil,2016-05-29,56.6,35.2,49.1,1.91,15.2,36.7,8.1,31.7,92.6,2.0
Los Angeles,USA,2023-12-18,56.3,36.2,60.4,3.41,14.0,38.0,4.5,6.9,32.5,4.9
London,UK,2019-01-20,40.2,19.9,28.0,0.66,5.3,51.7,4.4,4.7,57.8,0.6
Istanbul,Turkey,2016-09-08,87.3,34.9,61.1,2.57,10.6,25.3,4.4,19.8,80.5,12.9
Paris,France,2023-10-25,18.9,12.2,19.2,2.2,4.4,75.7,1.9,3.0,30.7,4.9
London,UK,2021-04-01,87.2,42.7,76.7,2.85,15.8,32.8,9.6,25.3,78.8,14.9
Jakarta,Indonesia,2018-09-26,120.0,81.3,119.8,3.85,19.7,43.5,17.4,15.7,,8.5
Chengdu,China,2022-07-27,149.5,74.0,141.7,2.88,24.2,22.3,7.7,10.9,36.2,1.3
Lima,Peru,2015-01-15,74.0,41.9,60.9,1.26,12.3,70.1,10.8,28.3,21.5,6.9
Tehran,Iran,2021-08-04,146.0,,84.4,2.81,15.0,62.2,9.4,35.2,83.8,3.8
Istanbul,Turkey,2020-08-01,94.1,61.6,87.0,3.92,12.6,38.3,7.1,-2.9,29.2,10.3
London,UK,2015-09-03,24.6,17.0,25.2,0.82,4.3,36.6,1.4,24.5,78.3,0.5
Beijing,China,2020-06-27,195.4,121.1,202.6,1.83,56.7,23.4,27.2,17.8,76.2,5.3
Los Angeles,USA,2019-04-17,62.5,28.6,56.2,0.5,11.1,40.1,8.2,17.6,32.7,7.9
London,UK,2023-01-19,46.0,23.4,34.3,1.11,8.8,72.2,5.8,-4.8,74.8,1.6
Tokyo,Japan,2018-07-28,49.6,,41.5,4.72,5.2,26.4,6.8,34.9,48.0,8.3
Ho Chi Minh City,Vietnam,2022-02-06,127.5,72.6,100.4,3.19,30.5,37.7,17.8,4.2,,10.7
Los Angeles,USA,2021-09-04,85.5,52.1,83.4,1.86,21.1,37.9,4.8,6.1,76.6,12.0
Johannesburg,South Africa,2024-10-24,106.8,51.1,88.1,1.63,13.3,29.3,8.0,2.6,93.1,10.0
Delhi,India,2017-07-08,121.5,64.1,95.4,3.52,33.2,44.0,11.3,12.9,53.7,1.0
Dhaka,Bangladesh,2017-07-31,163.5,95.2,183.3,0.62,45.0,23.9,24.3,-1.2,47.6,1.3
Paris,France,2023-12-20,63.3,29.2,,1.65,8.1,62.5,9.4,5.8,55.2,1.4
Mumbai,India,2023-11-27,187.0,87.9,148.0,3.99,19.4,32.7,10.0,0.7,33.3,0.9
Toronto,Canada,2020-04-23,45.6,23.9,35.9,1.8,9.5,68.3,6.7,31.8,49.2,13.2
Sydney,Australia,2016-04-11,22.5,11.2,16.7,4.58,6.5,61.7,1.8,-4.7,70.3,7.7
Mumbai,India,2018-03-29,176.0,79.7,134.8,0.91,36.9,75.0,22.7,37.4,38.6,14.3
Berlin,Germany,2023-04-27,5.0,3.5,5.6,1.18,1.1,35.3,0.5,4.4,49.0,1.8
Beijing,China,2024-08-26,187.2,88.9,174.5,3.09,19.7,74.8,21.4,10.2,47.5,1.0
Jakarta,Indonesia,2017-09-22,104.0,66.8,116.1,,19.5,59.1,12.0,20.1,86.3,11.8
Toronto,Canada,2019-10-25,97.1,64.2,92.6,4.77,25.4,74.5,11.4,24.3,38.7,9.6
Karachi,Pakistan,2017-12-01,157.9,94.5,180.8,2.36,24.9,29.7,14.3,7.8,53.5,2.0
Lagos,Nigeria,2015-11-14,80.0,32.1,,1.74,13.7,30.3,11.7,-2.6,41.2,2.6
Mumbai,India,2023-11-11,139.2,83.1,140.1,4.26,39.2,61.7,15.7,22.2,32.5,13.3
Berlin,Germany,2023-06-08,50.1,27.9,55.2,4.52,14.5,20.1,4.2,23.2,43.1,10.0
Sydney,Australia,2018-08-17,12.7,7.7,14.3,3.57,3.3,76.8,0.8,35.8,40.5,8.7
Buenos Aires,Argentina,2015-03-01,130.9,76.7,104.3,2.65,36.5,44.7,17.6,30.7,88.0,4.3
Nairobi,Kenya,2018-04-25,34.4,22.5,34.1,3.89,6.7,57.9,3.7,-2.2,64.1,12.5
Tehran,Iran,2023-12-21,207.7,108.2,156.2,1.29,33.5,65.2,20.4,26.1,90.2,11.1
Ho Chi Minh City,Vietnam,2020-02-17,146.5,100.1,144.4,1.16,29.9,27.2,11.6,39.6,83.1,10.7
Delhi,India,2023-05-27,141.8,74.9,142.8,3.72,15.9,34.4,20.6,1.6,,2.7
Tokyo,Japan,2022-02-07,60.3,36.5,55.6,1.75,12.7,70.8,6.6,15.7,69.8,12.3
Mexico City,Mexico,2021-08-12,137.7,70.4,137.6,0.37,26.2,74.5,16.5,26.7,31.7,8.9
Mexico City,Mexico,2017-08-17,90.6,46.8,72.6,3.25,13.3,50.3,8.2,24.0,38.1,8.5
São Paulo,Brazil,2021-11-25,47.6,30.9,60.9,4.31,13.7,21.1,5.4,7.0,80.7,12.4
Lima,Peru,2020-07-27,107.7,62.0,99.1,0.66,26.5,24.5,11.8,36.3,51.4,11.7
Lagos,Nigeria,2017-05-20,118.9,47.9,93.0,1.19,18.6,72.2,14.1,11.7,26.6,6.1
Mexico City,Mexico,2021-07-25,144.7,85.3,130.3,0.56,18.8,54.0,21.0,36.7,28.5,13.2
Lima,Peru,2019-01-31,35.8,24.1,44.1,4.82,6.7,63.9,4.4,17.3,93.1,4.0
Los Angeles,USA,2017-09-03,68.3,28.9,42.8,4.25,16.8,77.8,6.1,35.3,84.6,14.5
Istanbul,Turkey,2015-04-03,130.9,71.8,97.3,3.08,32.3,34.3,8.8,23.8,49.5,6.7
Berlin,Germany,2023-05-22,34.4,18.8,34.2,0.31,5.0,36.2,3.8,7.5,56.5,7.6
Nairobi,Kenya,2020-01-09,46.9,32.5,61.4,4.43,,69.6,3.3,,73.2,8.6
Sydney,Australia,2016-12-28,24.0,12.8,25.6,2.69,6.1,67.7,3.3,10.0,31.4,13.4
Toronto,Canada,2022-01-30,58.0,33.6,57.0,0.46,8.7,60.3,3.1,22.3,23.8,0.6
Jakarta,Indonesia,2018-11-30,112.3,74.0,100.1,2.23,21.9,44.5,9.5,22.5,70.7,14.4
Istanbul,Turkey,2020-05-03,110.1,73.8,137.1,1.63,15.4,27.0,10.2,19.8,62.7,6.5
São Paulo,Brazil,2023-07-27,84.0,47.5,68.3,2.9,9.7,54.2,9.6,39.2,51.9,7.7
Buenos Aires,Argentina,2015-08-01,121.0,57.8,79.0,3.31,13.8,45.8,6.2,37.3,72.3,3.7
Nairobi,Kenya,2017-05-03,86.5,51.0,69.0,3.4,9.9,74.8,8.6,37.0,68.2,6.3
Mexico City,Mexico,2017-02-12,49.5,20.8,35.6,1.51,13.3,73.4,5.4,6.7,49.2,9.5
Tokyo,Japan,2020-11-05,42.1,23.2,33.2,3.58,11.5,42.0,6.1,-3.3,36.5,6.5
Mexico City,Mexico,2022-06-25,147.9,94.4,181.3,1.72,33.7,53.1,10.0,9.7,21.5,4.9
Stockholm,Sweden,2015-11-02,5.0,3.3,4.8,1.55,1.2,27.8,0.6,8.6,67.0,12.1
Ho Chi Minh City,Vietnam,2018-03-21,140.7,83.2,118.4,2.9,38.9,53.7,8.9,7.9,36.9,2.3
Delhi,India,2019-08-15,146.1,77.9,118.7,4.97,31.7,70.0,13.8,,83.5,11.6
Tokyo,Japan,2019-04-18,106.5,62.0,84.6,0.42,28.0,76.5,9.0,21.9,73.8,11.3
London,UK,2019-06-01,92.4,39.8,69.7,2.7,16.2,35.7,10.5,,80.8,3.0
Toronto,Canada,2017-12-07,74.2,47.9,93.7,2.48,8.4,60.7,5.8,-0.8,84.2,2.5
Bangkok,Thailand,2021-12-19,81.5,54.5,83.6,2.16,10.3,58.7,8.1,38.8,72.4,11.5
Toronto,Canada,2015-05-27,57.7,33.1,56.9,0.52,13.3,48.1,6.0,35.2,33.8,6.4
Nairobi,Kenya,2015-01-06,131.2,57.6,105.0,1.34,38.1,26.3,19.5,36.8,86.7,0.9
London,UK,2018-11-12,71.2,40.6,73.3,3.75,,61.3,7.1,9.1,71.7,4.1
Toronto,Canada,2022-10-23,82.2,,68.6,1.24,14.5,78.3,10.6,12.3,71.3,4.6
Tokyo,Japan,2022-02-23,111.9,64.3,95.2,2.87,13.0,70.1,9.9,-4.3,91.9,8.4
Tehran,Iran,2024-04-09,122.3,63.0,90.5,2.43,19.1,27.5,7.1,6.6,93.6,4.2
São Paulo,Brazil,2018-11-23,52.3,28.1,41.6,4.17,13.1,57.0,4.1,29.3,21.5,4.6
Dhaka,Bangladesh,2017-01-25,194.0,105.5,168.9,3.53,20.9,49.9,18.2,28.8,52.0,13.6
Ho Chi Minh City,Vietnam,2022-07-04,90.9,60.3,,3.67,19.3,67.2,10.0,38.3,86.7,8.9
Ho Chi Minh City,Vietnam,2023-08-03,111.4,51.9,99.8,4.61,18.3,62.1,7.0,20.3,42.5,14.3
Nairobi,Kenya,2016-03-15,57.9,25.5,46.9,1.77,8.7,32.6,4.4,39.5,54.0,4.1
Beijing,China,2022-12-22,170.2,81.4,137.5,2.9,29.3,62.8,9.1,13.8,52.6,2.3
Mexico City,Mexico,2018-06-10,85.3,47.8,72.0,4.68,20.6,25.3,9.9,34.4,91.8,5.0
Cairo,Egypt,2024-05-15,151.2,91.1,143.0,0.72,19.5,52.9,11.2,15.2,50.6,8.8
Seoul,South Korea,2023-05-31,92.5,49.8,85.0,3.09,17.9,62.8,8.2,30.5,93.8,11.5
Mumbai,India,2019-09-18,236.8,159.7,300.8,2.13,38.4,37.8,17.8,8.9,75.1,2.2
London,UK,2020-07-22,65.2,36.9,58.4,4.71,16.8,46.0,7.4,28.6,,10.3
Nairobi,Kenya,2018-11-05,74.9,52.0,102.2,4.54,8.0,71.2,9.6,17.4,44.4,11.5
Mumbai,India,2019-07-01,139.3,82.9,146.8,2.9,38.4,39.8,13.6,29.1,73.8,8.7
Tokyo,Japan,2016-02-22,90.8,36.5,64.1,1.47,21.3,31.2,8.0,28.9,76.6,3.5
Mumbai,India,2015-12-17,153.7,84.7,144.9,3.79,16.1,26.9,10.1,3.6,22.3,13.8
Berlin,Germany,2016-11-12,40.4,27.6,54.5,3.48,5.5,20.2,3.4,0.6,,14.6
Seoul,South Korea,2021-11-12,61.3,31.8,61.4,3.72,16.8,75.4,5.6,26.2,73.2,9.6
Los Angeles,USA,2016-09-19,70.0,37.3,59.5,0.35,18.8,37.0,6.8,13.5,70.9,6.2
Berlin,Germany,2019-11-10,60.5,39.9,57.1,0.43,8.4,47.3,5.6,30.8,34.6,11.7
Karachi,Pakistan,2017-11-23,203.4,106.5,210.4,3.27,51.1,50.6,18.9,-1.2,29.0,8.8
Lahore,Pakistan,2016-04-24,167.6,116.5,221.5,4.27,26.4,44.7,10.1,21.2,25.2,7.0
Delhi,India,2020-06-04,201.6,121.5,170.5,4.92,42.0,21.6,17.1,39.1,87.7,2.7
Mexico City,Mexico,2015-02-14,88.7,51.9,68.3,3.86,16.2,43.8,7.8,21.8,,9.9
Ho Chi Minh City,Vietnam,2020-07-17,108.1,74.7,121.9,0.73,23.3,54.6,5.8,-4.5,94.7,6.2
Bangkok,Thailand,2019-03-13,112.4,63.5,82.9,0.36,13.8,68.2,8.4,17.7,36.8,8.4
Sydney,Australia,2015-03-27,51.2,24.3,47.4,1.81,10.9,67.9,5.6,6.7,90.0,0.5
Berlin,Germany,2022-11-21,56.3,27.0,46.3,0.32,5.9,79.2,4.1,32.3,,7.0
Delhi,India,2023-02-15,166.8,81.8,112.3,4.32,43.6,45.5,14.6,14.2,51.5,6.7
Beijing,China,2017-07-26,181.4,73.3,134.4,1.92,36.0,38.4,16.0,-1.6,47.8,7.2
Stockholm,Sweden,2018-07-27,11.8,,11.6,4.6,3.4,72.3,0.9,6.4,79.6,7.0
Beijing,China,2022-07-04,152.1,97.7,160.5,0.38,38.0,55.0,21.0,31.0,49.6,1.1
Bangkok,Thailand,2019-03-17,68.6,46.8,87.9,2.82,15.6,58.8,10.0,38.7,69.9,4.8
Nairobi,Kenya,2018-07-13,80.6,45.7,84.6,4.36,18.3,51.0,10.9,15.1,55.8,0.7
Cairo,Egypt,2024-04-19,125.7,58.0,102.9,3.26,26.8,69.5,10.8,24.7,68.3,10.1
Tokyo,Japan,2022-03-21,59.4,38.0,65.7,4.42,11.0,78.4,3.2,1.0,26.3,6.9
Sydney,Australia,2022-05-21,5.0,2.3,4.4,0.55,1.5,63.2,0.7,3.2,61.9,8.2
Tehran,Iran,2023-05-05,131.5,,149.9,2.15,36.0,20.9,9.9,18.4,84.4,6.3
Bangkok,Thailand,2020-04-04,92.0,43.3,64.3,4.07,,55.6,12.5,9.3,30.9,1.5
London,UK,2022-12-05,59.5,34.6,66.1,2.53,16.3,50.9,6.5,19.2,42.5,12.7
Nairobi,Kenya,2023-12-19,124.5,60.2,,1.47,30.8,66.6,10.1,-3.9,29.7,7.6
Karachi,Pakistan,2023-10-28,145.5,73.3,125.0,1.06,27.8,32.2,21.5,-2.8,21.2,8.7
Tehran,Iran,2018-03-28,130.4,82.3,122.8,4.38,15.2,35.2,16.0,12.8,61.3,4.5
Lima,Peru,2016-03-13,96.4,56.1,104.1,4.49,16.6,57.8,9.6,24.5,66.6,9.5
Mexico City,Mexico,2015-03-18,90.7,59.0,90.9,4.35,12.1,53.2,5.5,14.9,92.8,9.6
Seoul,South Korea,2021-09-16,34.3,18.9,33.4,3.32,4.7,44.3,2.5,3.0,61.8,3.5
Paris,France,2017-04-22,8.8,4.1,6.4,3.02,1.9,73.9,1.3,4.1,56.8,7.0
Ho Chi Minh City,Vietnam,2024-10-10,180.7,82.7,120.6,1.04,44.5,33.6,16.6,6.7,93.7,9.9
Dhaka,Bangladesh,2016-05-04,170.3,77.4,109.6,1.69,49.9,44.0,12.1,9.8,55.8,1.5
Paris,France,2021-06-21,18.3,8.1,11.0,4.57,2.9,32.5,2.2,-2.4,93.0,14.8
Karachi,Pakistan,2020-11-26,187.4,109.1,,0.36,36.1,36.7,12.3,18.3,40.8,8.4
Bangkok,Thailand,2015-04-12,88.4,56.5,111.1,3.26,11.4,64.9,12.2,11.5,58.5,1.4
Los Angeles,USA,2018-10-08,64.1,37.8,73.6,3.22,16.6,48.3,7.9,40.0,48.7,10.9
Johannesburg,South Africa,2020-05-25,105.6,62.4,95.2,4.37,18.2,46.7,15.6,4.7,62.4,13.0
Nairobi,Kenya,2021-09-05,40.2,19.4,36.1,3.32,9.9,54.6,5.2,31.9,49.0,13.6
Lagos,Nigeria,2021-05-26,127.7,57.2,83.1,3.75,22.4,35.7,14.1,30.2,,7.0
Buenos Aires,Argentina,2021-11-30,96.8,53.7,75.9,3.79,17.3,34.1,13.1,8.8,34.9,5.0
Lahore,Pakistan,2022-04-11,220.9,100.4,180.9,1.06,32.1,40.6,32.0,36.1,26.4,5.4
Los Angeles,USA,2018-09-14,45.5,28.4,38.9,3.46,6.9,58.5,5.4,27.8,84.6,13.5
Mumbai,India,2015-12-07,137.5,60.8,114.4,0.69,36.5,22.5,6.9,29.0,62.0,3.6
Istanbul,Turkey,2020-12-09,56.4,29.6,57.4,1.26,16.1,33.0,3.0,7.1,24.1,3.9
Dhaka,Bangladesh,2023-06-11,195.2,102.5,153.5,3.65,57.4,22.9,19.8,6.8,54.7,10.7
Cairo,Egypt,2020-08-06,78.6,43.2,84.0,0.59,17.2,41.6,10.8,4.8,45.0,0.8
London,UK,2018-12-09,59.8,35.3,50.7,3.29,14.9,31.5,7.5,37.0,36.7,2.5
Dhaka,Bangladesh,2021-07-18,192.3,84.6,111.3,1.95,49.4,59.1,19.8,,68.7,7.6
Lima,Peru,2016-03-14,55.5,36.6,52.1,1.39,11.3,71.9,7.9,0.7,,11.7
Bangkok,Thailand,2024-06-27,98.2,,70.4,4.32,11.9,70.2,5.1,39.2,59.4,4.8
Karachi,Pakistan,2021-03-19,145.0,,96.8,1.49,38.9,34.8,13.2,19.7,85.2,0.7
Istanbul,Turkey,2020-11-21,133.9,62.7,82.7,1.21,24.1,34.5,16.4,30.5,38.0,4.4
Ho Chi Minh City,Vietnam,2022-05-30,114.0,52.2,102.1,2.21,14.8,21.4,9.5,-2.4,54.4,1.2
Lagos,Nigeria,2015-08-04,153.3,78.1,143.5,2.2,35.9,62.8,16.9,-2.5,47.5,11.8
Tokyo,Japan,2016-11-12,54.9,32.9,64.9,1.59,7.0,39.7,6.5,12.6,69.4,10.7
Istanbul,Turkey,2017-11-22,73.9,32.0,42.7,4.89,18.0,34.3,7.2,-2.2,69.9,14.5
Ho Chi Minh City,Vietnam,2024-04-08,152.1,89.2,173.6,2.71,37.9,76.0,17.4,18.7,63.5,11.7
Dhaka,Bangladesh,2015-04-13,163.8,104.1,202.1,2.18,24.6,22.4,8.3,19.5,45.0,14.5
Karachi,Pakistan,2023-12-17,165.7,88.7,127.6,2.1,18.9,57.4,22.6,14.6,56.0,14.1
Toronto,Canada,2019-06-08,18.2,12.8,25.2,4.31,3.7,50.5,2.6,8.4,56.5,6.3
Dhaka,Bangladesh,2019-11-15,195.7,130.7,236.1,4.74,22.4,69.6,16.2,21.6,72.8,2.6
Los Angeles,USA,2022-08-22,17.1,9.3,17.1,2.22,3.6,34.3,1.4,37.4,88.9,13.4
Delhi,India,2021-06-17,152.7,62.4,121.3,2.18,39.8,50.9,21.3,0.3,82.2,13.1
Wuhan,China,2022-01-30,143.8,71.1,110.9,0.75,26.8,58.9,16.5,16.1,29.3,1.6
Sydney,Australia,2017-09-23,39.6,22.5,41.0,0.46,7.4,74.2,4.8,29.5,,11.3
Stockholm,Sweden,2015-02-25,5.0,2.7,4.0,4.25,1.2,59.8,0.6,8.2,54.0,1.8
Berlin,Germany,2023-01-08,42.2,21.0,39.5,3.11,7.8,78.0,4.0,16.1,94.4,2.4
Paris,France,2018-07-13,114.8,51.0,78.0,1.34,,70.1,8.5,14.6,68.9,1.2
Sydney,Australia,2024-10-13,5.0,2.8,4.0,2.16,1.4,21.5,0.3,3.7,24.5,3.8
Mexico City,Mexico,2015-03-04,153.1,91.5,125.1,2.64,28.5,30.6,10.4,38.8,,9.8
Bangkok,Thailand,2019-01-25,48.8,33.5,65.8,4.03,9.1,44.9,6.8,34.1,89.3,4.5
Mumbai,India,2019-07-27,145.8,62.5,85.8,4.26,24.5,73.4,11.5,4.1,49.5,11.0
Berlin,Germany,2018-02-22,84.0,37.4,74.2,4.9,13.0,51.8,6.1,39.6,46.1,13.6
Jakarta,Indonesia,2021-09-03,133.8,69.8,94.1,1.33,38.8,47.9,13.9,2.0,88.9,8.0
Delhi,India,2018-07-13,186.0,114.7,170.8,2.92,50.4,71.3,12.5,13.1,54.5,7.5
Tehran,Iran,2016-08-25,129.5,88.8,149.0,0.57,24.4,32.4,19.4,0.6,43.0,10.3
Lahore,Pakistan,2019-09-12,213.1,92.4,145.1,4.51,,64.7,16.7,,62.1,5.6
Chengdu,China,2021-05-26,112.8,71.0,97.7,3.42,23.1,50.8,9.5,7.4,71.8,12.3
Lima,Peru,2023-06-15,55.3,24.5,32.2,3.02,8.3,44.8,5.8,27.6,51.8,10.7
São Paulo,Brazil,2022-11-30,108.7,53.4,71.9,0.69,26.1,29.0,16.3,19.5,43.4,9.3
Lahore,Pakistan,2018-11-25,137.6,57.2,95.9,1.14,15.8,57.7,13.1,17.4,77.3,10.5
Chengdu,China,2020-12-28,182.9,114.1,204.4,1.96,39.1,61.8,18.4,5.4,70.9,8.0
Tehran,Iran,2018-03-13,144.2,80.5,124.0,0.61,28.0,78.1,10.8,14.8,81.6,14.3
Lima,Peru,2023-04-11,5.0,2.6,4.2,1.91,1.3,50.5,0.7,18.3,81.4,11.3
Delhi,India,2018-07-28,161.8,103.0,145.1,1.26,36.2,62.7,18.5,17.9,30.3,5.9
Wuhan,China,2023-08-16,178.9,84.1,115.1,1.82,27.6,68.6,17.6,-2.1,81.2,4.4
São Paulo,Brazil,2019-03-03,42.5,23.9,47.4,1.5,5.5,35.5,4.6,4.8,45.5,10.0
Stockholm,Sweden,2020-07-14,31.5,17.1,26.7,1.45,6.2,49.2,1.7,33.1,81.6,7.0
Lima,Peru,2016-12-20,95.1,52.3,76.1,0.3,16.3,21.1,5.1,-3.7,86.0,2.6
Tehran,Iran,2020-12-03,235.0,102.6,198.7,1.39,67.8,35.4,11.8,38.7,56.3,13.2
Karachi,Pakistan,2021-01-01,138.4,62.8,118.8,0.54,27.9,35.2,11.9,29.1,71.3,6.9
Wuhan,China,2021-08-14,208.0,121.7,233.6,,28.0,74.9,25.4,27.0,45.2,9.6
Istanbul,Turkey,2022-05-09,128.7,65.7,110.0,1.67,27.4,57.1,15.8,-2.0,25.0,13.9
Mumbai,India,2018-03-26,137.3,,104.8,4.89,34.2,26.7,11.9,6.2,48.1,8.6
Tokyo,Japan,2018-09-01,78.6,54.1,77.6,1.37,13.5,60.8,7.3,9.0,40.1,2.3
Cairo,Egypt,2019-04-27,102.9,41.4,69.2,3.57,,31.8,14.6,11.3,80.2,13.5
Ho Chi Minh City,Vietnam,2024-04-09,93.6,46.6,69.1,2.37,19.7,61.4,11.2,0.2,65.9,2.9
Toronto,Canada,2018-05-15,25.4,11.6,17.9,4.69,4.2,68.8,1.5,24.8,78.4,8.4
Karachi,Pakistan,2022-11-06,176.7,96.0,182.9,1.91,32.7,52.4,11.1,18.2,44.3,4.2
Paris,France,2018-08-20,74.4,38.9,61.8,4.92,12.5,27.9,10.2,,37.0,13.3
Mumbai,India,2019-05-21,167.4,69.1,116.4,4.29,30.0,53.1,10.7,32.9,28.0,1.9
Toronto,Canada,2016-09-15,46.2,19.9,33.5,4.63,10.3,31.9,6.5,33.9,61.0,12.9
Dhaka,Bangladesh,2022-09-19,205.7,110.7,157.8,4.24,60.5,75.8,20.6,18.0,88.1,11.0
Toronto,Canada,2024-08-09,5.8,3.6,6.9,1.27,0.9,74.0,0.3,35.9,22.9,1.9
Tokyo,Japan,2017-05-08,45.3,21.5,31.3,4.27,9.4,41.0,5.5,31.4,84.7,2.2
Lagos,Nigeria,2016-08-20,121.9,49.5,77.5,1.27,15.6,36.5,14.1,19.2,52.8,2.6
São Paulo,Brazil,2016-12-28,149.5,91.1,128.8,3.84,43.5,42.4,7.5,16.5,87.7,10.1
Istanbul,Turkey,2017-10-22,102.1,68.1,125.6,1.47,28.1,37.6,9.3,3.4,86.4,1.8
São Paulo,Brazil,2017-03-13,50.3,25.1,45.1,0.91,9.9,22.4,6.9,15.1,,13.5
Delhi,India,2023-03-03,138.6,58.3,101.2,0.84,27.5,31.8,9.7,18.5,61.7,0.6
Nairobi,Kenya,2022-11-30,81.5,49.0,87.0,4.29,22.8,57.4,8.0,4.2,29.5,9.3
Cairo,Egypt,2017-08-12,114.4,60.3,78.4,2.9,12.6,75.9,15.7,0.2,31.0,14.3
Jakarta,Indonesia,2018-10-30,111.4,61.7,109.9,1.46,17.0,75.4,13.1,12.9,70.4,11.3
Bangkok,Thailand,2023-05-01,99.6,59.2,108.6,0.76,27.4,30.1,11.5,19.9,86.0,1.1
Wuhan,China,2022-11-05,152.2,66.4,101.6,1.89,17.9,50.9,9.4,-1.7,22.5,14.0
Beijing,China,2021-11-30,155.5,69.6,110.2,1.2,25.0,75.5,10.1,16.3,69.6,13.8
São Paulo,Brazil,2023-02-02,25.4,15.3,25.0,1.37,7.4,26.9,2.8,27.8,40.2,6.0
Ho Chi Minh City,Vietnam,2022-02-24,135.5,62.0,119.3,2.01,23.9,68.0,14.0,5.4,88.6,12.2
Tokyo,Japan,2024-12-12,126.1,69.8,123.7,2.0,30.1,22.3,11.3,22.8,66.6,1.5
Nairobi,Kenya,2020-01-13,86.1,58.0,115.0,3.14,20.9,34.0,7.5,-4.5,79.8,10.5
Bangkok,Thailand,2015-04-23,89.5,49.0,88.6,3.43,14.7,42.2,5.9,1.2,50.4,7.5
Toronto,Canada,2021-08-22,5.0,2.3,3.5,,1.3,49.6,0.7,4.7,52.6,0.5
Ho Chi Minh City,Vietnam,2020-01-20,130.7,58.5,115.2,,39.1,52.5,12.5,16.2,82.7,5.8
Beijing,China,2015-06-25,149.7,101.5,145.5,4.18,20.0,63.1,22.1,-1.6,34.7,5.6
São Paulo,Brazil,2021-05-22,98.8,44.9,74.0,4.02,25.7,48.0,8.0,5.9,73.7,1.7
Johannesburg,South Africa,2015-07-10,60.2,32.6,48.0,1.08,7.0,31.6,6.9,27.8,37.1,8.8
Tehran,Iran,2018-01-22,143.2,80.5,118.6,0.52,23.7,29.6,17.7,27.9,,6.3
Lagos,Nigeria,2017-08-04,75.2,45.1,65.3,2.21,7.6,79.3,9.4,2.4,53.3,7.7
Berlin,Germany,2016-04-07,35.8,23.3,36.0,3.16,6.9,73.6,2.0,37.7,54.7,7.5
Jakarta,Indonesia,2023-02-05,130.4,73.6,124.4,4.87,37.2,32.5,10.5,23.1,90.5,8.7
São Paulo,Brazil,2021-03-17,83.8,35.9,59.8,0.99,12.8,30.0,5.6,39.6,42.4,8.7
Tokyo,Japan,2015-01-12,77.8,36.4,48.3,1.59,17.6,20.9,4.5,13.4,33.2,9.7
Lima,Peru,2022-03-26,105.2,73.4,117.9,1.0,12.1,45.2,13.8,14.7,30.6,7.6
São Paulo,Brazil,2019-10-08,5.9,3.5,6.6,4.47,1.5,41.3,0.6,23.9,36.5,10.7
Istanbul,Turkey,2019-07-13,96.3,57.5,88.1,3.13,13.4,31.4,12.2,12.1,60.8,4.7
London,UK,2024-06-13,64.8,42.2,80.1,2.23,17.0,40.8,3.6,26.0,34.9,7.0
Dhaka,Bangladesh,2015-05-25,193.9,100.3,192.6,3.18,25.1,63.5,26.1,2.5,75.8,8.5
Beijing,China,2019-01-06,139.8,89.0,171.6,0.71,14.7,77.3,19.9,36.6,90.5,7.8
Wuhan,China,2024-10-08,166.7,111.3,152.3,4.12,40.4,28.0,20.6,16.8,84.0,12.4
Wuhan,China,2024-03-27,166.2,85.3,157.2,3.13,33.1,20.3,18.4,13.9,44.9,14.8
Lima,Peru,2021-12-08,62.6,35.2,67.1,1.37,14.0,71.7,3.9,5.6,26.2,14.9
Tokyo,Japan,2015-08-08,62.7,42.7,71.2,3.22,10.4,56.9,8.7,9.8,77.9,8.8
São Paulo,Brazil,2018-05-05,58.3,30.2,46.8,2.5,7.1,29.1,5.1,20.3,66.3,13.7
Seoul,South Korea,2019-08-21,80.8,45.0,77.1,2.75,13.1,78.6,9.0,10.6,79.9,2.9
Johannesburg,South Africa,2015-12-14,142.6,90.8,124.2,4.29,,58.3,9.5,27.0,76.8,12.8
Mexico City,Mexico,2020-04-07,66.5,36.9,61.7,4.1,16.1,61.9,3.5,19.6,94.5,11.4
Beijing,China,2015-07-11,168.2,92.2,173.5,4.14,34.6,54.1,9.3,33.4,30.0,4.9
Jakarta,Indonesia,2021-01-14,121.6,54.3,81.6,3.75,22.3,53.8,10.4,36.9,84.2,2.1
Jakarta,Indonesia,2017-02-19,62.4,40.1,56.6,0.5,17.4,65.5,4.8,37.8,88.0,3.6
Lagos,Nigeria,2015-07-28,108.8,45.6,70.0,1.01,31.0,69.8,13.8,29.9,21.1,9.2
Delhi,India,2021-05-08,121.3,84.6,147.5,3.36,21.4,50.0,10.9,36.0,35.2,2.7
Dhaka,Bangladesh,2017-06-21,179.5,113.4,156.2,3.91,34.6,69.6,18.2,27.7,45.5,11.1
Buenos Aires,Argentina,2016-10-14,85.8,58.9,104.2,2.55,19.0,57.0,11.6,20.1,62.3,9.0
Tehran,Iran,2015-07-02,95.3,50.1,78.3,0.58,24.8,70.2,7.3,9.6,44.1,8.0
Beijing,China,2022-05-15,158.6,86.0,157.0,2.75,16.0,76.9,8.3,-1.0,36.8,9.2
Ho Chi Minh City,Vietnam,2016-07-02,136.6,85.1,153.0,3.53,35.9,40.4,9.9,10.6,23.6,14.5
Los Angeles,USA,2018-01-31,73.5,34.1,50.5,4.97,18.7,45.5,5.2,-3.2,70.2,11.8
Cairo,Egypt,2019-08-17,171.4,116.1,222.3,3.54,45.0,41.4,12.8,0.6,33.6,14.5
Karachi,Pakistan,2021-01-24,134.7,55.8,90.9,2.05,31.0,39.7,10.5,31.4,91.0,3.4
Toronto,Canada,2017-02-09,90.4,40.7,66.2,4.25,13.3,22.9,12.7,30.4,72.4,1.8
Paris,France,2019-11-06,28.2,13.9,20.1,,8.0,79.7,3.1,38.0,54.0,0.9
Wuhan,China,2015-02-11,189.9,83.0,118.1,3.19,24.0,49.7,10.2,25.1,88.1,13.2
Nairobi,Kenya,2023-03-02,59.0,34.1,46.8,0.55,13.1,54.3,3.5,11.2,43.7,5.5
Dhaka,Bangladesh,2017-02-11,160.6,80.2,105.9,4.01,37.3,40.5,15.3,30.7,,7.4
Seoul,South Korea,2023-06-26,116.9,78.9,123.1,1.69,25.9,51.6,10.5,36.5,47.2,15.0
Mumbai,India,2015-12-27,171.6,72.2,115.1,1.77,19.2,24.3,11.6,12.0,90.1,10.0
Beijing,China,2017-07-23,175.6,100.2,159.5,0.98,50.1,57.4,16.5,14.7,77.4,3.1
London,UK,2019-12-14,5.0,3.1,6.1,4.34,0.9,42.7,0.5,-0.9,94.1,14.7
Dhaka,Bangladesh,2023-08-08,190.3,114.0,188.3,3.62,31.0,71.1,12.1,31.2,85.1,3.0
Dhaka,Bangladesh,2022-09-27,126.0,74.3,106.5,2.92,27.2,68.4,10.9,22.1,87.7,6.6
Chengdu,China,2022-09-10,140.1,67.1,101.7,,35.9,71.0,10.0,13.3,84.9,5.0
Beijing,China,2021-02-04,221.3,108.7,185.1,3.7,26.1,80.0,31.7,1.9,44.9,4.6
Bangkok,Thailand,2015-09-22,123.3,67.9,95.8,0.94,17.5,65.6,7.8,23.3,41.8,1.5
Johannesburg,South Africa,2023-02-01,55.5,30.6,48.2,1.12,16.2,71.6,4.8,31.5,34.2,1.6
Johannesburg,South Africa,2017-01-01,107.2,55.5,74.9,3.26,28.3,51.6,5.9,12.0,38.8,2.7
Mexico City,Mexico,2017-11-21,98.6,61.5,94.0,1.95,18.3,38.3,10.4,-1.7,61.8,10.8
Beijing,China,2017-02-07,203.4,120.2,216.0,3.1,59.0,68.6,22.7,,44.3,11.4
Ho Chi Minh City,Vietnam,2020-10-14,179.2,93.9,129.2,1.64,36.4,26.9,14.6,6.6,46.6,10.5
Delhi,India,2019-03-25,202.4,140.7,247.7,0.96,37.0,63.6,15.9,31.5,84.6,11.6
Berlin,Germany,2017-08-27,35.0,17.5,32.2,4.04,5.7,77.6,2.7,,85.9,8.5
Toronto,Canada,2019-08-24,43.9,20.4,29.3,1.05,8.3,52.9,5.9,4.8,76.6,10.6
Nairobi,Kenya,2022-07-26,41.8,26.2,39.1,1.85,12.2,79.9,2.1,25.9,60.2,7.2
Seoul,South Korea,2020-12-09,51.3,28.3,45.8,2.19,13.8,36.2,5.6,33.9,93.4,9.2
Tehran,Iran,2022-03-09,128.5,75.7,101.8,,33.3,23.8,17.3,0.6,33.2,12.6
Beijing,China,2019-11-09,172.5,103.9,156.5,1.47,39.7,26.4,18.5,36.6,83.9,12.8
Buenos Aires,Argentina,2017-08-31,47.2,24.2,46.7,4.88,5.3,48.1,4.2,28.2,57.0,1.6
Delhi,India,2017-02-02,212.2,104.4,193.3,3.94,54.0,66.6,19.4,22.7,30.9,3.8
Tehran,Iran,2024-12-15,99.5,65.9,114.3,2.82,10.3,53.7,14.1,5.1,36.6,13.8
Johannesburg,South Africa,2015-04-04,91.7,55.4,100.5,0.58,23.1,64.7,5.0,30.5,68.1,8.8
Tehran,Iran,2018-08-01,92.4,37.0,73.0,2.47,10.0,39.9,8.1,34.2,45.7,13.2
Sydney,Australia,2024-04-11,37.4,23.7,44.5,1.83,4.5,71.0,2.2,16.5,34.6,13.9
London,UK,2023-01-01,55.6,25.7,,1.09,,33.4,4.9,33.2,33.2,12.5
Tokyo,Japan,2015-10-23,39.9,25.9,39.9,2.52,9.6,22.2,4.6,0.4,41.6,12.2
Johannesburg,South Africa,2023-07-09,50.7,30.4,42.4,4.83,7.6,69.6,7.2,2.7,20.7,13.2
Lahore,Pakistan,2021-01-07,187.5,83.7,157.4,4.11,36.1,76.8,20.3,14.9,21.0,14.3
Berlin,Germany,2018-12-23,73.3,29.5,49.5,1.05,7.7,58.5,8.1,28.0,66.4,6.9
Tehran,Iran,2020-06-09,112.2,52.3,71.0,4.35,26.7,27.4,8.6,33.8,92.0,12.0
Ho Chi Minh City,Vietnam,2015-01-09,129.5,57.4,101.7,0.45,13.6,50.6,9.9,16.5,61.8,5.0
Beijing,China,2021-03-31,111.5,61.2,114.8,4.5,31.0,23.9,6.1,21.6,50.8,11.7
Bangkok,Thailand,2019-12-21,105.5,61.3,117.1,1.77,21.4,76.4,15.8,20.5,35.6,12.0
Sydney,Australia,2023-05-06,16.7,8.7,15.2,4.91,4.6,41.7,1.6,29.6,75.8,10.7
Sydney,Australia,2024-03-03,16.8,8.0,10.9,4.09,2.8,66.5,2.4,9.1,54.0,1.8
Tokyo,Japan,2015-05-21,40.4,22.8,32.5,2.82,6.6,79.4,3.5,-3.2,55.5,5.3
Jakarta,Indonesia,2021-11-28,89.1,44.0,82.1,,22.7,26.8,5.6,8.6,27.8,8.1
Karachi,Pakistan,2020-08-22,194.9,98.3,,0.77,45.9,35.9,24.9,29.7,64.3,6.9
Berlin,Germany,2016-10-07,49.9,33.4,55.6,1.29,7.0,49.8,6.1,13.2,50.3,1.6
Stockholm,Sweden,2020-11-24,34.8,15.7,30.3,1.12,8.6,64.7,4.7,18.5,50.2,1.9
Berlin,Germany,2022-02-19,47.2,23.1,37.2,2.26,9.2,33.4,3.7,15.7,77.8,11.3
Stockholm,Sweden,2021-07-01,29.1,16.3,27.1,2.98,4.7,63.1,2.3,9.8,,2.8
Mexico City,Mexico,2016-07-05,152.6,95.8,162.8,4.18,,29.7,20.7,37.2,58.3,10.6
São Paulo,Brazil,2019-09-05,62.3,37.5,65.8,0.82,16.0,22.0,9.2,38.5,79.0,7.6
Johannesburg,South Africa,2016-05-22,68.1,42.1,83.0,1.42,20.1,47.2,4.4,29.7,82.3,5.4
Lahore,Pakistan,2020-08-14,161.1,90.4,119.5,1.92,40.8,31.9,10.2,,42.4,9.4
Tokyo,Japan,2016-06-12,47.4,33.0,51.5,0.99,10.8,63.7,4.0,28.6,45.6,1.9
Ho Chi Minh City,Vietnam,2015-12-26,173.6,120.6,201.8,2.8,47.3,76.8,11.7,0.9,71.2,9.4
Ho Chi Minh City,Vietnam,2016-11-24,133.1,60.1,94.6,4.43,13.8,70.3,19.3,11.5,41.4,2.9
Dhaka,Bangladesh,2019-07-27,203.5,122.7,174.2,4.51,38.9,78.4,30.1,31.0,53.0,7.2
Stockholm,Sweden,2022-10-13,9.9,6.5,9.8,4.7,1.5,64.0,1.1,21.4,55.1,8.6
Cairo,Egypt,2022-05-02,176.0,103.8,155.1,1.58,40.4,29.1,26.0,,54.0,8.1
Seoul,South Korea,2023-03-08,93.8,65.3,92.4,2.82,27.4,78.9,9.2,-1.7,38.8,10.7
Seoul,South Korea,2024-05-04,51.7,30.5,49.3,1.15,6.2,61.0,3.5,18.5,57.0,10.3
Dhaka,Bangladesh,2016-01-11,157.6,109.6,182.7,4.89,42.3,71.9,19.0,2.8,91.9,6.3
Seoul,South Korea,2017-10-24,109.8,72.8,136.6,0.34,23.6,34.6,15.2,26.6,68.7,13.6
Chengdu,China,2021-06-29,150.3,68.4,101.0,2.96,28.7,78.9,13.8,1.8,85.6,4.5
Toronto,Canada,2022-06-10,20.4,12.2,18.0,0.38,4.7,24.3,1.0,25.7,54.0,12.2
Mumbai,India,2017-05-29,149.2,78.0,120.9,3.3,33.5,35.5,8.2,-0.3,88.5,11.0
Karachi,Pakistan,2022-05-10,170.9,100.0,191.6,3.93,25.4,65.0,19.0,2.6,27.1,5.8
Lagos,Nigeria,2024-06-11,88.3,45.1,58.7,2.0,,56.8,8.8,25.5,90.2,12.0
São Paulo,Brazil,2022-10-09,87.1,36.3,72.3,1.81,13.5,44.2,11.2,37.9,61.6,2.7
Sydney,Australia,2022-03-14,5.0,2.4,4.5,1.62,1.1,48.8,0.7,23.3,44.9,9.8
São Paulo,Brazil,2015-12-20,43.5,18.6,30.5,4.34,12.3,52.6,5.2,22.5,80.8,2.0
Berlin,Germany,2017-05-24,36.6,18.2,34.7,3.69,7.8,38.6,3.7,-2.5,74.5,3.9
Tokyo,Japan,2022-09-28,64.9,,58.5,4.69,9.9,47.7,8.5,38.4,31.8,1.5
Jakarta,Indonesia,2018-08-11,128.6,58.1,81.9,2.46,17.9,40.8,16.7,-0.2,42.8,6.3
São Paulo,Brazil,2018-10-27,110.7,67.8,110.4,4.75,18.6,75.5,11.8,19.2,37.6,14.2
Seoul,South Korea,2024-07-22,106.0,69.4,105.3,4.08,25.0,22.0,10.5,14.0,,10.7
Sydney,Australia,2016-12-19,37.2,20.0,39.3,0.63,8.6,46.3,2.7,1.2,54.7,4.9
Lahore,Pakistan,2016-07-02,172.0,81.3,161.1,3.36,34.6,76.0,22.0,19.0,20.5,6.5
Jakarta,Indonesia,2023-06-17,142.6,69.2,92.6,3.16,39.9,79.3,8.8,38.3,48.8,11.3
Cairo,Egypt,2024-07-22,165.9,80.4,129.6,2.25,38.3,78.6,17.8,19.5,45.4,10.3
Cairo,Egypt,2024-10-22,166.1,71.4,104.8,3.09,19.4,40.9,16.3,31.3,59.5,6.0
Mumbai,India,2016-01-23,182.6,117.1,185.0,1.37,32.1,23.3,18.8,-1.7,83.7,11.6
Lahore,Pakistan,2015-07-20,126.9,86.8,166.8,0.31,32.5,55.1,11.9,7.9,34.7,13.3
Chengdu,China,2015-08-25,212.9,135.4,235.2,2.27,24.0,56.7,28.7,-2.9,46.5,4.1
Mexico City,Mexico,2021-07-30,97.1,53.5,83.1,3.96,25.5,30.1,9.9,33.7,66.8,7.5
Stockholm,Sweden,2015-03-23,35.6,15.9,28.8,2.37,4.5,54.3,1.9,5.7,41.9,14.9
Tehran,Iran,2017-11-23,128.8,63.6,98.9,2.36,33.2,60.9,13.4,15.1,39.1,7.1
Cairo,Egypt,2015-02-03,166.7,83.6,137.1,3.87,47.4,49.8,10.8,29.8,76.9,10.3
Tehran,Iran,2020-10-08,59.7,29.6,54.1,4.93,11.6,29.8,4.3,6.6,67.7,11.6
Los Angeles,USA,2020-02-09,42.6,28.5,38.4,4.07,10.3,58.7,2.4,18.4,29.2,6.9
Johannesburg,South Africa,2017-06-04,97.0,43.3,73.6,1.63,24.6,35.2,8.1,21.6,,12.7
São Paulo,Brazil,2019-10-30,96.1,62.4,121.2,1.36,18.2,44.3,6.4,6.9,50.7,2.0
Berlin,Germany,2015-10-05,77.2,45.0,87.6,0.45,17.8,67.1,7.8,38.5,22.9,8.1
Cairo,Egypt,2021-08-02,123.5,57.6,108.3,4.59,34.2,41.4,9.9,25.4,89.8,1.4
Tehran,Iran,2019-07-29,115.3,60.1,95.7,2.62,23.0,47.9,14.8,29.4,76.3,5.2
Nairobi,Kenya,2015-12-12,50.1,22.4,42.6,3.42,,31.2,4.0,8.9,,13.5
Stockholm,Sweden,2024-07-05,35.8,23.5,45.7,0.41,5.2,21.4,2.1,19.0,74.8,7.5
Karachi,Pakistan,2024-12-21,150.5,86.5,164.2,2.2,43.3,23.1,20.0,10.2,85.2,13.8
Nairobi,Kenya,2021-12-31,58.2,29.5,47.8,2.89,11.2,67.5,7.4,-4.4,31.4,5.8
Mexico City,Mexico,2018-08-30,88.3,47.5,81.4,4.54,23.0,41.6,11.2,32.5,59.2,4.8
Jakarta,Indonesia,2020-06-28,86.9,59.8,87.2,3.99,9.4,20.1,7.4,15.8,61.0,6.0
Chengdu,China,2016-09-03,191.3,95.8,164.3,3.5,47.2,49.3,12.0,35.5,39.5,5.4
Buenos Aires,Argentina,2018-03-10,49.9,31.4,60.5,0.46,13.7,67.5,5.1,2.2,60.9,3.3
Mumbai,India,2024-05-15,202.1,130.2,217.7,0.58,30.7,78.9,27.3,36.7,27.3,4.1
São Paulo,Brazil,2020-06-01,128.0,82.8,117.7,2.23,19.7,75.8,14.2,31.0,65.2,9.4
Toronto,Canada,2021-12-03,18.6,9.1,16.2,2.29,3.9,66.3,1.4,14.1,59.0,1.3
Nairobi,Kenya,2016-11-03,43.1,18.1,33.0,1.71,8.0,60.3,6.3,31.5,24.3,4.9
Mexico City,Mexico,2017-02-06,77.0,,73.0,4.05,13.1,59.6,6.7,12.4,70.7,6.1
Cairo,Egypt,2023-05-15,108.0,46.9,78.7,3.79,30.0,28.8,9.8,16.9,87.9,4.2
Bangkok,Thailand,2021-12-30,97.1,64.2,111.3,2.28,26.6,37.9,13.9,29.1,21.5,7.2
Buenos Aires,Argentina,2023-09-29,62.0,32.2,64.1,4.28,15.5,28.1,3.8,23.9,69.6,2.6
Mexico City,Mexico,2023-12-07,103.2,60.1,99.7,0.47,12.2,66.8,10.2,22.5,66.0,6.0
Lahore,Pakistan,2017-07-05,200.2,127.4,207.3,0.95,20.9,21.1,10.7,2.0,37.4,4.1
São Paulo,Brazil,2018-04-15,103.0,66.7,104.6,3.68,12.5,39.7,12.2,36.9,66.2,5.8
Stockholm,Sweden,2016-01-30,5.0,2.6,4.5,1.84,1.0,65.5,0.4,27.2,77.1,13.0
Los Angeles,USA,2015-02-10,54.0,24.3,45.4,0.75,6.3,50.3,4.0,24.8,71.4,9.0
Karachi,Pakistan,2018-03-15,137.7,83.9,120.1,0.67,34.4,64.4,18.6,,36.7,8.9
Wuhan,China,2022-12-14,187.2,93.7,122.5,3.36,25.5,31.7,9.7,21.0,62.1,1.9
Lagos,Nigeria,2020-08-01,92.3,50.5,93.2,4.78,10.6,62.5,6.4,-3.5,45.1,8.8
Stockholm,Sweden,2017-09-22,49.1,34.2,44.5,1.36,9.8,61.7,5.7,6.3,34.8,0.7
Wuhan,China,2018-10-31,157.1,80.7,,1.82,39.5,24.2,20.6,35.1,39.9,2.6
Sydney,Australia,2020-04-24,22.9,10.7,21.3,3.45,6.1,64.8,2.0,33.8,64.1,10.0
Wuhan,China,2020-01-27,180.8,125.6,238.4,1.0,25.5,64.9,9.5,10.1,59.9,3.5
Seoul,South Korea,2024-07-26,127.4,62.1,91.2,2.73,25.0,48.8,11.5,27.7,66.1,7.6
Berlin,Germany,2017-08-22,50.1,31.6,58.3,3.23,7.8,31.0,3.1,23.0,,5.9
Berlin,Germany,2020-01-19,93.4,64.5,99.0,2.32,14.7,21.0,7.9,-1.8,84.4,10.9
Wuhan,China,2017-03-04,176.5,87.9,149.4,4.05,43.0,21.7,22.7,34.7,26.7,11.7
Sydney,Australia,2017-07-05,40.2,22.7,37.0,4.54,6.0,56.2,3.7,34.3,30.0,1.7
Seoul,South Korea,2018-02-28,46.6,26.7,51.7,2.22,10.3,61.6,6.9,0.1,29.4,8.1
Nairobi,Kenya,2023-07-31,62.0,39.7,69.0,0.86,13.2,73.8,4.9,24.7,23.1,12.6
Stockholm,Sweden,2024-07-03,53.9,31.4,52.4,2.88,8.1,53.5,5.9,14.1,67.5,3.3
Bangkok,Thailand,2020-05-05,74.3,38.9,55.0,3.2,9.3,50.0,5.3,3.7,27.2,5.7
Stockholm,Sweden,2020-12-29,72.2,42.0,77.5,0.84,11.7,43.3,9.8,24.9,56.8,4.9
Jakarta,Indonesia,2016-10-07,122.8,50.7,75.6,3.81,21.8,57.6,12.6,35.8,43.0,7.0
London,UK,2015-12-23,74.8,41.5,54.7,3.87,19.9,39.4,10.9,27.9,82.2,10.0
Lahore,Pakistan,2016-01-04,236.7,135.8,224.9,3.92,44.4,38.6,12.8,-1.0,36.6,2.7
Chengdu,China,2017-10-16,147.1,89.6,164.1,1.97,43.7,55.3,8.8,11.4,63.7,14.4
Johannesburg,South Africa,2024-05-18,117.0,51.4,95.9,4.42,30.5,44.6,13.9,31.8,91.0,5.3
Wuhan,China,2016-10-06,171.6,107.6,147.2,2.94,46.7,33.4,15.2,32.1,57.7,3.1
Johannesburg,South Africa,2019-02-16,123.7,65.1,103.9,4.19,17.6,30.3,14.8,24.5,88.4,5.3
Lagos,Nigeria,2018-10-18,120.1,63.5,99.6,4.71,34.1,45.7,11.0,15.0,74.8,8.5
Stockholm,Sweden,2024-09-30,38.7,23.8,34.2,4.02,11.5,61.1,2.9,-4.8,48.9,7.3
Mumbai,India,2019-03-28,185.8,108.9,163.0,3.55,22.0,32.8,23.1,8.4,22.3,7.7
Bangkok,Thailand,2023-04-02,81.9,40.5,69.1,4.57,,65.8,11.2,1.7,20.4,14.2
Johannesburg,South Africa,2022-10-26,79.6,35.7,56.6,,23.6,69.5,9.1,-3.8,,3.3
Berlin,Germany,2018-06-13,38.4,25.4,41.5,3.42,11.1,54.9,3.3,16.3,55.2,12.1
Karachi,Pakistan,2021-12-10,187.2,77.3,136.9,4.32,37.5,28.4,12.1,35.1,25.5,7.8
Jakarta,Indonesia,2016-03-10,96.3,47.2,85.0,3.11,11.2,65.2,8.2,,81.3,9.7
Berlin,Germany,2022-02-11,25.7,12.7,23.1,,6.1,33.1,2.9,15.5,31.7,9.1
Beijing,China,2016-04-08,170.0,113.7,225.4,2.36,45.2,28.5,8.8,2.1,53.3,2.9
Buenos Aires,Argentina,2016-05-31,69.3,32.6,47.3,4.62,14.1,60.5,6.2,2.4,73.6,6.9
Berlin,Germany,2017-02-14,36.0,16.1,28.8,,6.6,41.0,4.8,20.4,73.1,11.2
Johannesburg,South Africa,2021-01-08,68.3,46.7,,3.35,17.9,21.0,3.8,6.2,33.6,2.7
Lima,Peru,2015-10-26,62.3,35.7,50.9,3.43,16.9,46.1,5.3,26.0,80.4,4.9
Mumbai,India,2017-12-07,168.0,105.8,173.4,2.45,20.3,25.3,21.0,21.3,56.7,1.2
Los Angeles,USA,2020-01-09,61.9,31.9,57.2,1.51,11.3,47.7,3.3,39.7,48.6,14.5
Karachi,Pakistan,2022-05-31,188.1,127.7,170.8,4.82,34.1,28.2,22.0,29.3,68.7,8.3
London,UK,2021-06-28,74.2,36.7,70.3,3.55,20.8,56.4,9.6,34.8,60.6,10.9
Ho Chi Minh City,Vietnam,2024-10-31,175.8,108.3,180.4,4.06,46.0,22.8,12.4,3.7,44.2,7.4
Istanbul,Turkey,2018-06-28,125.2,82.4,132.9,3.39,33.7,63.5,7.6,1.8,26.2,4.6
Dhaka,Bangladesh,2015-07-28,135.2,78.8,103.9,2.41,26.9,58.7,10.0,34.1,57.8,10.5
São Paulo,Brazil,2018-05-18,97.1,64.9,116.9,3.58,19.3,20.4,13.4,5.9,55.6,3.3
Seoul,South Korea,2021-03-24,37.7,15.5,27.2,0.53,10.7,23.3,5.2,6.3,69.0,9.7
Tehran,Iran,2024-05-01,161.8,83.4,146.7,1.76,36.9,65.2,10.2,12.1,22.6,1.8
Tokyo,Japan,2017-04-28,5.0,3.1,6.1,3.17,0.8,66.3,0.5,1.2,87.2,2.3
Ho Chi Minh City,Vietnam,2017-10-31,170.8,117.5,201.5,4.89,23.2,23.4,19.5,-0.3,57.9,11.8
Seoul,South Korea,2022-10-11,60.2,36.6,49.1,3.71,7.2,43.4,7.7,0.8,42.0,3.3
Beijing,China,2018-03-21,163.6,78.9,130.6,1.09,41.1,58.6,8.9,37.6,87.0,4.8
Wuhan,China,2020-01-19,124.9,68.7,119.0,1.67,32.4,24.7,11.2,20.0,80.0,13.1
Beijing,China,2022-07-05,140.0,73.9,140.0,0.34,33.2,33.2,19.3,9.3,60.3,5.3
Mexico City,Mexico,2017-02-15,70.6,39.3,71.7,0.87,12.0,58.4,7.7,30.1,86.7,1.9
Karachi,Pakistan,2016-06-14,165.3,,136.7,1.93,48.8,28.2,9.6,32.7,52.3,10.3
Dhaka,Bangladesh,2022-09-02,120.4,55.3,80.1,1.22,18.0,33.3,15.8,19.0,42.2,5.5
Jakarta,Indonesia,2021-05-13,121.4,75.4,130.4,3.23,22.4,46.3,15.7,31.5,62.8,11.6
Beijing,China,2015-08-08,158.8,79.4,137.8,2.35,,58.9,17.3,-0.4,25.3,4.1
Ho Chi Minh City,Vietnam,2022-08-27,128.0,58.1,85.8,3.92,34.6,54.8,17.5,33.6,36.6,9.9
Tehran,Iran,2018-10-12,118.3,67.2,125.3,3.26,18.6,61.1,12.9,23.1,27.1,2.3
London,UK,2015-12-04,5.0,2.1,3.2,1.69,1.5,70.1,0.3,28.7,,3.8
Dhaka,Bangladesh,2016-01-03,164.7,67.4,122.1,4.51,45.5,66.3,23.6,,71.5,0.9
Mumbai,India,2019-05-19,197.8,90.0,176.8,3.35,39.1,71.7,28.8,11.7,58.7,2.2
Stockholm,Sweden,2024-06-13,79.1,45.9,61.1,1.2,11.8,31.2,4.8,3.2,90.2,11.9
Beijing,China,2019-06-01,153.1,78.2,144.2,4.54,38.3,54.9,16.2,15.9,54.1,1.3
Beijing,China,2024-01-17,187.1,82.9,135.0,1.66,32.9,78.3,23.7,1.3,80.7,6.9
Beijing,China,2024-06-16,163.5,100.7,196.9,2.83,21.2,54.1,8.9,15.4,36.7,9.9
Nairobi,Kenya,2023-12-26,128.3,71.2,136.9,2.46,38.4,28.2,17.4,11.4,79.6,7.7
Tokyo,Japan,2021-12-01,11.9,5.0,8.7,0.42,2.9,39.4,1.1,28.9,31.3,9.9
Nairobi,Kenya,2019-02-26,86.1,45.2,78.6,1.99,,25.4,9.4,38.2,80.4,1.9
Los Angeles,USA,2018-04-10,67.6,34.2,65.8,0.81,7.4,40.8,7.3,32.6,33.9,4.3
Cairo,Egypt,2015-02-15,131.7,66.3,86.4,1.85,20.0,50.3,8.1,25.8,42.1,3.8
Los Angeles,USA,2023-05-03,84.8,51.4,73.2,3.46,11.1,39.1,8.2,23.6,55.3,9.0
Istanbul,Turkey,2023-03-05,91.9,63.3,122.3,2.68,22.8,46.3,13.5,-1.5,35.4,4.2
Berlin,Germany,2016-09-05,63.1,42.2,56.8,4.21,10.1,55.4,7.3,20.3,27.1,7.5
São Paulo,Brazil,2016-04-08,34.5,13.8,19.9,1.7,8.2,43.1,3.4,21.9,22.6,5.5
Beijing,China,2022-04-11,138.2,75.7,129.6,1.67,33.1,71.6,8.7,8.1,46.0,2.0
Paris,France,2022-08-07,6.1,2.8,,0.95,1.5,59.4,0.6,18.2,32.0,0.9
Dhaka,Bangladesh,2015-05-19,177.4,114.2,148.9,2.1,28.6,32.5,11.8,12.0,30.8,3.3
Paris,France,2020-08-30,33.4,15.7,21.3,4.37,6.2,69.8,1.8,23.7,81.4,10.6
Johannesburg,South Africa,2021-03-12,79.9,47.2,94.3,2.25,22.6,73.5,10.5,16.6,43.9,1.3
Mumbai,India,2020-03-04,170.3,112.7,184.5,0.31,44.1,27.7,11.3,5.5,34.6,10.9
Lahore,Pakistan,2018-04-27,162.1,94.1,153.4,1.94,23.5,53.2,16.3,39.6,54.8,13.3
Delhi,India,2023-07-05,152.5,76.0,114.8,,32.9,31.5,11.5,-4.1,44.2,9.5
Toronto,Canada,2018-07-14,52.5,35.3,46.4,4.63,10.7,28.1,3.9,1.5,37.0,4.3
Lahore,Pakistan,2024-12-09,199.4,95.4,156.8,3.32,,73.0,13.1,24.0,28.5,3.9
Sydney,Australia,2023-02-02,5.0,2.5,4.2,3.48,1.3,58.5,0.3,,26.6,8.7
Paris,France,2018-11-24,48.1,23.4,38.2,2.09,12.8,33.6,3.1,32.7,38.3,1.0
Istanbul,Turkey,2017-05-08,86.8,47.0,62.6,3.64,14.6,63.7,7.9,18.7,64.2,3.4
Jakarta,Indonesia,2015-06-16,158.3,91.2,171.0,4.82,32.4,24.4,23.1,13.9,27.7,14.6
Delhi,India,2018-06-13,152.5,93.9,186.3,4.93,,66.1,17.8,31.1,45.0,6.3
Sydney,Australia,2022-12-11,47.1,29.7,55.4,1.47,10.1,27.6,2.4,22.5,83.0,13.6
Paris,France,2021-03-06,36.3,24.0,44.3,1.75,8.0,23.1,2.3,37.6,20.7,3.4
Berlin,Germany,2019-06-30,79.9,48.7,66.9,0.39,22.8,72.4,6.9,-0.5,70.9,13.3
Johannesburg,South Africa,2019-09-20,98.1,51.9,73.2,4.1,25.2,77.9,5.7,5.7,82.1,6.2
Berlin,Germany,2018-09-21,12.1,7.1,11.2,0.47,2.7,33.7,1.8,26.1,83.0,14.3
Johannesburg,South Africa,2015-04-13,100.3,66.7,87.0,4.74,19.1,47.8,13.8,8.0,63.8,5.3
Ho Chi Minh City,Vietnam,2020-07-26,118.3,60.0,85.3,2.75,,46.2,8.0,0.3,,2.1
Mumbai,India,2018-07-07,139.9,67.0,103.7,0.49,20.1,66.6,11.8,3.4,34.8,14.8
Bangkok,Thailand,2017-05-06,96.3,64.7,87.7,4.41,19.4,56.5,7.2,35.4,64.0,10.3
Seoul,South Korea,2021-08-30,67.6,40.6,55.5,4.69,8.4,60.0,7.7,,52.5,6.0
Johannesburg,South Africa,2015-06-26,63.6,41.0,67.3,1.16,17.7,58.9,4.0,3.2,60.6,7.8
London,UK,2022-03-11,8.1,3.8,6.3,0.6,1.4,32.6,0.5,1.6,30.5,2.8
Paris,France,2018-10-27,39.8,24.1,34.6,0.69,4.1,27.8,3.6,33.9,23.0,10.4
São Paulo,Brazil,2020-06-16,24.6,16.0,28.3,1.7,,65.4,3.4,22.9,66.1,2.0
Chengdu,China,2016-03-27,157.8,101.7,180.8,0.52,37.9,44.2,18.7,,33.1,13.1
Tehran,Iran,2023-07-26,169.6,104.9,,0.83,48.1,40.8,24.9,33.2,42.2,11.3
Los Angeles,USA,2021-08-23,20.1,8.2,,1.05,3.2,48.7,1.3,-0.6,58.1,5.5
Beijing,China,2016-11-04,148.4,92.2,183.4,2.76,25.2,29.7,19.5,-1.7,63.6,11.6
Sydney,Australia,2022-08-13,109.1,59.4,93.7,1.29,30.2,51.9,14.8,33.3,93.5,13.8
Lagos,Nigeria,2020-07-09,82.0,43.4,73.5,0.59,10.7,58.4,5.3,10.2,22.8,3.0
Johannesburg,South Africa,2015-07-11,104.6,62.0,85.1,1.43,18.7,60.9,6.0,15.2,75.3,2.5
Toronto,Canada,2021-10-13,5.0,3.4,5.4,2.4,0.6,41.9,0.5,-4.6,23.7,4.0
Beijing,China,2015-11-23,126.2,80.2,149.2,2.99,33.7,28.2,18.0,31.3,65.0,8.9
Cairo,Egypt,2020-12-03,129.8,83.9,127.6,0.54,,72.9,7.6,13.5,82.6,3.8
Mumbai,India,2021-09-08,222.7,130.6,248.9,3.01,26.8,75.8,23.1,10.4,76.5,10.5
Lima,Peru,2016-01-13,77.3,34.9,49.3,3.87,8.8,61.2,6.1,36.7,61.5,3.7
Johannesburg,South Africa,2021-01-15,104.8,70.3,93.1,0.9,20.4,25.6,11.2,2.1,68.8,2.2
São Paulo,Brazil,2020-04-23,89.0,37.4,63.2,3.63,25.0,48.9,12.9,0.5,52.5,4.2
Dhaka,Bangladesh,2023-10-30,180.0,111.7,176.7,0.48,29.5,68.5,21.1,16.8,73.4,3.6
Karachi,Pakistan,2015-03-13,133.7,73.3,105.5,3.75,14.6,53.2,8.2,8.8,34.5,6.8
Chengdu,China,2021-11-24,187.7,112.2,181.2,,49.1,79.6,11.7,13.4,39.1,11.0
Tehran,Iran,2017-03-23,74.0,41.3,60.9,2.12,21.8,34.5,3.9,36.5,80.3,7.1
Paris,France,2018-11-14,48.4,24.2,33.9,1.56,8.3,53.3,3.8,9.5,61.1,4.6
Johannesburg,South Africa,2024-07-14,130.5,78.9,110.0,,19.5,73.5,15.9,27.3,42.9,6.2
Ho Chi Minh City,Vietnam,2021-11-20,122.9,62.6,101.2,2.93,19.6,65.8,9.5,-2.6,79.0,5.9
São Paulo,Brazil,2016-09-15,113.1,58.2,98.4,0.36,17.1,72.5,10.6,23.6,41.0,12.9
Johannesburg,South Africa,2020-02-17,102.4,68.8,101.2,3.72,10.7,55.9,8.2,0.5,67.0,0.9
Nairobi,Kenya,2022-09-26,54.2,36.5,56.0,0.54,15.9,69.8,3.9,18.2,31.7,14.4
Lagos,Nigeria,2020-05-20,47.4,25.6,48.2,0.91,7.2,64.0,5.3,2.2,,13.3
Stockholm,Sweden,2023-05-03,5.0,2.5,4.0,2.62,0.7,27.9,0.5,15.4,70.8,7.6
Beijing,China,2019-10-29,234.9,118.2,201.4,1.61,61.9,67.6,26.9,12.4,65.2,9.5
Tokyo,Japan,2015-06-01,27.0,18.9,27.0,4.13,5.0,25.0,2.2,-1.3,93.6,4.3
Istanbul,Turkey,2016-11-05,76.2,40.2,71.4,1.5,9.1,68.5,9.3,-0.1,74.8,9.2
Lima,Peru,2022-10-10,63.7,35.1,58.1,1.15,11.4,58.3,6.4,12.2,52.9,9.8
Tehran,Iran,2018-08-30,158.3,106.9,202.1,2.41,47.2,29.5,15.2,19.3,93.0,7.5
Toronto,Canada,2017-01-06,44.1,26.4,38.5,2.75,10.2,36.6,4.3,31.6,60.4,3.6
Sydney,Australia,2022-06-04,5.0,3.1,4.6,0.41,1.4,21.1,0.5,5.0,78.3,2.5
Istanbul,Turkey,2017-05-19,58.3,34.7,45.8,3.12,14.5,48.8,3.8,,31.0,6.4
Lima,Peru,2023-11-04,82.8,40.6,56.6,1.13,23.8,20.9,8.5,14.4,41.1,12.1
Karachi,Pakistan,2021-10-25,165.7,110.6,168.7,2.37,29.3,42.1,20.3,17.8,50.6,14.2
Beijing,China,2017-05-16,126.6,82.3,136.6,2.38,14.3,71.5,9.8,25.6,,8.3
Lagos,Nigeria,2016-10-03,147.6,88.1,142.0,3.28,22.5,59.5,17.3,15.0,38.7,12.1
Mexico City,Mexico,2019-08-07,83.4,34.8,57.3,0.73,13.7,45.3,5.6,16.1,73.0,6.8
Tehran,Iran,2021-11-16,191.8,130.6,215.5,4.47,57.0,53.5,12.4,34.4,84.7,13.1
Ho Chi Minh City,Vietnam,2021-08-09,82.2,36.7,63.8,0.73,10.6,29.5,9.2,25.8,20.8,12.5
Buenos Aires,Argentina,2020-08-29,62.4,35.9,68.5,1.95,18.3,78.5,3.2,24.5,46.3,2.5
São Paulo,Brazil,2019-06-09,78.2,48.1,64.2,0.95,9.0,55.6,6.2,20.3,71.4,5.6
Delhi,India,2022-03-20,188.9,89.2,144.5,4.44,30.9,22.1,26.2,17.2,57.3,8.5
Johannesburg,South Africa,2024-09-28,78.4,48.2,70.4,1.72,17.7,65.0,9.6,-1.3,76.6,10.1
Sydney,Australia,2021-08-09,32.5,19.7,33.5,2.12,8.4,44.2,3.4,20.2,58.3,7.1
Tehran,Iran,2024-08-24,147.5,69.7,96.6,3.7,36.7,58.3,20.9,6.9,81.6,3.2
Seoul,South Korea,2015-12-15,104.0,56.2,108.6,3.06,28.1,62.8,11.3,0.2,41.8,2.3
Chengdu,China,2015-12-20,162.7,86.4,138.4,1.63,42.9,45.5,12.7,6.9,43.1,12.5
Los Angeles,USA,2015-04-19,68.3,45.7,81.1,4.18,18.2,61.8,6.6,37.5,44.6,12.0
Seoul,South Korea,2022-06-19,76.2,45.4,85.4,3.7,18.4,47.9,10.7,9.1,88.0,1.0
Nairobi,Kenya,2017-12-30,37.8,23.7,34.0,2.24,10.6,43.7,5.0,-0.6,28.6,3.1
Lagos,Nigeria,2019-04-24,131.8,91.4,126.0,1.0,17.7,55.9,13.1,27.5,45.7,1.1
Chengdu,China,2021-04-29,179.3,110.1,174.2,3.17,23.1,35.1,13.4,-1.6,90.5,6.8
London,UK,2021-02-11,61.8,28.8,53.0,4.08,6.2,22.0,8.8,20.6,41.3,3.2
London,UK,2021-09-11,57.9,33.9,59.8,2.36,6.2,53.3,7.0,,22.0,13.7
Cairo,Egypt,2017-10-13,118.5,75.5,99.6,2.18,29.6,25.5,8.2,17.9,87.0,5.3
Sydney,Australia,2024-03-06,65.7,37.7,56.0,3.03,18.3,48.2,7.9,10.5,73.4,13.1
Buenos Aires,Argentina,2019-02-13,34.3,17.7,32.3,4.79,3.9,51.0,2.3,7.3,67.7,14.4
Sydney,Australia,2021-04-09,59.2,31.8,52.0,3.08,10.6,30.3,4.5,-2.1,24.2,13.1
Sydney,Australia,2015-11-05,106.0,44.6,83.7,4.78,15.0,65.4,7.0,25.6,71.0,6.7
Mexico City,Mexico,2024-03-23,108.1,62.7,114.9,0.97,22.4,47.3,9.9,11.2,94.8,3.0
Nairobi,Kenya,2019-02-11,48.6,24.9,43.7,4.95,9.5,69.5,2.8,20.0,48.7,10.6
Mumbai,India,2019-11-30,170.7,111.5,,1.81,30.4,46.3,12.9,-3.0,,11.6
Tokyo,Japan,2021-11-28,5.0,3.0,5.7,2.42,0.8,79.6,0.3,4.8,70.1,4.2
Dhaka,Bangladesh,2022-01-13,171.3,94.8,172.0,0.64,19.6,64.8,24.3,21.6,22.9,7.1
Johannesburg,South Africa,2018-08-25,96.9,57.1,,0.55,26.9,33.6,14.5,0.2,28.6,10.2
Tokyo,Japan,2021-10-06,20.8,8.9,16.0,4.02,5.5,49.4,3.1,31.0,53.0,1.9
Tokyo,Japan,2018-09-11,111.8,70.6,135.2,3.41,19.8,41.4,9.6,,74.4,2.9
Nairobi,Kenya,2020-01-08,86.7,56.8,90.0,1.89,,23.7,10.9,-1.0,82.1,11.8
Karachi,Pakistan,2022-01-20,152.8,92.6,121.7,,20.1,40.3,16.2,27.9,37.4,5.4
Tokyo,Japan,2024-09-17,5.0,3.1,6.1,3.84,1.5,43.3,0.4,,86.4,6.2
Ho Chi Minh City,Vietnam,2017-08-14,128.8,77.6,104.0,4.43,,33.4,19.1,28.9,66.3,14.8
Istanbul,Turkey,2019-10-02,46.5,30.0,40.0,3.38,6.1,25.3,4.0,11.0,65.0,8.7
Nairobi,Kenya,2021-05-21,103.6,46.8,89.5,4.34,14.8,48.4,10.2,36.5,87.9,1.5
Karachi,Pakistan,2021-04-22,172.6,85.2,134.0,3.25,37.4,30.0,25.4,-3.7,45.8,12.1
Ho Chi Minh City,Vietnam,2018-04-14,107.6,68.8,107.4,3.46,27.2,54.7,12.7,19.9,24.1,4.5
Paris,France,2020-07-26,39.8,22.3,39.5,1.52,8.7,55.8,5.4,,42.1,8.1
Bangkok,Thailand,2018-07-15,52.5,30.6,59.4,2.79,8.3,44.3,7.4,31.6,80.2,8.7
Cairo,Egypt,2015-06-22,119.4,56.2,76.4,4.58,32.2,42.8,15.2,17.9,70.9,10.5
Cairo,Egypt,2023-01-01,114.8,73.1,131.1,3.22,16.3,37.0,6.6,6.6,60.8,14.3
Lahore,Pakistan,2015-12-17,217.7,138.9,199.2,1.14,48.4,74.8,28.4,12.3,69.4,4.2
Wuhan,China,2018-05-13,149.1,83.6,146.0,2.18,15.9,75.7,21.7,25.9,40.0,9.1
Bangkok,Thailand,2022-04-04,70.7,40.1,53.8,4.98,,76.4,8.8,20.3,75.2,7.3
Mumbai,India,2024-12-13,221.7,140.2,194.1,4.77,47.7,47.0,28.6,5.3,91.9,2.9
Wuhan,China,2017-11-24,167.4,109.9,158.2,4.08,,64.6,11.0,10.4,55.7,13.8
Sydney,Australia,2019-05-22,61.7,24.8,39.8,4.04,7.3,20.1,5.9,-4.9,90.1,12.5
Karachi,Pakistan,2019-12-23,171.4,103.0,176.3,4.75,45.6,41.9,20.5,15.8,89.6,9.5
Cairo,Egypt,2018-09-10,120.6,66.4,103.8,1.0,18.7,40.0,7.9,31.6,20.2,13.8
Johannesburg,South Africa,2019-02-02,81.3,45.0,68.6,1.88,21.3,73.4,12.0,18.2,38.5,8.5
Lahore,Pakistan,2022-01-11,159.5,,126.5,1.36,25.9,41.8,22.5,2.9,36.7,11.1
Karachi,Pakistan,2017-12-14,171.6,115.7,222.2,4.76,48.1,38.9,12.2,35.6,73.4,6.0
Delhi,India,2024-08-31,151.1,74.3,126.9,1.4,32.1,75.4,19.2,24.5,38.5,1.4
Buenos Aires,Argentina,2016-10-17,23.2,15.8,26.6,2.99,3.7,72.8,3.2,27.2,27.4,1.7
Istanbul,Turkey,2024-10-01,106.1,47.0,71.9,1.11,17.2,76.6,13.3,1.2,70.2,0.9
Johannesburg,South Africa,2022-06-21,100.7,49.8,84.7,4.47,28.0,67.2,13.2,17.8,85.1,7.3
Johannesburg,South Africa,2020-04-10,51.5,34.5,55.9,3.12,11.6,24.9,4.4,11.1,73.8,10.3
Lagos,Nigeria,2023-09-11,83.7,42.2,59.7,4.35,22.5,74.8,9.7,7.1,87.3,4.5
Beijing,China,2015-01-11,181.9,74.0,126.1,2.35,41.8,78.1,10.1,-0.9,62.3,15.0
Beijing,China,2023-09-19,117.2,65.5,93.6,1.13,19.7,76.4,13.6,11.7,67.9,3.4
Lima,Peru,2024-08-31,80.3,54.3,106.1,3.06,22.1,43.2,11.1,10.0,72.7,13.8
Istanbul,Turkey,2017-03-15,39.6,22.3,30.9,4.79,6.9,47.4,3.6,-3.7,22.6,8.7
Delhi,India,2016-10-16,185.5,129.1,191.6,2.03,55.2,22.9,21.2,-0.4,91.0,4.7
Mexico City,Mexico,2023-09-25,123.0,74.2,137.2,1.45,22.6,55.9,7.9,38.5,28.2,11.1
Mexico City,Mexico,2022-01-05,111.6,48.1,83.4,2.43,11.2,43.6,8.4,34.2,73.1,11.2
Dhaka,Bangladesh,2024-04-02,150.8,102.7,141.6,1.21,23.7,30.5,7.8,15.7,71.6,6.6
Istanbul,Turkey,2024-04-24,110.0,73.1,114.9,4.24,14.9,40.0,14.3,-3.6,89.0,6.3
Mexico City,Mexico,2016-11-16,54.7,37.7,71.7,4.54,10.8,26.3,4.1,18.9,49.2,5.3
Jakarta,Indonesia,2016-06-09,115.7,54.4,91.2,3.53,27.6,22.7,6.1,-1.1,21.3,6.9
Los Angeles,USA,2016-03-31,5.0,2.1,2.8,3.93,1.2,37.2,0.3,11.0,56.3,8.0
Johannesburg,South Africa,2024-04-01,67.5,39.1,68.2,3.32,15.2,77.4,8.2,9.3,80.9,6.8
Berlin,Germany,2020-09-14,5.4,3.6,5.6,0.51,1.6,69.9,0.8,3.1,21.6,14.3
Istanbul,Turkey,2015-09-18,141.3,92.9,121.0,3.39,34.2,40.6,13.8,1.0,26.0,12.3
Nairobi,Kenya,2015-06-12,99.6,50.7,76.2,4.02,24.0,58.1,12.9,33.8,91.1,9.5
Lima,Peru,2022-03-12,58.3,29.5,41.1,0.87,17.4,31.1,7.2,30.2,56.9,0.6
Paris,France,2017-05-11,122.2,54.7,104.9,3.11,18.3,26.0,9.4,29.5,91.6,3.9
Lima,Peru,2017-12-23,99.2,63.7,,0.88,28.0,34.0,12.6,24.3,55.1,1.8
Berlin,Germany,2015-06-03,11.9,6.4,8.8,2.06,1.5,35.7,1.6,5.5,67.8,3.8
Paris,France,2024-09-20,50.4,20.4,40.5,4.8,8.3,34.3,3.3,25.9,76.6,6.6
Wuhan,China,2018-10-08,187.2,105.4,169.8,0.32,36.4,40.8,19.8,-1.9,85.9,13.2
Jakarta,Indonesia,2018-03-02,34.7,21.5,34.6,3.07,7.7,41.2,5.1,22.1,94.3,6.8
London,UK,2022-10-31,75.4,50.8,87.9,2.52,8.8,28.7,4.2,27.0,82.3,2.9
Karachi,Pakistan,2022-03-03,130.1,70.8,99.0,2.26,38.2,63.1,8.7,-0.6,53.4,14.8
Tehran,Iran,2020-03-14,105.5,47.9,67.7,3.68,11.3,53.9,13.2,2.0,87.0,1.6
Chengdu,China,2018-08-25,151.0,68.2,127.1,2.99,32.9,40.8,11.8,15.8,76.8,2.9
Berlin,Germany,2020-09-06,5.4,2.4,3.1,0.95,1.3,58.0,0.4,4.7,22.4,4.6
Stockholm,Sweden,2019-08-26,38.3,25.3,33.1,1.54,11.1,71.1,5.3,-4.9,47.2,7.5
Toronto,Canada,2024-10-19,33.3,22.5,35.6,3.86,7.3,73.2,2.8,1.0,30.3,3.2
Lima,Peru,2022-08-27,55.3,31.6,53.1,0.88,7.5,32.3,6.9,,63.8,2.0
Delhi,India,2016-04-30,174.4,72.1,135.7,3.07,33.8,41.6,16.0,30.5,33.5,1.5
Buenos Aires,Argentina,2022-03-18,48.3,,53.8,4.04,13.5,24.6,5.3,32.5,68.3,9.1
Jakarta,Indonesia,2015-10-11,157.9,93.2,166.5,0.96,41.0,26.7,12.3,34.5,89.1,1.8
Nairobi,Kenya,2019-02-26,81.3,41.3,74.4,1.0,10.6,52.7,8.9,-1.0,50.4,11.1
Paris,France,2019-01-21,36.6,16.2,30.0,2.87,6.8,68.6,2.8,5.1,65.9,4.5
Wuhan,China,2017-02-07,176.4,,136.6,0.59,44.7,67.0,19.4,1.7,55.7,3.1
Seoul,South Korea,2019-05-29,82.6,46.4,81.4,2.75,11.8,54.9,6.3,2.4,57.9,5.9
Nairobi,Kenya,2015-08-20,85.8,58.8,78.0,4.54,11.8,28.5,4.9,,64.0,13.6
Johannesburg,South Africa,2019-04-16,80.6,32.5,57.8,0.38,10.3,58.1,5.2,1.9,37.6,6.1
Los Angeles,USA,2016-02-15,45.4,28.3,52.2,2.02,11.8,37.1,6.7,12.9,70.2,5.2
Cairo,Egypt,2020-04-23,89.6,53.5,75.0,2.57,13.8,75.2,11.9,16.9,54.0,12.6
Lagos,Nigeria,2021-05-30,148.5,89.8,,4.35,20.5,71.7,15.2,23.0,92.2,6.7
Lagos,Nigeria,2024-08-26,132.9,72.6,107.4,2.57,37.7,50.0,8.6,19.4,49.1,9.9
Ho Chi Minh City,Vietnam,2021-10-04,131.2,65.2,108.3,0.86,18.6,68.1,18.9,38.6,90.3,14.2
Lahore,Pakistan,2022-08-31,143.8,76.6,120.9,3.73,28.1,41.6,18.9,28.7,47.7,6.6
Mumbai,India,2024-04-06,203.0,125.8,224.3,3.65,24.5,53.8,16.1,-1.2,74.8,4.9
Lahore,Pakistan,2015-07-14,179.1,123.8,184.6,3.83,32.7,23.8,21.5,6.1,64.7,1.5
Tehran,Iran,2024-06-12,116.1,57.0,90.4,4.0,24.2,64.0,16.5,23.1,37.8,2.5
Mexico City,Mexico,2022-11-07,93.4,44.9,79.4,1.01,17.5,20.3,7.1,-3.2,73.2,5.6
Lagos,Nigeria,2023-10-01,86.7,54.5,103.7,2.73,19.9,64.2,6.8,26.8,69.0,6.9
Karachi,Pakistan,2017-09-08,142.8,89.3,158.5,2.86,18.0,76.8,10.5,12.7,45.7,2.7
Buenos Aires,Argentina,2024-10-23,110.9,48.8,74.5,2.7,13.6,72.7,8.7,21.3,30.7,11.2
Lahore,Pakistan,2024-03-24,175.6,122.0,227.9,2.79,25.5,40.4,15.4,36.1,39.3,11.0
Istanbul,Turkey,2022-12-21,108.0,48.8,72.6,1.63,14.7,67.1,8.8,19.0,75.3,14.5
Lagos,Nigeria,2016-09-11,117.5,76.8,101.5,4.46,24.3,31.5,17.6,9.0,34.1,3.0
São Paulo,Brazil,2023-09-29,74.5,33.7,56.1,3.76,21.6,42.1,11.0,39.5,64.1,4.9
Dhaka,Bangladesh,2018-09-28,264.7,141.9,198.5,4.47,72.1,62.1,22.4,11.0,22.7,1.6
Cairo,Egypt,2017-03-22,129.3,53.7,73.5,1.48,22.6,49.4,10.7,37.3,91.3,1.3
Nairobi,Kenya,2022-01-28,58.5,38.5,60.8,2.42,13.1,23.4,5.7,-4.3,75.9,0.8
Chengdu,China,2020-07-08,137.7,,118.4,1.79,38.7,64.3,9.8,34.8,21.5,9.5
Lahore,Pakistan,2022-07-22,159.9,95.9,180.9,0.82,28.1,63.6,9.2,28.7,86.0,12.0
Istanbul,Turkey,2017-06-07,114.2,74.4,132.7,3.81,28.5,47.0,16.0,0.6,91.9,0.6
London,UK,2017-04-18,158.5,95.2,163.4,0.45,22.3,63.0,22.9,29.5,93.9,2.3
Lagos,Nigeria,2015-12-28,104.1,53.3,90.2,4.89,19.7,38.9,13.4,26.7,21.6,7.5
Berlin,Germany,2024-07-12,107.7,58.8,100.6,1.69,15.1,43.5,7.9,36.0,31.1,4.0
Lagos,Nigeria,2015-11-18,137.3,59.1,109.8,3.02,26.4,72.2,12.3,7.3,60.7,8.6
Stockholm,Sweden,2017-12-30,13.4,5.9,8.0,2.96,2.3,39.0,1.3,30.7,32.8,2.2
Paris,France,2015-10-11,85.7,59.9,97.3,,,22.9,7.3,19.0,56.3,9.8
Toronto,Canada,2024-07-18,91.0,44.6,77.2,4.8,26.0,63.5,6.2,30.3,53.5,14.3
Seoul,South Korea,2019-02-21,47.8,19.7,36.1,3.71,10.2,78.4,6.5,20.3,89.0,8.6
Seoul,South Korea,2019-08-22,127.0,67.8,115.3,1.22,28.4,67.9,17.0,,20.8,14.0
Berlin,Germany,2022-05-18,42.2,25.9,48.5,3.91,10.7,33.4,2.5,16.3,67.4,12.5
Chengdu,China,2016-03-26,156.5,85.7,133.5,2.44,43.5,39.4,22.9,25.9,,3.5
Sydney,Australia,2022-05-23,9.7,5.6,7.5,2.62,2.7,23.1,1.1,39.5,59.6,4.9
Jakarta,Indonesia,2024-11-27,91.3,42.4,75.0,3.09,15.4,78.7,10.5,5.4,55.3,10.8
Istanbul,Turkey,2015-06-28,98.0,46.4,81.4,1.86,18.8,60.1,10.6,27.1,48.6,11.4
Stockholm,Sweden,2019-12-24,37.6,25.3,48.2,4.59,11.1,41.4,3.1,0.4,35.1,10.0
Delhi,India,2018-04-14,160.7,80.7,141.5,0.79,17.9,68.2,20.7,12.3,64.5,4.0
Nairobi,Kenya,2021-10-10,78.6,43.7,,1.9,11.1,47.3,10.8,39.2,43.5,14.6
Delhi,India,2020-11-02,171.4,100.1,186.4,1.99,24.3,36.4,22.9,37.1,29.6,10.6
Paris,France,2017-03-30,66.5,38.6,54.2,,8.5,33.5,6.2,17.4,27.2,11.5
Lahore,Pakistan,2017-09-28,185.6,110.7,179.0,4.11,29.5,70.2,14.0,20.8,56.5,5.6
Karachi,Pakistan,2019-02-06,260.9,155.4,225.6,,37.7,44.9,29.4,5.6,86.3,4.8
Cairo,Egypt,2019-02-03,142.5,96.4,151.6,0.94,26.4,40.3,14.2,22.6,44.7,10.8
Los Angeles,USA,2021-01-25,125.7,84.6,147.4,,25.7,61.4,17.9,25.5,56.2,9.1
Mumbai,India,2023-03-23,185.8,82.7,152.1,,22.1,62.2,23.5,-0.3,54.2,7.5
Nairobi,Kenya,2018-06-15,84.4,48.2,74.8,1.45,22.0,52.0,6.3,14.2,61.7,8.5
Lima,Peru,2022-01-29,117.6,53.0,89.5,1.93,25.1,60.0,8.6,0.4,65.3,10.5
Sydney,Australia,2019-07-30,33.3,22.6,32.9,0.45,4.2,29.6,4.4,13.0,37.5,12.3
Johannesburg,South Africa,2016-04-06,105.4,44.6,72.6,0.63,16.4,62.0,9.2,-1.1,,7.9
Berlin,Germany,2017-06-20,57.5,24.2,47.6,0.34,13.2,28.0,6.0,3.4,22.6,13.0
Lagos,Nigeria,2018-01-15,90.5,43.6,85.7,0.69,15.3,30.6,13.5,19.6,80.9,2.9
Mexico City,Mexico,2019-09-28,75.5,41.5,81.1,4.67,12.9,51.0,5.3,39.0,59.0,3.5
Berlin,Germany,2015-05-12,54.8,,50.3,,8.9,54.7,3.0,5.6,30.4,9.8
Mexico City,Mexico,2022-06-19,133.5,84.8,118.1,,31.5,39.4,10.1,27.3,46.3,4.1
Paris,France,2019-11-06,71.4,41.8,77.1,0.49,9.6,66.6,7.4,31.3,53.6,7.2
Ho Chi Minh City,Vietnam,2019-04-24,153.8,,114.0,0.31,18.2,26.5,16.4,29.2,54.3,6.5
London,UK,2022-11-08,95.3,63.9,116.0,2.26,11.4,70.8,6.4,25.3,45.5,13.0
Jakarta,Indonesia,2016-10-12,88.0,50.0,68.4,0.79,16.7,51.2,11.0,15.5,66.6,13.8
Bangkok,Thailand,2024-01-14,94.6,45.3,73.4,2.8,17.9,77.8,7.5,18.4,29.4,9.6
São Paulo,Brazil,2015-02-07,70.6,46.8,75.0,2.21,17.8,38.1,9.6,7.5,74.9,1.3
Paris,France,2019-09-03,55.8,26.7,48.3,4.19,7.5,30.0,6.9,2.6,21.5,1.4
Jakarta,Indonesia,2015-07-17,75.0,35.2,65.2,1.8,22.1,46.2,8.3,17.7,57.0,13.4
Istanbul,Turkey,2017-05-07,96.9,48.8,73.2,1.83,27.4,24.2,7.6,28.2,37.9,12.6
Karachi,Pakistan,2022-11-23,171.5,94.9,126.0,3.67,22.0,32.8,18.2,35.1,21.5,12.4
Chengdu,China,2023-05-27,129.7,58.2,90.8,4.56,16.8,26.7,16.0,16.2,41.3,3.0
Dhaka,Bangladesh,2019-10-05,128.8,88.0,148.9,1.96,31.4,49.8,6.6,32.8,25.0,14.8
Seoul,South Korea,2016-05-05,74.3,41.4,82.8,1.57,14.3,65.3,7.2,10.0,29.0,7.9
Lagos,Nigeria,2024-02-19,88.4,,69.2,4.05,14.7,36.3,11.8,31.5,79.5,11.3
Berlin,Germany,2022-01-18,7.3,3.4,5.5,4.6,1.2,57.9,0.8,1.5,55.6,2.5
Ho Chi Minh City,Vietnam,2018-11-28,125.0,,111.1,0.95,27.4,34.6,7.1,36.3,23.8,12.7
Lagos,Nigeria,2016-02-04,102.9,50.1,90.4,1.54,26.6,26.0,5.5,1.2,73.9,14.5
Delhi,India,2017-12-07,226.7,118.2,212.8,1.34,34.6,50.4,26.4,0.9,42.5,4.6
Cairo,Egypt,2022-12-16,74.8,51.6,81.2,4.34,13.5,39.4,4.4,27.0,41.6,10.7
Buenos Aires,Argentina,2023-07-06,44.4,20.8,31.9,1.17,9.2,50.8,5.0,38.5,29.0,6.1
Mumbai,India,2016-04-15,200.2,134.4,234.2,2.28,22.1,65.5,21.2,25.4,43.8,4.2
São Paulo,Brazil,2015-02-22,24.2,11.2,17.8,4.69,2.9,29.8,2.7,5.8,85.4,12.8
Lima,Peru,2021-05-05,46.4,28.0,51.6,,7.6,20.2,3.4,25.7,53.2,9.6
Tokyo,Japan,2017-04-03,84.4,37.7,56.7,1.27,8.9,74.7,4.9,13.7,46.6,3.1
Chengdu,China,2018-07-15,129.7,71.5,106.3,2.77,29.6,51.2,18.1,1.2,82.9,2.6
Wuhan,China,2023-06-25,169.8,85.5,138.3,1.07,33.1,64.2,24.4,7.8,52.5,11.9
Johannesburg,South Africa,2024-12-12,57.4,36.5,66.2,4.77,14.1,27.2,7.5,-1.0,49.8,5.6
Karachi,Pakistan,2024-01-29,160.4,97.2,140.3,4.86,16.2,54.1,17.0,7.3,64.7,8.6
Karachi,Pakistan,2017-04-24,152.0,100.6,137.9,4.23,15.8,23.7,21.4,26.8,68.2,8.0
Tokyo,Japan,2015-04-04,34.0,18.7,30.6,2.34,8.0,68.7,5.0,13.6,72.4,8.7
Bangkok,Thailand,2023-09-03,138.1,67.9,128.6,4.1,37.3,22.6,20.6,20.1,58.0,11.1
Nairobi,Kenya,2023-06-29,61.6,29.2,47.8,4.08,16.5,39.5,3.5,0.1,81.2,6.7
Sydney,Australia,2024-02-17,5.0,2.0,2.7,1.78,0.7,58.7,0.5,35.2,,2.0
Tehran,Iran,2019-01-24,133.7,73.8,101.7,1.37,25.3,34.9,19.3,2.3,63.0,7.7
Sydney,Australia,2018-09-15,27.1,12.8,18.3,1.73,5.9,54.9,3.5,8.7,73.2,13.3
Seoul,South Korea,2019-12-04,114.8,51.3,,3.13,18.0,51.4,14.2,,43.1,5.5
Berlin,Germany,2017-11-18,56.5,36.8,65.6,3.51,8.5,77.4,7.6,34.2,34.7,14.8
Seoul,South Korea,2018-02-05,104.8,45.1,68.7,2.03,26.7,37.7,9.3,12.1,88.4,0.5
Delhi,India,2023-12-22,189.0,128.3,221.5,0.73,36.8,76.2,23.7,6.5,52.6,7.6
Tokyo,Japan,2018-04-12,38.3,23.7,46.9,0.64,10.1,55.6,3.4,30.5,44.4,5.4
Los Angeles,USA,2017-07-22,84.2,45.2,63.0,0.42,19.1,40.1,8.6,4.2,62.6,5.3
Paris,France,2019-06-28,97.7,60.8,95.2,4.16,22.5,79.4,9.9,11.9,88.9,6.4
Bangkok,Thailand,2020-08-15,84.9,37.0,57.3,2.04,24.8,46.5,12.2,31.5,75.3,5.3
Delhi,India,2015-01-06,176.2,116.5,215.2,4.1,25.4,32.6,20.5,24.3,34.6,10.9
Paris,France,2019-12-21,34.0,22.6,35.2,1.38,4.7,73.9,4.6,14.2,38.1,4.6
Bangkok,Thailand,2017-12-24,97.2,49.5,67.6,2.92,24.2,31.8,8.6,36.7,83.3,12.1
Sydney,Australia,2022-11-04,75.7,44.8,84.6,3.71,16.3,65.7,7.6,16.8,45.5,12.8
Karachi,Pakistan,2019-11-04,145.9,87.3,125.6,4.38,35.0,67.4,9.3,-4.3,26.1,10.3
São Paulo,Brazil,2018-01-31,58.6,31.8,59.1,1.98,6.4,73.0,7.1,-3.4,44.3,5.9
Sydney,Australia,2019-07-17,15.6,7.8,12.3,3.99,4.5,46.4,1.3,5.9,39.2,0.6
Beijing,China,2016-05-27,185.9,117.5,156.7,2.39,37.6,53.0,25.1,4.3,,4.5
Johannesburg,South Africa,2015-07-16,132.9,60.3,112.8,1.94,28.4,33.7,13.0,2.5,,1.2
Lahore,Pakistan,2022-08-16,178.7,111.7,214.2,4.14,49.8,56.9,9.9,38.7,78.4,9.1
Toronto,Canada,2021-08-13,52.7,29.4,46.2,2.44,8.4,78.6,3.3,26.3,53.9,2.7
Paris,France,2023-01-27,46.3,26.8,38.2,2.47,12.9,26.8,6.8,-4.6,66.7,8.6
Mexico City,Mexico,2020-04-11,147.1,61.4,101.4,,38.0,69.4,8.6,24.9,74.0,4.5
Mexico City,Mexico,2023-04-09,125.0,77.0,149.5,3.56,15.8,35.5,11.5,14.3,68.4,8.9
Sydney,Australia,2016-09-07,40.9,26.8,39.0,1.8,,44.3,3.9,21.9,22.5,0.9
Berlin,Germany,2017-10-14,47.7,22.3,44.2,0.76,13.2,27.2,5.9,23.6,74.6,1.8
Lahore,Pakistan,2019-08-24,135.1,79.4,108.8,1.43,28.5,66.8,18.5,14.2,93.2,11.7
Beijing,China,2016-04-25,135.7,68.9,97.4,3.67,20.9,71.7,16.6,35.2,93.8,5.4
Sydney,Australia,2020-12-10,12.9,6.7,10.8,1.11,3.6,37.5,1.6,-1.6,22.3,14.9
São Paulo,Brazil,2015-01-21,75.0,47.2,81.3,,8.0,39.7,10.5,35.7,65.0,8.8
Paris,France,2015-08-27,59.7,36.9,61.6,3.28,8.6,79.5,8.6,38.0,32.5,10.0
Lima,Peru,2020-06-08,83.4,36.2,47.3,0.77,17.9,74.1,4.4,,32.2,14.6
Jakarta,Indonesia,2017-04-29,102.5,67.2,131.9,3.85,21.8,34.9,7.0,18.2,41.8,10.2
Cairo,Egypt,2019-11-01,128.8,58.1,99.2,3.88,14.8,57.1,16.9,-4.7,36.8,4.8
Beijing,China,2017-05-01,136.0,80.8,128.0,1.12,27.6,63.4,8.9,10.9,75.1,10.0
Buenos Aires,Argentina,2018-04-29,118.0,53.3,82.2,1.23,17.6,31.7,17.6,24.1,26.3,8.0
Ho Chi Minh City,Vietnam,2022-01-03,178.1,73.8,98.3,1.48,41.3,75.5,13.7,38.0,61.1,7.8
Mexico City,Mexico,2017-04-19,72.4,49.7,92.2,0.32,18.7,53.2,4.3,26.6,70.0,10.4
Istanbul,Turkey,2024-07-28,103.4,53.2,90.1,4.93,22.6,45.3,10.0,28.2,47.4,1.2
Ho Chi Minh City,Vietnam,2019-09-23,135.3,73.7,122.6,2.0,38.4,31.1,12.1,12.1,57.7,14.6
Istanbul,Turkey,2018-02-20,121.2,58.0,92.2,2.28,17.7,49.1,8.3,4.3,83.7,14.0
São Paulo,Brazil,2022-09-10,141.0,56.9,109.3,4.02,25.8,57.2,19.9,39.4,54.9,7.3
Lima,Peru,2021-12-04,66.0,38.0,61.7,0.94,17.0,61.2,9.5,10.9,52.3,5.6
Sydney,Australia,2023-08-04,5.0,2.1,3.8,1.64,1.0,78.7,0.3,18.3,58.9,15.0
Beijing,China,2020-08-21,173.3,111.1,160.3,3.98,51.4,70.1,16.8,7.1,76.1,11.9
Paris,France,2018-09-17,48.8,22.8,40.3,4.48,5.1,79.2,3.4,10.7,24.0,1.3
Tokyo,Japan,2017-01-17,98.6,60.3,118.3,2.83,22.8,23.6,12.5,23.0,56.1,14.6
Paris,France,2022-05-01,42.4,18.7,27.9,4.58,6.0,77.9,5.0,4.1,25.0,7.4
Paris,France,2017-07-30,36.3,24.6,42.2,2.58,,60.6,3.7,33.2,61.8,8.1
Tokyo,Japan,2018-02-09,56.1,23.7,34.3,1.06,13.7,35.3,6.6,21.2,38.8,9.4
Tehran,Iran,2016-08-01,169.7,91.7,135.2,4.34,45.1,71.6,22.5,1.0,51.1,3.3
Nairobi,Kenya,2017-01-26,101.5,64.4,105.4,0.73,18.4,79.6,7.2,12.9,64.6,3.4
Nairobi,Kenya,2017-12-23,41.9,22.4,34.8,0.87,6.6,53.2,2.5,-2.8,60.6,6.8
Wuhan,China,2023-11-24,179.0,109.9,149.6,1.57,21.5,63.7,20.3,3.5,61.8,10.6
Buenos Aires,Argentina,2015-06-15,5.0,2.0,4.0,3.66,1.5,72.5,0.5,10.9,32.3,3.6
São Paulo,Brazil,2022-09-13,91.2,42.8,85.5,2.83,26.6,25.2,9.4,37.5,31.7,4.5
Lahore,Pakistan,2021-12-19,177.2,98.2,168.2,3.15,39.4,47.3,26.1,2.8,91.8,4.7
Bangkok,Thailand,2016-11-12,90.8,42.4,84.0,1.86,24.9,40.2,9.2,36.1,36.4,7.2
Lagos,Nigeria,2023-10-23,118.9,53.1,103.4,3.01,28.3,55.0,17.6,35.1,21.2,0.7
Tehran,Iran,2021-06-20,168.0,83.0,139.3,1.89,,30.2,9.4,10.4,30.4,9.1
Sydney,Australia,2023-11-04,22.8,14.3,21.3,3.46,3.6,70.0,3.0,8.8,88.2,5.2
Jakarta,Indonesia,2015-10-10,125.9,57.7,86.6,4.46,14.6,62.1,14.9,38.7,92.9,7.5
Cairo,Egypt,2017-05-09,116.6,66.2,97.1,1.32,12.2,24.4,14.1,-4.4,87.2,1.6
Istanbul,Turkey,2024-02-27,78.2,39.3,71.0,3.59,11.7,39.6,10.3,17.4,54.4,9.7
Istanbul,Turkey,2023-12-23,101.4,60.0,80.6,2.6,22.3,69.1,12.5,39.6,25.9,8.4
Berlin,Germany,2019-01-12,58.9,,64.3,1.59,11.1,75.9,7.5,18.9,80.1,0.9
Seoul,South Korea,2019-04-03,107.9,60.5,108.1,3.32,28.3,62.3,10.8,-1.2,94.6,5.6
Chengdu,China,2015-08-01,179.5,104.7,207.7,,33.5,71.1,11.1,4.5,63.0,3.6
Wuhan,China,2020-12-05,141.8,98.5,134.1,0.7,15.4,34.4,8.7,-3.0,53.4,12.2
Lagos,Nigeria,2015-03-23,77.7,33.5,62.7,1.84,15.5,66.9,7.1,-4.1,51.2,13.4
São Paulo,Brazil,2017-08-30,84.2,34.2,57.3,4.22,18.2,73.1,8.8,25.9,47.5,4.8
Chengdu,China,2016-10-14,134.6,68.7,102.7,2.7,17.9,58.3,19.7,28.1,93.8,10.8
Toronto,Canada,2022-12-04,59.6,30.3,55.5,0.31,,37.7,3.5,27.6,59.2,4.7
Chengdu,China,2017-04-26,161.4,85.2,149.5,4.99,16.3,70.9,17.1,11.8,91.3,14.1
Seoul,South Korea,2024-03-15,86.2,54.7,75.1,4.41,11.9,54.1,9.6,-2.0,93.3,4.9
Paris,France,2023-02-27,81.2,47.9,63.3,4.35,13.1,34.9,4.5,6.3,66.5,3.4
Johannesburg,South Africa,2022-07-04,61.8,31.8,53.7,4.4,13.0,49.5,4.7,17.5,43.9,8.7
Istanbul,Turkey,2018-12-23,113.6,72.5,110.7,4.54,26.8,51.4,15.3,34.5,65.0,9.0
Toronto,Canada,2017-05-31,96.4,55.9,85.2,3.84,16.5,58.9,11.8,20.1,37.5,8.9
Dhaka,Bangladesh,2017-05-04,224.3,145.6,212.2,1.79,53.6,54.4,31.2,16.5,70.4,4.4
Johannesburg,South Africa,2018-08-07,109.9,64.3,95.0,1.79,22.0,36.3,6.9,32.6,44.4,6.5
Buenos Aires,Argentina,2024-02-04,5.0,3.3,,,0.9,72.2,0.6,1.5,42.3,1.0
Bangkok,Thailand,2023-10-23,82.9,33.5,66.0,4.31,13.8,51.0,8.9,18.2,43.1,6.2
Jakarta,Indonesia,2017-11-21,116.7,47.8,67.4,0.36,21.8,59.7,7.9,19.0,44.4,2.2
Lagos,Nigeria,2015-02-20,82.9,46.9,67.3,4.37,9.1,43.2,10.5,28.7,30.9,3.4
London,UK,2024-03-23,53.4,32.3,59.0,3.22,13.7,46.4,5.7,14.5,77.1,3.0
Toronto,Canada,2023-08-05,55.3,34.3,47.0,2.58,11.8,66.8,5.1,19.3,37.9,12.6
Lima,Peru,2024-07-07,99.0,53.4,85.7,1.84,15.2,53.2,6.6,21.5,,10.6
Johannesburg,South Africa,2019-11-20,35.4,23.1,39.8,0.73,7.3,58.5,1.8,19.7,47.2,7.1
Toronto,Canada,2015-08-01,42.8,24.1,33.5,1.77,4.7,57.3,2.2,6.7,40.0,11.4
Paris,France,2022-07-21,14.2,6.3,11.0,0.36,,58.5,1.6,24.1,43.7,3.9
Mexico City,Mexico,2024-07-02,149.9,102.4,153.2,3.67,44.2,53.0,14.4,28.7,30.6,1.0
Mumbai,India,2017-03-10,162.5,89.4,124.4,,,42.2,9.1,29.9,65.2,8.9
Lima,Peru,2019-03-09,78.6,47.1,72.8,1.59,12.5,68.7,5.3,16.9,66.9,8.0
London,UK,2015-02-24,30.8,15.5,22.0,3.83,4.4,51.2,4.2,-0.6,32.6,3.2
Seoul,South Korea,2023-05-15,113.1,77.3,140.6,2.44,18.0,26.9,5.9,24.2,57.9,9.1
Toronto,Canada,2022-10-02,60.2,39.2,58.8,4.77,8.5,32.5,3.6,0.3,77.1,4.5
Berlin,Germany,2015-09-23,48.6,31.9,44.1,2.8,12.0,61.0,2.9,9.5,65.9,9.0
Tokyo,Japan,2015-10-25,59.1,38.7,77.2,0.9,13.5,20.1,5.0,15.0,45.9,9.6
Buenos Aires,Argentina,2019-01-17,44.4,29.9,45.5,1.01,8.3,50.8,2.5,31.0,75.3,7.9
Stockholm,Sweden,2018-12-24,53.2,22.9,,2.39,12.8,75.0,7.8,26.1,78.7,7.9
Jakarta,Indonesia,2016-10-11,93.8,41.0,81.3,2.15,23.9,33.2,9.7,1.9,80.7,2.9
Tehran,Iran,2016-07-07,149.6,82.4,130.9,1.88,35.5,25.3,20.3,29.3,48.0,14.7
Tehran,Iran,2016-07-23,129.5,62.3,119.7,0.77,30.8,27.9,19.1,-2.8,37.5,8.2
Delhi,India,2018-11-04,231.3,92.6,156.9,3.19,32.8,59.5,26.7,18.9,39.4,6.5
Beijing,China,2017-09-30,162.8,102.7,178.0,1.01,34.8,74.2,21.7,35.1,88.8,3.2
Stockholm,Sweden,2024-08-02,21.2,13.4,19.4,4.61,5.7,66.1,2.5,16.2,79.8,12.4
Chengdu,China,2020-09-24,162.7,81.2,123.6,0.89,48.0,55.0,17.7,12.2,,7.4
Ho Chi Minh City,Vietnam,2023-11-27,140.3,82.3,152.4,2.66,36.8,25.5,10.4,36.6,,7.1
Mexico City,Mexico,2016-04-26,134.8,70.8,135.0,3.82,35.3,79.5,19.9,35.1,62.4,4.9
Karachi,Pakistan,2018-07-23,216.0,104.5,150.5,3.3,31.3,43.7,21.4,37.0,93.3,4.1
Mumbai,India,2024-03-06,205.9,96.3,160.1,3.98,42.1,76.0,23.4,16.8,,14.3
Paris,France,2020-12-25,21.5,12.0,19.6,1.46,5.2,37.9,2.7,32.7,85.0,2.6
Cairo,Egypt,2023-07-27,109.2,60.8,115.1,2.18,25.3,47.3,5.8,,76.8,11.1
São Paulo,Brazil,2019-01-08,122.9,64.4,99.6,1.9,16.2,46.3,16.1,-4.5,63.1,3.0
Mumbai,India,2022-11-08,194.9,103.6,170.4,2.86,31.1,33.7,11.9,1.3,55.1,10.1
Mumbai,India,2023-07-17,246.0,,336.3,4.27,69.6,28.2,19.2,37.9,29.8,13.2
Dhaka,Bangladesh,2022-09-02,150.8,104.4,188.1,1.88,18.6,34.3,18.2,9.4,91.2,8.3
Mumbai,India,2021-11-10,196.5,119.1,234.2,3.02,55.0,48.2,24.8,5.5,83.8,5.6
Berlin,Germany,2020-06-03,59.1,29.3,57.7,1.2,12.1,43.7,6.1,5.4,57.8,2.4
Paris,France,2023-12-31,37.0,20.3,39.7,1.31,7.8,51.9,3.5,,62.5,12.4
Toronto,Canada,2021-05-27,100.5,42.4,82.9,3.89,19.8,69.2,7.3,31.9,61.7,6.9
Sydney,Australia,2021-04-11,5.3,2.3,4.4,4.77,,50.6,0.3,13.7,45.5,6.1
Wuhan,China,2021-03-25,188.9,96.0,178.0,,39.5,36.7,27.5,27.9,36.9,14.9
Tehran,Iran,2016-03-18,193.2,87.8,117.4,0.33,55.1,55.0,13.0,22.7,20.2,5.9
Jakarta,Indonesia,2018-06-19,141.9,61.0,105.1,1.78,17.0,69.5,14.9,30.6,92.6,3.2
London,UK,2022-02-28,80.8,37.9,68.2,4.0,16.1,49.2,5.9,23.2,35.1,4.3
Delhi,India,2024-12-04,172.2,83.2,135.2,4.77,37.7,65.1,20.7,37.9,28.0,3.2
Lahore,Pakistan,2022-12-04,184.0,81.8,145.2,3.25,38.2,53.8,20.4,3.1,44.9,9.4
Stockholm,Sweden,2022-08-05,49.7,30.5,55.5,0.98,7.8,33.9,3.5,11.5,76.6,6.4
Tokyo,Japan,2022-07-06,68.5,47.9,86.8,2.58,13.3,75.4,6.2,27.7,65.7,9.6
Paris,France,2023-08-23,20.0,12.0,21.0,3.79,4.7,72.8,3.0,3.6,86.6,4.7
Karachi,Pakistan,2016-05-23,177.6,99.1,187.8,2.36,45.6,78.5,12.3,-1.2,46.2,14.4
Stockholm,Sweden,2018-01-17,5.0,2.7,3.7,,1.4,29.2,0.6,22.6,43.3,9.1
Jakarta,Indonesia,2018-03-03,74.9,42.1,56.4,4.26,22.3,60.7,6.1,35.2,43.4,5.7
Tehran,Iran,2022-02-28,133.5,78.3,122.6,2.38,31.5,59.2,11.5,0.4,51.6,10.2
Delhi,India,2015-10-22,147.4,78.5,127.2,2.81,40.0,73.3,10.6,14.4,31.1,9.9
Cairo,Egypt,2024-09-22,154.1,101.0,167.9,3.97,25.2,61.7,8.3,1.8,53.5,13.4
Bangkok,Thailand,2018-01-27,70.1,42.3,60.3,1.95,11.4,73.1,8.4,-1.8,83.3,6.7
Delhi,India,2020-10-09,188.0,119.0,237.9,1.93,51.3,37.2,28.1,13.5,69.5,14.9
Seoul,South Korea,2016-12-28,75.9,49.3,79.5,3.8,12.1,61.4,10.5,16.6,78.4,8.6
São Paulo,Brazil,2015-05-02,104.9,63.5,86.6,3.55,30.2,67.2,11.8,-0.6,79.6,10.1
Sydney,Australia,2020-01-21,53.0,28.7,42.0,2.67,6.9,23.6,3.9,11.5,68.5,7.7
Paris,France,2019-03-17,79.2,49.2,88.2,2.87,18.4,78.6,9.5,28.4,41.8,7.4
Mumbai,India,2019-07-21,189.3,81.5,129.6,2.89,49.4,57.9,17.3,15.9,52.2,2.3
Tehran,Iran,2022-10-13,147.9,62.0,110.3,1.02,27.2,27.3,16.1,35.6,65.7,6.2
Jakarta,Indonesia,2024-12-05,89.0,54.7,107.7,3.96,,36.5,8.6,28.3,41.0,12.7
Beijing,China,2018-02-27,134.1,73.1,99.6,2.28,19.8,50.5,15.5,9.3,81.0,13.1
São Paulo,Brazil,2023-04-03,138.8,80.3,137.2,,18.3,22.1,12.9,8.6,61.1,9.2
Wuhan,China,2018-06-27,144.2,63.8,84.8,4.85,18.4,56.5,10.1,2.5,31.7,10.8
Buenos Aires,Argentina,2024-04-21,69.2,43.9,59.5,0.55,12.4,53.3,6.0,27.1,70.2,7.0
Tokyo,Japan,2017-01-31,80.4,46.5,68.3,2.11,8.3,51.3,9.6,21.0,76.4,15.0
Toronto,Canada,2015-05-03,51.2,24.2,37.1,1.95,10.4,51.4,6.0,14.7,34.1,7.6
Berlin,Germany,2022-06-29,5.0,3.1,4.2,4.76,0.8,55.2,0.3,35.9,71.3,4.5
Stockholm,Sweden,2023-12-23,5.0,2.7,4.6,1.28,1.2,54.7,0.3,19.7,51.6,10.2
Berlin,Germany,2020-01-08,15.6,9.4,13.2,0.7,4.5,71.7,1.6,1.2,39.7,8.7
Istanbul,Turkey,2019-10-19,127.6,59.1,89.0,0.36,14.6,38.6,8.7,17.2,83.6,11.0
Seoul,South Korea,2021-05-15,110.1,63.8,114.3,1.15,23.2,54.2,12.4,30.1,90.8,10.8
Buenos Aires,Argentina,2018-05-10,11.6,6.9,,3.64,3.4,21.3,0.9,7.3,52.0,0.9
Lima,Peru,2015-07-15,87.7,53.7,72.9,1.12,19.3,74.5,5.2,14.5,35.0,3.1
Lagos,Nigeria,2021-04-17,96.7,49.0,78.9,1.6,20.1,34.0,13.5,1.5,52.0,2.3
São Paulo,Brazil,2020-03-01,85.6,46.7,78.8,1.86,,50.9,12.8,0.6,33.8,12.1
Lima,Peru,2022-04-28,41.1,23.4,31.8,3.9,7.8,44.8,5.2,20.6,76.6,14.0
Beijing,China,2016-08-25,107.0,56.6,76.3,0.36,25.8,24.9,9.5,24.8,94.9,3.7
Tehran,Iran,2021-06-03,121.0,55.8,75.9,1.37,14.9,21.0,15.7,3.6,28.9,4.4
Nairobi,Kenya,2019-04-11,93.5,43.7,73.4,1.32,16.6,51.3,11.8,,53.5,9.8
Cairo,Egypt,2016-05-28,130.7,,118.2,2.82,17.0,42.7,10.9,11.2,27.4,7.2
Ho Chi Minh City,Vietnam,2020-03-25,145.4,75.1,140.2,1.03,,22.0,11.3,32.3,54.1,10.1
Tehran,Iran,2022-04-11,213.8,134.7,186.5,0.64,48.0,78.5,24.5,26.7,69.4,9.3
Delhi,India,2023-01-05,206.1,134.4,228.9,4.9,23.5,37.9,12.4,33.7,81.3,11.7
Lagos,Nigeria,2016-02-10,49.5,25.0,33.4,4.71,5.4,53.7,6.4,33.6,33.8,1.0
Lagos,Nigeria,2023-05-02,77.7,32.5,52.2,1.97,9.9,51.9,5.1,24.9,79.8,3.9
Jakarta,Indonesia,2016-07-22,80.6,37.0,70.7,1.25,9.3,39.1,11.3,21.4,73.9,3.7
Los Angeles,USA,2017-02-20,80.1,51.0,79.5,3.67,17.3,40.1,7.3,28.1,76.2,13.4
Buenos Aires,Argentina,2023-02-05,108.9,56.2,96.3,3.87,31.0,73.3,12.6,-4.1,75.4,5.3
Paris,France,2018-04-09,39.2,16.0,22.1,3.54,6.0,39.1,3.5,3.6,84.5,1.8
Bangkok,Thailand,2023-08-08,55.2,22.9,35.2,3.89,15.3,27.4,6.4,36.7,42.5,13.2
Paris,France,2023-12-02,5.2,3.4,5.4,4.18,0.7,24.1,0.6,7.0,80.5,12.5
Delhi,India,2024-06-11,204.5,117.7,167.9,3.04,44.0,58.4,12.3,,50.2,9.4
Beijing,China,2019-12-14,159.9,80.2,135.2,3.92,,41.3,10.2,32.8,77.9,5.1
São Paulo,Brazil,2015-12-21,72.1,35.1,50.9,1.4,17.1,62.5,8.7,31.9,79.5,9.6
Bangkok,Thailand,2021-05-16,98.5,,79.2,3.62,20.4,64.5,6.5,5.5,24.3,9.0
Ho Chi Minh City,Vietnam,2015-03-05,85.3,49.9,88.6,3.02,14.9,69.8,8.5,39.5,38.3,3.7
Stockholm,Sweden,2016-05-30,37.0,19.2,28.3,,7.5,23.6,3.2,26.3,56.4,5.6
Chengdu,China,2021-10-10,129.7,85.7,170.9,2.9,16.0,61.1,8.2,35.6,63.9,12.1
Los Angeles,USA,2024-11-18,70.6,39.4,65.6,3.78,19.8,33.1,4.3,-2.5,85.0,2.3
Buenos Aires,Argentina,2018-01-23,83.6,35.6,60.7,4.43,12.8,39.3,6.0,0.8,25.4,10.2
Lima,Peru,2019-11-14,20.2,10.8,16.5,3.8,4.8,59.9,2.6,21.2,27.3,6.6
Chengdu,China,2018-05-11,127.2,57.0,92.8,4.86,13.3,37.0,18.6,11.0,69.1,4.4
Paris,France,2017-09-29,31.0,14.0,23.5,2.55,8.3,68.2,2.1,37.3,49.2,1.2
Sydney,Australia,2023-01-08,27.2,18.5,26.3,4.48,3.6,22.9,2.7,11.0,64.8,9.8
Delhi,India,2016-06-04,186.5,127.9,210.6,1.28,27.9,26.0,14.5,36.0,47.3,9.6
Paris,France,2018-11-02,54.9,33.5,62.8,0.94,11.0,57.9,6.9,27.1,,7.3
Nairobi,Kenya,2017-12-23,70.1,31.9,46.0,0.82,8.6,72.4,7.8,37.1,86.5,4.9
Tehran,Iran,2023-01-23,167.7,104.0,144.2,1.49,38.8,34.8,17.3,6.0,71.2,1.6
Seoul,South Korea,2017-10-02,76.1,38.1,61.7,2.57,10.6,76.5,3.8,11.8,29.6,5.7
Paris,France,2019-01-09,11.9,6.8,8.9,2.68,1.9,39.3,1.0,24.4,76.8,5.3
Jakarta,Indonesia,2020-05-15,105.7,66.0,104.4,0.76,22.4,56.8,6.7,33.3,48.6,2.7
Seoul,South Korea,2018-08-29,140.8,63.6,83.6,2.54,18.5,29.4,16.6,6.6,83.0,8.0
Delhi,India,2024-07-08,149.4,74.1,108.0,1.05,36.1,61.3,14.8,30.2,80.2,6.9
Wuhan,China,2017-01-09,174.2,93.4,155.4,2.41,44.2,24.3,23.3,12.6,92.4,4.9
Tokyo,Japan,2024-04-11,54.3,28.6,53.2,3.46,12.5,62.9,7.9,16.5,68.9,10.4
Cairo,Egypt,2016-02-07,156.8,86.2,113.0,1.02,42.0,36.1,12.5,28.1,71.4,7.0
Stockholm,Sweden,2024-03-26,11.5,6.7,9.6,1.6,1.3,59.7,0.6,28.4,,6.9
Mumbai,India,2022-04-13,218.4,134.1,234.0,2.57,58.1,78.4,24.3,27.0,58.1,6.3
Cairo,Egypt,2022-11-30,184.3,84.5,150.7,0.94,46.7,34.1,20.4,1.3,20.0,11.3
Jakarta,Indonesia,2022-03-04,109.2,51.4,96.4,0.38,22.5,70.1,7.6,,33.6,11.5
Tehran,Iran,2020-05-25,148.8,68.9,94.9,1.57,18.2,20.3,14.1,28.8,43.3,5.3
São Paulo,Brazil,2019-09-29,125.1,68.9,130.3,2.47,14.3,56.2,15.2,0.6,59.3,4.8
Tehran,Iran,2016-11-29,152.0,70.5,125.3,1.75,27.9,69.6,22.8,0.4,54.5,9.5
São Paulo,Brazil,2015-03-30,79.9,41.8,83.0,4.59,17.8,48.5,8.6,15.9,46.0,9.4
Jakarta,Indonesia,2018-10-25,104.7,62.2,88.6,2.54,14.1,27.2,8.7,4.0,90.1,1.3
São Paulo,Brazil,2019-05-25,65.2,27.9,47.4,1.46,9.8,54.4,6.2,17.8,43.9,5.2
Ho Chi Minh City,Vietnam,2024-07-06,151.1,99.7,186.8,1.79,29.5,43.0,22.4,21.3,40.3,11.3
Sydney,Australia,2021-06-19,22.8,11.1,17.2,1.32,4.5,39.2,1.2,24.3,52.7,0.9
Mumbai,India,2021-07-19,186.6,111.1,150.2,4.48,34.4,34.4,10.2,28.5,92.7,3.2
Lahore,Pakistan,2018-08-10,165.4,100.7,137.6,4.03,37.8,47.8,9.8,-1.8,38.4,12.0
Lahore,Pakistan,2018-10-27,150.1,71.2,107.7,1.1,35.6,21.7,21.5,7.4,77.8,14.5
Istanbul,Turkey,2020-01-20,83.8,48.3,62.9,3.15,18.0,22.8,8.6,32.5,,12.4
Jakarta,Indonesia,2024-11-12,101.2,66.0,,4.53,28.6,20.4,9.0,34.9,21.0,2.0
Jakarta,Indonesia,2016-10-02,74.3,44.0,67.2,3.37,10.0,56.1,8.9,27.2,93.3,0.9
Beijing,China,2021-03-11,175.7,102.2,167.3,3.26,41.9,22.1,17.3,17.4,66.6,5.7
Istanbul,Turkey,2015-09-12,62.6,39.8,76.3,1.12,13.9,32.1,8.3,29.7,63.6,5.1
Mexico City,Mexico,2020-03-17,89.7,53.3,96.8,4.44,23.7,69.3,6.8,9.2,49.4,13.8
Nairobi,Kenya,2024-04-17,68.4,42.0,59.4,2.69,11.4,33.0,3.8,32.0,71.3,4.6
Tehran,Iran,2020-05-16,91.0,51.4,78.4,1.18,12.9,71.0,9.0,16.2,49.1,11.0
Nairobi,Kenya,2021-03-04,104.4,71.8,107.6,0.3,21.4,55.6,5.9,25.3,41.9,14.4
Karachi,Pakistan,2017-06-07,154.6,65.2,128.3,1.37,40.1,58.6,16.0,37.0,65.4,13.0
Nairobi,Kenya,2023-01-27,76.5,32.9,46.3,2.8,12.7,32.5,11.2,33.6,52.3,13.1
Istanbul,Turkey,2020-09-16,156.8,105.2,159.7,1.85,31.3,59.6,10.1,2.8,80.2,13.0
Ho Chi Minh City,Vietnam,2024-12-02,102.3,51.4,86.9,3.85,29.2,20.6,7.8,12.4,25.9,1.0
Paris,France,2016-08-05,89.0,52.9,78.7,2.07,21.5,28.7,8.2,33.9,40.3,3.0
Wuhan,China,2018-07-31,155.1,83.8,145.4,0.58,36.7,52.6,22.3,19.5,94.3,14.6
São Paulo,Brazil,2023-08-21,102.4,42.0,78.3,,21.6,64.0,10.0,23.5,58.4,7.5
Lahore,Pakistan,2020-03-12,161.1,97.0,193.1,2.99,33.8,50.5,8.9,24.3,92.3,11.0
Delhi,India,2019-06-18,142.3,84.9,140.4,3.43,42.6,56.6,7.4,6.4,51.8,1.5
Chengdu,China,2021-01-23,141.2,71.6,132.4,3.53,32.5,53.3,12.3,28.4,47.1,11.2
São Paulo,Brazil,2019-08-20,111.3,64.2,99.5,4.19,22.7,57.4,6.5,17.3,78.6,13.0
Beijing,China,2024-08-26,113.4,58.6,99.2,0.33,32.0,40.6,14.7,19.1,69.7,11.5
Paris,France,2016-10-09,32.4,18.8,34.4,3.92,5.9,63.7,2.6,,28.5,7.8
Berlin,Germany,2022-08-20,25.3,13.2,22.3,0.57,7.1,42.3,2.8,,77.1,7.2
Wuhan,China,2019-05-02,118.8,81.9,156.1,,28.5,65.3,6.4,38.2,37.5,13.7
Johannesburg,South Africa,2016-04-17,134.8,81.2,147.7,4.33,26.2,45.5,18.9,30.9,21.4,10.0
Lagos,Nigeria,2015-06-18,111.9,61.0,79.5,4.69,17.2,40.1,11.8,4.8,92.0,2.4
Paris,France,2023-06-09,84.2,48.2,78.4,1.92,,36.0,8.3,37.4,85.3,5.2
Dhaka,Bangladesh,2021-04-03,193.0,86.3,145.0,3.54,55.6,34.1,15.6,,45.2,12.6
Los Angeles,USA,2015-12-15,54.6,33.6,53.1,1.42,7.4,30.4,6.3,-1.7,67.9,6.5
Dhaka,Bangladesh,2023-01-15,176.7,71.9,100.3,4.4,53.0,70.5,11.1,4.1,33.2,13.1
Tokyo,Japan,2017-09-09,30.3,20.2,34.5,4.89,4.7,22.2,4.5,10.9,,1.8
Johannesburg,South Africa,2015-02-13,83.0,39.7,70.5,3.87,13.1,46.5,7.0,39.1,83.6,6.6
Istanbul,Turkey,2023-09-16,46.5,20.7,28.0,,7.8,66.4,4.1,11.3,83.3,9.1
Berlin,Germany,2017-11-19,34.3,20.2,34.2,2.39,6.2,73.1,2.3,2.1,80.1,2.2
Sydney,Australia,2022-06-26,56.7,33.7,62.9,2.18,8.0,76.9,7.3,1.8,53.2,5.3
Karachi,Pakistan,2015-08-28,156.4,90.4,164.3,1.4,32.8,32.1,18.2,,57.7,10.1
Mexico City,Mexico,2023-08-29,86.1,60.1,101.8,1.12,18.4,61.7,11.4,7.6,61.8,4.9
Sydney,Australia,2018-10-20,16.5,8.6,12.5,1.68,2.5,68.7,1.1,38.7,,3.8
Istanbul,Turkey,2017-05-07,67.6,44.2,75.9,2.83,,50.0,8.7,16.5,67.3,1.1
Istanbul,Turkey,2021-07-22,79.2,37.2,67.5,1.77,12.6,44.9,4.9,28.9,67.1,4.6
Stockholm,Sweden,2015-10-05,5.0,2.0,3.0,0.84,1.3,66.6,0.5,0.3,59.0,8.2
Mexico City,Mexico,2016-04-19,89.2,,68.2,3.3,26.6,58.0,7.7,23.0,61.9,1.9
Jakarta,Indonesia,2016-12-19,81.3,39.9,65.7,0.98,9.6,65.3,5.6,6.2,48.6,10.9
Paris,France,2022-07-12,87.4,47.0,93.4,2.51,19.0,25.0,6.7,8.2,36.8,4.8
Chengdu,China,2019-07-22,171.6,109.7,180.1,2.97,19.5,28.5,22.8,39.7,78.7,3.4
Lahore,Pakistan,2022-11-13,198.5,81.7,121.6,4.44,28.3,58.6,12.7,26.8,31.0,6.1
Jakarta,Indonesia,2024-02-25,148.7,84.6,115.9,4.22,32.8,36.9,13.4,34.7,44.4,4.6
Ho Chi Minh City,Vietnam,2016-03-21,99.4,63.3,,2.53,10.1,77.5,13.3,24.4,43.0,3.2
Jakarta,Indonesia,2016-11-24,147.0,88.7,162.8,0.51,22.3,54.5,10.6,22.0,91.9,5.3
Tokyo,Japan,2018-07-09,93.2,49.4,89.0,0.6,16.1,63.5,12.5,13.8,61.3,14.5
Tehran,Iran,2016-01-30,157.0,107.0,189.0,1.52,24.1,50.3,22.5,37.6,52.3,5.2
Los Angeles,USA,2022-10-03,42.6,20.0,28.4,3.51,6.5,69.8,3.2,19.8,73.3,10.0
Beijing,China,2018-07-05,150.4,83.4,162.3,4.31,31.1,28.0,9.9,,66.3,14.7
Mexico City,Mexico,2018-11-19,116.2,60.9,94.2,0.36,11.8,48.5,6.6,2.0,93.5,10.9
Stockholm,Sweden,2015-08-15,74.4,29.9,55.6,,21.0,79.9,5.8,,56.9,5.5
Beijing,China,2015-09-01,155.9,79.3,150.6,2.85,40.3,37.9,13.9,7.9,92.9,7.0
Tehran,Iran,2020-05-06,154.5,104.4,190.9,1.93,24.8,61.1,9.7,-1.0,79.6,9.7
Stockholm,Sweden,2018-12-07,49.1,29.5,44.8,1.64,7.6,50.4,7.1,37.7,,13.1
Jakarta,Indonesia,2020-04-06,103.1,64.3,112.3,2.03,13.3,79.4,13.6,23.2,21.2,13.1
Los Angeles,USA,2023-03-28,54.7,24.5,45.8,3.14,11.3,28.4,4.1,26.1,46.3,5.5
Tokyo,Japan,2021-09-27,78.9,53.3,71.4,2.61,23.0,52.1,7.3,8.1,76.6,13.5
Ho Chi Minh City,Vietnam,2024-12-05,98.2,48.4,67.2,3.7,26.1,72.4,10.8,38.2,28.4,5.0
Tokyo,Japan,2021-02-21,103.6,42.1,55.2,0.95,14.2,79.3,7.9,15.6,22.2,14.0
Karachi,Pakistan,2016-02-13,152.4,102.2,147.2,4.57,25.3,48.6,18.5,28.4,22.6,0.8
Nairobi,Kenya,2020-03-30,112.4,51.1,79.7,2.35,22.2,62.3,15.8,0.8,55.3,14.8
Lahore,Pakistan,2015-02-27,171.0,111.9,215.2,0.63,33.5,77.7,11.1,3.5,58.0,2.4
Lagos,Nigeria,2020-04-28,127.6,66.5,116.6,1.84,14.4,66.5,18.8,7.9,41.6,3.5
London,UK,2020-03-07,58.2,38.7,71.8,4.44,16.5,60.8,6.7,16.0,26.2,7.0
Lagos,Nigeria,2016-05-20,110.8,61.9,89.8,1.59,15.6,64.2,16.2,6.0,84.8,11.1
Dhaka,Bangladesh,2023-07-24,103.7,58.0,106.7,1.34,12.0,70.7,15.4,26.2,93.1,12.6
Sydney,Australia,2017-10-05,17.2,9.3,13.5,3.58,5.1,44.1,1.1,-4.2,85.0,10.7
Johannesburg,South Africa,2022-08-01,135.7,70.3,122.5,2.12,22.5,55.4,9.8,27.8,67.5,6.4
Delhi,India,2018-12-16,138.2,70.2,92.1,1.9,28.8,48.9,8.9,37.6,33.8,8.9
Karachi,Pakistan,2021-05-03,138.9,83.6,134.2,0.49,31.5,75.5,19.0,9.8,44.4,9.0
Lima,Peru,2024-02-18,111.0,51.2,100.8,2.67,15.9,24.0,8.7,16.3,55.9,3.5
Cairo,Egypt,2020-11-08,145.3,87.7,161.5,0.81,33.9,75.0,7.8,22.6,63.7,3.9
Tokyo,Japan,2017-06-11,77.6,32.8,61.1,2.44,17.9,78.2,7.4,-0.7,82.1,4.3
Istanbul,Turkey,2015-06-05,94.5,40.1,58.6,4.85,26.1,33.1,12.1,-1.1,31.8,3.1
Tokyo,Japan,2015-09-22,5.0,2.9,5.1,3.1,0.8,25.0,0.6,8.9,38.5,10.5
Nairobi,Kenya,2017-10-05,69.7,43.9,81.9,4.93,13.5,22.2,7.1,-4.0,91.1,3.0
Paris,France,2019-07-25,41.5,26.7,46.7,3.47,6.6,65.4,4.7,18.6,56.8,5.0
Dhaka,Bangladesh,2021-01-14,188.4,118.7,170.9,1.09,50.9,24.8,12.3,-0.9,91.9,2.0
Karachi,Pakistan,2017-09-27,215.3,97.6,150.7,1.76,52.7,43.6,22.1,29.9,57.0,11.0
Johannesburg,South Africa,2016-08-25,113.9,69.9,95.3,4.9,13.4,58.2,6.0,18.3,27.2,1.8
Los Angeles,USA,2022-05-23,38.4,22.0,42.3,4.61,6.1,71.9,5.6,9.0,90.3,6.7
Lima,Peru,2016-01-02,63.2,34.4,,1.52,9.4,57.8,6.7,-1.8,87.7,4.7
Toronto,Canada,2024-05-18,90.5,59.5,114.1,2.93,16.8,57.2,5.6,13.9,69.6,11.6
Bangkok,Thailand,2017-04-27,154.9,70.1,121.1,0.72,33.9,64.8,17.5,23.1,69.0,6.6
Lahore,Pakistan,2016-10-04,127.0,68.1,131.7,1.67,23.7,58.8,16.1,-4.6,69.8,2.6
Wuhan,China,2021-01-09,151.8,66.9,122.1,4.75,22.0,20.5,9.3,36.4,55.3,8.3
Dhaka,Bangladesh,2017-10-13,214.8,90.2,180.1,2.89,,65.3,19.2,25.2,36.8,13.9
Bangkok,Thailand,2015-06-21,158.7,64.4,122.8,2.86,26.7,28.5,8.9,8.3,80.8,3.3
Cairo,Egypt,2019-09-16,64.4,34.4,55.3,4.3,15.3,37.4,6.5,16.9,41.5,9.5
Ho Chi Minh City,Vietnam,2015-09-25,161.3,69.7,95.0,,35.2,79.8,22.7,15.7,43.9,11.1
Jakarta,Indonesia,2018-09-30,120.6,59.8,79.6,3.87,25.9,40.9,11.1,-1.5,29.3,6.6
Johannesburg,South Africa,2019-12-17,74.0,33.8,52.7,2.76,15.6,49.4,4.2,-1.4,35.4,13.2
Chengdu,China,2015-10-23,184.7,79.7,136.9,3.91,,21.7,19.1,3.4,86.7,7.2
Johannesburg,South Africa,2016-08-19,107.2,49.5,71.2,,12.2,22.5,8.2,11.5,49.1,3.3
Lagos,Nigeria,2016-07-31,109.8,68.8,100.2,4.32,20.0,28.0,14.2,16.6,65.5,13.8
Mexico City,Mexico,2016-05-09,138.0,66.2,102.0,4.33,36.2,64.4,8.7,3.7,72.7,4.5
London,UK,2023-06-13,68.1,47.4,90.7,0.87,16.8,70.9,9.3,18.1,84.3,12.9
Lahore,Pakistan,2020-11-06,220.4,124.0,214.5,1.04,54.6,73.4,23.4,28.2,59.2,8.6
Lahore,Pakistan,2016-06-09,195.2,102.5,137.6,2.58,24.4,68.0,13.1,35.6,86.6,13.4
Berlin,Germany,2021-03-21,18.8,9.3,14.4,4.44,3.3,54.0,2.8,26.4,79.7,7.2
Nairobi,Kenya,2021-10-21,98.7,69.1,93.6,4.21,14.2,57.6,13.0,24.2,40.5,4.9
Lima,Peru,2024-02-18,105.5,70.9,124.7,2.29,28.8,37.9,10.8,8.9,,3.4
Mumbai,India,2017-09-22,166.5,89.8,174.4,0.62,20.1,29.2,18.9,11.5,31.2,2.3
London,UK,2023-05-02,25.2,13.6,25.9,2.2,5.8,67.8,3.7,34.1,78.1,6.5
Lima,Peru,2024-12-08,100.4,44.1,76.0,3.54,11.9,37.7,11.5,22.1,70.1,2.3
Buenos Aires,Argentina,2016-05-04,27.9,18.9,37.3,,7.8,54.6,3.5,1.8,75.3,1.5
Stockholm,Sweden,2024-03-10,66.5,27.8,43.5,3.8,17.2,44.9,4.4,17.5,68.8,13.8
Delhi,India,2015-08-07,217.2,140.5,208.7,,48.3,52.9,16.7,4.2,60.8,13.4
Stockholm,Sweden,2024-02-10,31.5,12.9,21.1,2.79,7.4,31.6,3.4,-0.1,40.0,0.7
Istanbul,Turkey,2019-02-04,94.3,42.7,,1.92,,59.9,6.6,27.0,83.0,11.2
Lagos,Nigeria,2020-01-28,71.5,36.1,61.2,1.47,12.1,29.3,9.1,28.1,57.7,5.9
Tehran,Iran,2019-11-17,184.8,78.6,104.8,3.59,38.8,64.0,14.4,-0.1,52.2,6.7
London,UK,2019-12-01,40.5,24.8,44.6,2.97,,71.4,4.6,29.1,49.0,4.0
Lagos,Nigeria,2020-07-21,99.4,64.0,119.7,3.67,12.7,33.3,9.9,17.8,56.6,12.5
São Paulo,Brazil,2022-09-14,49.2,27.5,45.8,2.68,7.8,51.3,5.9,12.7,89.6,1.5
Wuhan,China,2023-01-17,142.0,89.3,153.1,1.26,32.0,68.1,10.7,-3.2,53.2,4.9
Sydney,Australia,2017-06-23,13.5,8.1,10.8,4.62,2.9,75.9,1.9,34.1,29.0,10.6
Lagos,Nigeria,2021-03-22,123.7,66.5,99.5,0.96,19.9,53.0,11.3,26.7,82.9,3.6
Berlin,Germany,2020-07-09,20.2,13.9,20.3,1.34,2.5,37.3,2.7,20.6,,14.5
Toronto,Canada,2015-08-24,24.8,13.0,24.1,2.93,6.9,62.1,2.9,10.2,94.2,10.0
Karachi,Pakistan,2018-12-15,175.4,105.2,164.2,0.6,45.6,59.2,20.8,6.0,29.8,7.1
Lima,Peru,2022-05-01,40.6,25.7,43.0,0.92,5.7,73.2,4.6,13.0,74.1,12.2
Jakarta,Indonesia,2016-09-13,112.0,50.4,80.8,1.33,19.3,34.5,5.6,-4.1,58.6,7.9
Dhaka,Bangladesh,2023-11-19,156.4,95.4,125.8,,28.0,73.0,16.8,32.0,94.9,3.1
Lagos,Nigeria,2022-12-15,128.3,75.7,115.2,0.78,31.3,52.6,12.8,28.1,94.1,11.2
Toronto,Canada,2024-07-27,78.1,36.9,70.1,3.06,19.5,29.0,8.3,8.6,21.9,11.1
Nairobi,Kenya,2020-10-09,67.9,40.0,75.2,1.06,20.1,57.4,10.1,23.4,70.2,11.5
São Paulo,Brazil,2019-04-17,86.6,57.5,105.0,2.46,13.1,43.8,12.3,,,6.6
Sydney,Australia,2022-01-04,5.0,3.2,5.2,1.33,0.9,64.1,0.5,20.7,88.6,10.8
Stockholm,Sweden,2019-08-30,69.2,29.3,53.5,3.74,8.4,78.0,9.3,18.0,36.5,3.2
London,UK,2024-03-06,18.2,12.3,16.4,2.22,4.5,69.3,2.4,37.5,40.1,6.0
Istanbul,Turkey,2022-08-25,104.7,48.3,93.7,,19.0,69.2,5.8,,31.1,3.8
São Paulo,Brazil,2024-12-23,107.6,59.8,91.2,4.36,24.3,45.3,10.3,7.1,28.1,4.9
Lahore,Pakistan,2017-11-18,148.2,74.2,120.8,0.6,18.0,63.8,10.1,10.3,67.8,14.7
Stockholm,Sweden,2022-09-06,28.3,12.1,17.2,3.56,7.8,20.7,2.0,11.1,94.2,10.0
Los Angeles,USA,2017-04-26,103.8,47.8,69.8,0.53,31.0,78.9,5.3,7.2,21.5,4.9
Ho Chi Minh City,Vietnam,2021-12-14,141.2,98.3,179.2,1.43,37.7,50.5,14.2,32.5,60.1,5.2
Tokyo,Japan,2024-10-27,82.8,34.9,61.5,3.99,9.1,34.1,6.0,35.0,68.8,3.6
Berlin,Germany,2024-02-13,64.7,34.6,47.4,3.84,10.7,41.6,4.6,31.2,32.0,3.7
Seoul,South Korea,2020-03-18,49.1,21.8,30.1,2.75,14.3,68.1,3.3,21.4,79.5,2.6
Stockholm,Sweden,2016-08-18,21.4,11.8,17.0,0.52,4.3,46.1,2.6,33.6,30.6,3.0
Beijing,China,2016-04-30,173.2,,214.3,2.65,39.2,34.6,22.0,17.5,55.4,4.8
Paris,France,2016-03-13,61.4,25.1,37.2,1.48,12.7,65.4,5.6,9.8,41.4,13.8
Chengdu,China,2023-07-12,157.8,90.6,173.5,4.94,33.6,37.9,13.2,22.6,48.6,7.9
Bangkok,Thailand,2022-05-14,83.8,37.8,62.4,0.33,24.3,71.4,11.1,11.1,28.6,10.8
Nairobi,Kenya,2018-05-29,113.6,73.5,121.8,1.01,29.9,62.1,16.6,-1.0,64.0,9.7
Lagos,Nigeria,2017-11-15,94.7,51.3,79.5,4.61,19.4,74.1,8.2,3.1,60.6,14.8
Istanbul,Turkey,2017-08-22,122.2,50.9,67.3,2.32,,26.3,15.3,29.1,33.9,12.8
Tehran,Iran,2023-01-21,156.3,102.7,187.7,0.3,17.5,21.9,20.8,21.8,92.6,6.1
Buenos Aires,Argentina,2016-12-17,107.2,53.8,80.1,4.29,16.4,28.0,8.9,30.9,50.1,9.4
Sydney,Australia,2021-09-27,51.6,21.9,31.8,1.39,8.1,59.6,3.4,0.3,58.4,5.2
Stockholm,Sweden,2020-12-19,58.3,26.3,39.1,0.48,9.5,43.0,4.2,,84.4,11.2
Ho Chi Minh City,Vietnam,2016-01-24,141.2,65.2,114.8,4.4,16.4,58.2,14.7,2.9,37.8,8.0
Los Angeles,USA,2017-08-16,30.2,18.2,24.0,0.89,8.3,59.2,1.6,21.8,32.6,13.8
Delhi,India,2015-08-08,186.5,119.0,177.4,1.72,,65.9,14.2,-1.0,43.2,14.5
Beijing,China,2024-02-22,141.0,80.1,146.9,2.93,32.6,72.8,12.3,0.0,27.1,11.8
Lahore,Pakistan,2023-03-23,192.1,113.0,150.6,2.5,,57.3,13.2,24.0,86.2,1.6
Sydney,Australia,2015-12-14,38.4,23.1,41.6,3.06,4.9,34.6,5.4,31.9,91.3,6.4
Johannesburg,South Africa,2023-01-04,95.2,61.8,91.0,0.96,23.8,61.6,12.6,28.8,51.4,2.8
Toronto,Canada,2021-01-21,5.0,3.3,4.7,2.74,0.8,51.2,0.3,10.9,56.3,2.7
Istanbul,Turkey,2021-09-03,79.8,55.3,95.2,2.13,16.3,43.0,8.8,-5.0,37.7,14.8
London,UK,2018-01-06,27.6,11.7,19.3,1.67,5.7,77.6,1.7,14.8,76.9,2.8
Stockholm,Sweden,2023-08-02,79.8,44.5,71.9,2.55,10.3,46.1,10.0,35.3,,12.5
Beijing,China,2016-09-09,118.8,57.7,114.4,1.56,24.5,70.5,8.5,-1.9,56.7,9.5
Cairo,Egypt,2019-12-20,145.9,98.8,184.4,2.06,31.3,80.0,19.5,-1.1,20.2,6.1
Mumbai,India,2016-06-09,185.8,116.7,201.5,3.41,52.9,79.1,15.3,1.3,22.0,13.1
São Paulo,Brazil,2017-10-16,82.7,43.0,82.2,0.78,18.1,67.4,11.3,-1.8,78.7,12.0
Chengdu,China,2016-10-22,147.0,86.7,167.4,0.72,41.2,27.1,22.0,18.0,74.7,1.4
Seoul,South Korea,2022-10-18,58.0,23.4,46.0,4.61,7.1,41.9,8.5,0.7,85.5,3.4
Mumbai,India,2020-08-04,142.0,62.8,112.9,0.95,14.3,66.5,16.4,34.5,63.3,1.2
Mexico City,Mexico,2017-08-20,119.0,76.1,118.9,3.41,13.7,63.1,8.9,37.0,45.3,5.4
Sydney,Australia,2024-12-05,41.6,27.6,48.9,3.96,7.7,53.9,2.4,-1.8,85.2,7.9
Johannesburg,South Africa,2016-03-22,82.3,52.3,99.7,4.36,22.8,29.0,7.6,24.7,87.6,6.7
Dhaka,Bangladesh,2016-03-21,138.0,95.0,187.5,3.43,27.7,54.3,19.3,26.2,38.1,3.3
Buenos Aires,Argentina,2016-05-11,116.2,49.3,89.8,2.89,18.6,77.4,11.6,16.5,53.2,8.6
London,UK,2020-07-06,81.5,33.8,54.8,3.9,16.6,75.3,9.3,-4.6,53.6,8.5
Mexico City,Mexico,2015-01-14,145.5,83.1,160.1,1.66,39.4,25.8,21.5,,20.2,1.4
Cairo,Egypt,2018-01-04,165.5,100.1,178.2,0.68,31.4,34.3,14.9,5.8,51.2,9.8
Toronto,Canada,2016-09-10,21.6,15.0,26.2,4.6,5.9,53.5,1.7,6.6,62.7,8.6
Stockholm,Sweden,2021-07-30,5.0,,,,0.9,50.3,0.7,26.8,81.1,8.2
São Paulo,Brazil,2017-02-03,80.7,40.2,61.1,0.5,12.7,45.7,9.7,7.6,69.3,9.2
Paris,France,2017-07-29,64.8,26.1,44.7,0.82,6.7,26.0,4.5,16.9,76.5,14.2
São Paulo,Brazil,2017-01-21,82.6,47.6,81.5,1.07,13.4,31.4,11.8,15.9,46.8,11.1
Mumbai,India,2021-12-07,180.3,119.1,211.1,0.51,38.2,69.3,26.0,8.6,41.9,8.4
Jakarta,Indonesia,2024-03-17,91.1,61.6,118.1,0.55,12.9,68.8,7.0,25.1,23.0,12.7
Istanbul,Turkey,2020-02-10,77.6,49.8,80.6,0.79,15.6,47.4,7.4,3.7,32.3,11.8
Lahore,Pakistan,2017-05-25,180.7,77.5,153.4,4.53,24.7,20.5,10.1,31.4,25.8,11.8
Cairo,Egypt,2015-08-06,113.0,55.6,100.9,4.16,28.9,31.5,10.7,-1.9,59.4,6.9
Paris,France,2019-02-08,48.7,30.2,49.0,1.42,10.8,79.2,2.6,3.8,56.8,9.2
Chengdu,China,2021-05-12,148.8,62.2,86.2,4.74,17.1,45.1,16.0,9.1,39.2,4.7
Jakarta,Indonesia,2021-11-12,189.3,,174.6,1.37,51.2,71.1,18.9,17.3,49.9,1.2
Istanbul,Turkey,2019-08-05,120.2,73.8,103.4,2.24,20.5,33.2,12.4,11.3,77.0,9.8
Los Angeles,USA,2021-01-28,5.0,3.2,6.3,3.9,,67.0,0.5,33.4,22.8,13.3
Sydney,Australia,2022-11-26,90.9,45.3,75.6,3.53,20.3,57.1,5.5,27.8,73.4,2.2
Karachi,Pakistan,2018-12-13,121.8,58.8,82.0,3.16,26.2,76.1,13.7,15.3,87.3,9.4
Bangkok,Thailand,2016-02-06,127.7,75.1,106.5,0.88,28.7,74.8,18.7,39.8,83.3,5.8
São Paulo,Brazil,2023-05-14,47.4,24.9,37.3,2.61,4.8,72.0,2.6,14.3,69.6,9.9
Tehran,Iran,2019-04-11,135.3,74.4,122.6,0.92,23.6,27.2,7.5,-2.5,52.6,11.1
Karachi,Pakistan,2021-02-06,117.8,54.4,97.2,0.54,18.0,61.3,11.1,17.5,93.2,6.4
Lima,Peru,2019-09-17,93.5,65.4,116.5,2.72,15.4,78.6,7.4,0.2,89.4,5.1
Delhi,India,2019-08-23,141.0,74.3,104.7,4.46,30.6,73.4,10.7,23.5,36.3,4.7
Stockholm,Sweden,2018-08-14,53.8,30.4,,1.24,5.9,66.3,5.5,9.1,24.0,2.0
Los Angeles,USA,2018-01-13,5.0,,5.3,3.48,1.4,56.9,0.3,1.7,49.3,4.6
Berlin,Germany,2020-05-04,32.7,16.5,25.9,1.86,9.5,69.9,3.4,37.1,31.7,1.9
São Paulo,Brazil,2021-12-20,36.6,23.6,44.9,0.3,4.6,65.0,4.1,6.8,40.6,2.1
Tokyo,Japan,2018-10-31,89.8,53.6,71.3,4.82,26.4,51.7,10.4,29.4,92.8,8.4
Buenos Aires,Argentina,2024-06-17,97.8,66.9,100.8,3.52,11.7,36.1,6.5,16.5,90.3,13.8
Istanbul,Turkey,2023-11-09,43.7,28.7,46.0,2.22,12.1,21.8,6.0,32.6,35.1,6.4
Istanbul,Turkey,2018-07-03,145.4,65.0,,2.7,17.3,39.5,17.9,2.7,66.6,1.6
Tokyo,Japan,2020-06-25,72.8,44.3,88.4,2.01,16.2,57.2,4.9,37.3,59.6,6.2
Jakarta,Indonesia,2018-09-26,146.8,81.2,112.6,1.6,43.7,44.1,21.8,19.6,73.3,3.7
Tokyo,Japan,2022-12-01,64.2,40.8,70.0,3.74,15.1,27.7,5.5,29.3,77.0,2.3
Wuhan,China,2016-03-12,205.5,112.7,189.0,3.0,29.7,40.0,19.6,20.8,83.5,7.2
Ho Chi Minh City,Vietnam,2022-01-03,102.7,44.7,62.2,1.65,16.8,57.6,7.4,1.4,68.4,15.0
Lima,Peru,2021-10-13,57.1,37.0,49.3,4.23,12.8,24.8,8.3,34.3,71.7,5.9
Ho Chi Minh City,Vietnam,2022-11-05,170.7,69.7,123.4,4.79,24.5,44.5,23.3,-2.0,44.0,14.2
Tokyo,Japan,2021-09-06,34.5,17.5,31.9,4.91,6.0,56.6,2.8,34.5,90.2,3.2
Beijing,China,2021-05-27,130.2,87.4,142.7,1.88,36.6,35.5,9.2,34.6,67.5,3.2
Beijing,China,2024-01-03,178.8,77.7,150.3,3.09,38.8,23.4,16.5,3.8,80.6,5.4
Lima,Peru,2017-06-05,31.0,18.4,33.1,4.01,4.2,35.8,1.8,33.5,43.7,2.3
Buenos Aires,Argentina,2021-07-17,37.1,25.3,36.3,1.26,7.9,78.3,5.2,21.7,80.9,7.6
Karachi,Pakistan,2016-07-31,130.4,67.8,109.7,3.62,34.5,54.6,17.8,23.7,80.2,10.5
Mexico City,Mexico,2022-08-29,135.9,61.7,82.3,1.66,25.6,36.2,18.6,38.4,77.8,7.4
Ho Chi Minh City,Vietnam,2018-12-07,150.7,99.7,188.4,1.06,16.5,73.9,19.9,37.0,46.8,10.0
Chengdu,China,2020-08-30,149.9,83.8,110.7,4.19,43.3,45.0,16.7,19.4,46.1,1.7
Paris,France,2017-05-06,5.0,2.4,4.2,2.82,1.1,56.1,0.7,1.6,80.4,14.3
Johannesburg,South Africa,2018-09-08,102.5,56.0,104.9,1.02,22.1,53.1,14.3,33.8,73.7,3.0
Lagos,Nigeria,2018-11-27,120.0,70.1,131.3,4.71,22.8,64.7,17.7,4.6,83.5,2.6
Ho Chi Minh City,Vietnam,2016-06-21,162.1,87.2,138.8,2.05,28.6,76.2,21.3,9.1,75.5,10.0
Johannesburg,South Africa,2018-01-02,122.0,52.2,93.4,1.45,18.1,62.3,17.0,18.2,54.9,12.3
Los Angeles,USA,2023-10-05,25.1,14.4,,4.34,6.0,79.3,3.4,1.1,73.0,4.6
Mumbai,India,2018-07-30,216.2,128.5,234.7,2.69,37.8,76.7,18.1,8.2,43.5,12.5
Chengdu,China,2021-02-19,127.0,69.8,96.9,1.51,28.8,65.3,9.4,6.8,55.9,14.7
Wuhan,China,2021-06-29,120.6,77.7,150.9,3.29,24.6,65.9,9.9,38.8,55.7,14.0
Tehran,Iran,2018-04-27,120.5,60.8,94.9,0.37,32.7,34.4,16.0,16.7,,8.3
Berlin,Germany,2019-08-07,21.8,11.5,18.0,3.19,3.8,56.4,2.3,29.9,94.2,14.7
Cairo,Egypt,2020-08-09,63.4,29.0,52.8,4.85,8.3,36.3,8.6,8.7,53.1,11.2
Tokyo,Japan,2019-08-05,18.9,10.6,14.5,1.74,2.8,63.8,1.2,24.8,63.2,10.3
Toronto,Canada,2018-02-21,93.2,59.8,106.9,1.8,27.3,23.6,8.1,,46.2,8.4
Nairobi,Kenya,2023-08-13,88.2,58.0,113.2,4.92,10.2,31.9,8.8,7.3,68.2,12.8
Buenos Aires,Argentina,2015-04-22,42.6,24.6,44.9,4.07,9.1,60.8,4.2,22.9,91.4,14.8
Dhaka,Bangladesh,2016-07-12,172.4,99.2,152.9,1.82,49.1,59.9,16.5,25.0,29.1,14.2
Lahore,Pakistan,2022-02-21,112.3,59.0,100.2,3.54,15.4,76.1,10.3,23.1,88.4,8.9
Los Angeles,USA,2018-03-15,75.2,44.4,65.4,4.83,14.6,25.9,11.3,24.3,65.6,13.8
Lima,Peru,2024-03-26,42.6,27.4,42.0,2.73,8.6,64.4,5.0,14.1,52.0,4.4
Berlin,Germany,2016-11-04,28.1,17.2,29.2,0.54,5.7,77.3,1.7,-0.3,70.1,14.4
Lahore,Pakistan,2017-02-24,153.7,73.7,124.5,2.38,26.5,32.6,17.2,20.9,69.7,12.0
Toronto,Canada,2016-01-13,34.2,16.9,28.9,3.13,4.6,49.0,2.1,29.8,79.6,12.9
Lagos,Nigeria,2016-10-21,134.3,67.2,124.7,0.33,31.3,34.4,7.8,17.5,47.5,9.2
Mumbai,India,2016-08-13,190.7,98.7,192.4,1.56,48.8,58.4,19.4,15.2,88.5,9.9
Ho Chi Minh City,Vietnam,2023-08-05,188.3,124.8,165.9,2.37,38.0,29.1,9.4,-4.9,93.8,1.6
Karachi,Pakistan,2024-04-22,229.4,100.3,199.8,3.8,41.7,79.2,24.3,31.3,25.7,14.1
Tokyo,Japan,2024-08-27,56.9,22.8,44.0,1.74,9.8,48.2,4.6,21.8,50.3,11.1
Delhi,India,2018-07-09,183.4,84.6,164.2,0.51,35.8,30.9,23.5,18.4,73.9,12.5
Mexico City,Mexico,2015-12-02,76.4,45.6,83.1,2.05,19.5,20.3,10.8,21.8,62.4,8.6
Bangkok,Thailand,2021-12-03,32.0,21.9,40.3,3.66,7.7,52.6,3.6,36.6,47.0,9.2
Jakarta,Indonesia,2022-05-14,115.2,58.1,80.6,2.41,16.4,26.1,9.5,25.3,22.8,10.4
Istanbul,Turkey,2015-09-12,75.9,51.1,69.9,1.2,11.0,59.8,10.0,18.8,75.8,13.4
Toronto,Canada,2021-01-29,14.5,8.3,15.7,1.19,4.3,27.6,0.8,25.9,47.4,10.2
Mexico City,Mexico,2023-06-08,96.1,43.8,72.3,4.74,16.8,24.4,11.9,36.5,,7.1
São Paulo,Brazil,2023-11-19,55.4,31.8,60.5,3.71,6.8,60.3,7.2,12.2,76.6,10.8
Sydney,Australia,2016-02-22,46.2,28.8,50.3,1.77,9.6,47.4,2.5,,30.2,4.0
Lima,Peru,2024-04-20,58.5,40.2,73.5,3.5,15.5,23.6,8.1,6.4,31.5,12.5
Stockholm,Sweden,2020-11-23,5.0,3.2,4.3,0.66,1.3,45.1,0.7,30.5,61.8,11.4
Jakarta,Indonesia,2024-07-27,132.6,66.6,86.8,4.78,32.1,70.7,18.7,23.4,57.7,2.7
Chengdu,China,2018-09-21,148.7,79.6,107.1,4.0,31.5,75.6,16.7,38.7,40.9,5.6
Sydney,Australia,2015-06-19,5.0,2.5,4.3,1.66,1.2,71.2,0.7,2.6,54.2,11.2
Ho Chi Minh City,Vietnam,2022-01-29,165.1,69.2,106.9,4.03,32.8,61.7,18.8,37.5,84.4,5.5
Cairo,Egypt,2024-06-21,76.3,,66.3,1.05,9.3,37.2,7.4,0.2,70.7,13.1
Lima,Peru,2021-03-10,69.3,45.8,64.4,0.66,18.2,78.5,5.8,24.6,69.1,10.4
Delhi,India,2023-09-05,170.9,69.1,98.5,0.86,18.4,25.4,9.4,19.7,24.3,14.9
Toronto,Canada,2022-05-12,34.7,23.2,42.2,3.66,8.8,50.2,2.7,3.0,57.3,5.9
Ho Chi Minh City,Vietnam,2024-01-30,115.4,59.3,113.7,3.62,20.4,32.6,12.3,37.1,63.5,13.4
Mumbai,India,2021-01-31,175.0,76.3,136.8,3.15,30.1,77.2,14.5,-1.2,38.6,6.8
Karachi,Pakistan,2020-12-05,191.1,98.1,145.7,2.68,33.4,43.6,12.6,1.4,39.6,9.0
Delhi,India,2024-08-14,134.0,86.4,122.0,4.89,20.5,24.4,12.6,3.2,78.8,2.2
London,UK,2024-11-25,74.5,40.5,74.9,3.91,21.7,78.6,5.3,24.4,84.2,14.5
São Paulo,Brazil,2015-01-12,124.3,85.1,124.0,2.99,28.7,72.8,16.2,37.1,79.1,5.4
Buenos Aires,Argentina,2019-03-11,64.3,44.3,81.7,4.78,17.6,55.0,4.7,6.4,47.9,0.9
Toronto,Canada,2024-08-03,62.8,35.6,48.8,4.18,16.6,27.1,4.4,6.3,59.4,14.2
Chengdu,China,2015-01-13,125.1,73.5,106.4,3.64,18.4,20.8,12.8,8.4,67.2,11.3
Karachi,Pakistan,2015-02-10,200.3,139.1,234.9,2.57,29.9,64.8,19.7,9.7,,5.9
Johannesburg,South Africa,2017-11-13,76.7,37.7,53.6,1.71,15.2,57.9,8.6,29.8,25.3,5.1
Mumbai,India,2023-03-06,137.3,83.4,120.6,1.31,16.3,52.0,16.8,26.4,75.7,3.0
Bangkok,Thailand,2024-05-19,117.3,67.0,128.4,1.78,12.7,46.2,8.2,30.0,80.4,11.9
Chengdu,China,2021-12-26,166.3,111.1,179.1,3.12,23.7,21.4,18.4,24.4,89.7,12.7
Lahore,Pakistan,2017-12-11,152.1,83.1,153.4,1.05,37.0,57.5,11.0,15.0,78.7,2.2
Sydney,Australia,2018-02-22,87.7,46.1,68.1,4.49,17.1,79.3,10.0,9.9,42.5,10.6
Karachi,Pakistan,2023-07-04,219.1,88.7,,,57.4,76.3,21.7,29.9,55.2,4.7
Lahore,Pakistan,2021-06-03,227.6,133.1,178.7,4.69,41.7,60.1,33.2,19.0,64.9,3.2
São Paulo,Brazil,2021-06-09,26.0,11.8,18.9,4.76,4.6,33.3,2.9,17.9,56.0,2.9
Istanbul,Turkey,2024-09-15,183.4,106.8,185.3,0.86,35.1,55.0,26.1,21.1,91.9,10.5
Jakarta,Indonesia,2019-01-22,122.4,83.6,127.4,4.46,15.8,64.5,11.2,-4.4,41.7,6.3
São Paulo,Brazil,2016-08-24,58.2,26.3,45.5,4.28,13.8,67.9,4.9,33.0,20.4,12.5
Seoul,South Korea,2015-01-23,71.0,28.6,54.4,3.04,7.5,33.7,8.3,,48.3,1.9
Wuhan,China,2017-06-10,131.2,90.6,146.6,3.18,23.8,38.9,14.6,22.9,66.1,0.9
Jakarta,Indonesia,2021-09-05,104.9,48.0,79.8,2.0,22.6,65.6,11.0,15.7,39.8,9.4
Cairo,Egypt,2019-04-08,136.2,65.2,120.7,2.26,16.7,74.6,16.1,32.8,69.1,2.3
Lima,Peru,2016-02-25,34.3,20.2,34.3,0.4,9.5,52.0,3.7,1.8,80.3,8.2
Tokyo,Japan,2020-04-23,82.8,56.9,79.5,1.76,9.6,60.3,12.3,1.9,67.0,2.7
Lahore,Pakistan,2020-05-14,189.0,102.6,165.7,0.94,40.2,47.7,15.8,27.9,42.3,13.6
Stockholm,Sweden,2016-03-26,31.8,17.4,33.6,4.82,3.4,71.1,2.9,39.8,45.7,12.6
Berlin,Germany,2017-12-28,59.0,40.6,74.1,3.3,15.5,22.5,8.0,7.7,24.2,10.4
Tokyo,Japan,2015-12-17,46.8,23.7,32.7,3.91,5.1,65.6,6.8,39.9,49.7,2.1
Istanbul,Turkey,2019-01-04,139.0,57.6,81.7,3.07,16.3,72.7,13.9,12.4,,2.1
Tokyo,Japan,2019-09-07,58.7,35.8,47.1,4.88,10.0,56.4,7.2,38.0,86.8,9.2
Stockholm,Sweden,2018-11-04,40.4,23.9,47.6,2.78,5.8,35.2,3.7,14.0,82.3,13.4
Chengdu,China,2017-10-31,171.3,117.1,228.3,2.23,46.9,26.8,17.3,27.1,45.9,0.8
Beijing,China,2020-09-28,161.4,71.9,138.9,4.73,26.7,55.2,13.3,27.6,91.1,0.9
Lagos,Nigeria,2022-04-28,139.1,89.0,158.6,1.16,24.8,48.1,17.3,15.7,43.5,6.5
Dhaka,Bangladesh,2023-11-27,171.1,78.6,,3.05,23.8,45.6,22.7,23.9,70.9,14.1
Seoul,South Korea,2018-03-09,74.4,,44.0,3.67,20.3,51.5,10.1,11.7,27.6,4.3
Nairobi,Kenya,2017-11-12,71.0,44.4,60.0,3.94,8.3,76.9,8.1,25.4,71.1,4.5
São Paulo,Brazil,2018-12-20,93.3,62.6,90.5,2.78,15.3,65.8,8.9,10.4,64.5,2.0
Toronto,Canada,2024-11-22,50.8,28.6,43.7,2.55,11.4,27.8,6.2,6.0,28.7,1.9
Berlin,Germany,2023-06-14,74.0,36.7,62.4,2.45,18.5,21.1,4.4,6.2,22.9,2.9
Paris,France,2023-10-22,66.6,32.4,46.4,2.35,19.3,23.6,6.3,26.1,68.8,12.2
Bangkok,Thailand,2023-08-15,110.4,51.9,97.6,4.18,16.5,46.4,10.5,18.1,82.7,9.2
Dhaka,Bangladesh,2021-05-12,181.8,76.8,115.8,3.34,25.8,26.3,19.1,9.8,,14.3
Karachi,Pakistan,2021-08-03,183.1,112.4,223.5,1.36,51.4,53.6,12.6,8.0,71.6,13.9
Toronto,Canada,2018-08-15,5.0,2.5,3.5,4.47,0.9,46.6,0.4,22.4,53.0,3.3
Wuhan,China,2018-11-17,204.7,122.3,229.1,3.78,49.0,76.7,25.5,17.0,85.2,6.8
Karachi,Pakistan,2018-07-14,211.0,131.2,234.7,2.81,58.5,63.3,22.8,26.7,45.8,15.0
Lahore,Pakistan,2015-05-03,218.4,118.5,186.5,1.81,63.9,78.2,31.6,9.5,66.4,3.2
Nairobi,Kenya,2022-10-21,107.7,66.2,132.3,3.99,23.2,49.4,6.0,37.5,33.7,1.1
Mexico City,Mexico,2018-03-02,76.2,35.7,58.6,4.64,22.2,37.2,10.7,35.5,52.9,8.4
Stockholm,Sweden,2015-08-31,32.4,17.6,23.0,0.82,6.0,68.4,3.4,26.0,54.1,6.0
Stockholm,Sweden,2023-07-03,5.0,3.2,4.7,4.13,0.8,22.3,0.6,1.9,41.2,11.6
Ho Chi Minh City,Vietnam,2020-01-16,157.5,74.5,126.8,4.83,33.3,32.5,11.5,,21.6,10.5
Bangkok,Thailand,2016-11-07,92.6,59.8,80.9,4.73,20.7,25.3,5.4,17.9,38.3,4.0
Nairobi,Kenya,2017-08-11,53.9,22.8,32.2,0.35,6.5,55.7,4.1,-1.9,30.2,1.1
Lagos,Nigeria,2019-11-29,108.9,51.1,70.4,3.89,12.6,41.8,15.2,35.4,46.9,9.3
Los Angeles,USA,2024-12-14,56.7,22.8,42.9,1.88,7.2,50.3,8.3,28.1,77.0,6.4
Berlin,Germany,2024-12-21,39.3,16.6,30.9,1.98,6.3,57.5,4.2,39.4,23.8,12.8
Paris,France,2019-03-12,58.6,36.9,68.2,,15.7,60.8,8.5,1.0,89.1,12.9
São Paulo,Brazil,2024-12-28,101.0,44.1,76.8,3.48,24.4,70.7,10.7,7.8,84.3,6.8
Lima,Peru,2021-04-30,112.9,78.0,110.8,0.87,17.8,74.3,11.6,-4.7,63.6,8.5
Los Angeles,USA,2018-11-04,54.2,24.1,32.9,2.75,11.2,47.6,5.1,21.1,69.7,14.5
Mumbai,India,2019-05-13,170.5,114.4,224.2,3.33,17.5,46.6,24.4,35.0,87.0,4.8
Johannesburg,South Africa,2022-02-15,70.0,42.1,81.1,3.3,12.3,58.1,6.0,-4.9,,12.8
Stockholm,Sweden,2023-04-27,15.2,6.9,11.3,1.54,4.2,52.7,1.4,34.2,26.1,13.1
Ho Chi Minh City,Vietnam,2022-03-11,118.9,72.1,99.3,0.55,15.8,36.2,13.3,-1.4,33.7,3.4
Johannesburg,South Africa,2023-09-03,51.4,21.0,28.7,2.88,11.7,64.5,5.1,7.1,41.9,9.9
Chengdu,China,2016-07-02,133.6,70.5,,3.06,26.5,55.6,18.7,10.5,40.1,8.8
Tokyo,Japan,2022-05-05,38.5,18.4,34.9,2.35,4.2,34.8,3.1,3.3,92.5,6.4
Jakarta,Indonesia,2024-04-29,134.3,93.1,156.8,0.69,25.3,59.3,14.4,33.0,92.2,1.4
Wuhan,China,2018-08-18,161.3,80.0,133.7,1.33,38.9,39.9,18.4,-1.6,92.2,4.2
Jakarta,Indonesia,2021-11-04,111.6,47.0,87.8,3.65,17.5,35.6,15.7,3.5,85.5,1.6
Sydney,Australia,2016-04-07,66.5,33.1,56.0,,12.0,20.4,5.3,39.1,78.5,9.4
Paris,France,2021-01-14,84.8,35.9,61.9,1.58,18.2,76.8,10.9,38.2,82.8,1.8
Jakarta,Indonesia,2015-02-20,154.4,79.3,106.1,3.65,18.7,58.1,8.5,3.2,61.7,9.2
Cairo,Egypt,2021-10-27,168.9,73.2,117.9,0.93,,70.1,18.0,14.4,44.4,11.9
Tehran,Iran,2016-12-25,141.0,92.7,159.8,0.63,30.8,65.0,17.5,19.4,76.5,2.2
Nairobi,Kenya,2024-11-30,72.9,34.1,52.7,3.29,14.8,48.0,7.8,13.0,92.4,0.7
Mexico City,Mexico,2017-04-20,101.2,65.0,88.7,0.67,11.8,54.9,12.0,6.5,69.0,7.1
Wuhan,China,2023-10-20,168.5,99.4,163.1,3.56,24.6,28.5,24.7,12.6,42.8,4.3
Berlin,Germany,2016-03-13,68.3,36.7,50.5,1.18,10.1,75.1,10.1,5.2,50.2,14.7
Istanbul,Turkey,2020-12-29,88.4,47.1,76.1,4.43,9.4,75.8,5.2,35.6,24.8,14.6
Lima,Peru,2019-01-25,90.1,47.7,64.7,1.0,25.7,43.1,11.3,,55.5,13.0
Ho Chi Minh City,Vietnam,2018-09-06,143.0,88.9,167.7,1.35,22.7,65.3,19.0,21.9,94.5,13.2
Tehran,Iran,2018-11-18,116.8,59.4,81.0,3.74,21.3,57.3,14.1,-4.6,23.6,5.4
Johannesburg,South Africa,2017-10-10,54.7,36.1,52.6,3.22,6.1,71.4,4.6,3.8,82.8,3.0
Stockholm,Sweden,2020-12-10,5.0,2.7,4.2,4.77,0.6,66.0,0.4,3.3,85.3,7.3
Buenos Aires,Argentina,2020-07-07,58.2,30.6,48.4,3.56,14.7,67.3,6.0,26.6,78.3,10.4
Nairobi,Kenya,2020-07-03,107.9,46.3,81.1,4.41,19.7,28.0,12.0,5.8,60.9,10.2
Lahore,Pakistan,2023-05-05,209.9,103.4,196.5,0.94,22.8,69.7,11.2,16.9,60.3,5.4
Cairo,Egypt,2021-01-12,107.4,47.0,76.3,3.71,17.4,27.9,9.0,19.5,27.6,3.9
Beijing,China,2019-10-07,200.5,,124.4,2.33,23.0,20.8,10.3,8.3,25.5,3.3
Jakarta,Indonesia,2024-11-11,84.9,44.2,71.9,4.43,17.5,23.4,12.6,3.5,59.6,5.4
Sydney,Australia,2016-07-31,25.3,11.5,19.2,2.72,5.8,54.9,1.6,26.2,54.7,3.2
Toronto,Canada,2016-11-22,13.3,8.9,17.0,0.41,2.7,24.4,0.7,4.5,92.4,14.0
Bangkok,Thailand,2016-09-12,38.3,19.9,32.3,4.39,5.1,22.1,3.0,1.8,93.9,8.7
Chengdu,China,2023-04-10,140.1,78.0,109.2,0.74,26.3,74.8,13.2,15.3,84.9,4.6
Nairobi,Kenya,2022-04-26,104.2,46.8,88.6,0.47,19.0,36.6,7.9,,47.7,13.6
Karachi,Pakistan,2019-06-24,165.9,108.6,173.9,4.91,36.3,49.2,23.6,12.2,76.2,7.4
Seoul,South Korea,2019-12-14,90.3,43.6,69.1,,24.7,75.7,11.2,32.0,46.5,2.7
Karachi,Pakistan,2016-02-20,129.7,87.4,135.4,4.13,16.3,37.2,14.5,5.9,91.7,8.5
Nairobi,Kenya,2019-11-19,103.4,58.8,93.2,4.16,10.8,45.6,14.3,-1.2,35.6,14.4
Stockholm,Sweden,2018-07-05,71.9,42.2,69.5,4.13,16.5,25.5,9.6,,67.5,11.7
Cairo,Egypt,2021-03-30,110.8,75.1,146.3,3.39,24.9,20.9,6.5,12.7,79.5,9.1
Mumbai,India,2017-12-18,177.3,,159.8,2.47,19.8,35.0,25.8,,23.8,1.8
Tehran,Iran,2020-07-24,108.4,68.9,89.8,3.46,19.0,48.2,6.9,29.5,85.2,1.0
Lagos,Nigeria,2015-05-21,142.6,91.1,153.4,1.15,30.1,46.5,20.0,7.1,79.7,8.7
Johannesburg,South Africa,2023-12-27,82.3,39.1,54.4,2.5,21.3,55.2,6.8,27.7,66.5,1.5
Beijing,China,2016-06-28,151.0,86.6,169.0,3.44,36.5,25.8,9.1,1.2,63.7,11.3
Sydney,Australia,2018-05-03,15.1,7.0,12.6,,3.2,50.6,0.9,32.8,75.1,10.3
Delhi,India,2016-03-30,176.0,113.7,166.9,0.73,40.9,33.1,16.0,26.9,27.7,2.4
Beijing,China,2018-03-11,162.0,86.6,126.1,2.72,36.2,44.3,10.9,24.1,29.1,10.0
Tehran,Iran,2015-03-03,139.9,69.0,100.7,2.64,23.4,37.7,17.7,-1.3,49.8,4.1
Mexico City,Mexico,2015-10-20,108.7,,89.0,1.01,22.8,26.4,9.5,24.2,63.7,7.5
London,UK,2020-03-21,54.4,24.8,49.3,1.62,12.9,52.8,5.3,14.3,48.8,4.9
Delhi,India,2018-10-26,171.5,119.3,211.2,3.86,39.6,50.9,22.6,9.5,40.5,6.1
Tokyo,Japan,2018-08-11,84.7,35.2,56.4,0.62,8.7,67.3,7.7,31.7,45.3,9.9
Tokyo,Japan,2020-12-27,11.8,5.4,8.8,,1.6,72.2,0.9,14.2,45.3,14.9
Ho Chi Minh City,Vietnam,2016-10-29,142.9,63.9,124.2,2.97,20.7,35.1,17.3,-3.2,73.7,5.0
Los Angeles,USA,2022-04-12,47.5,20.8,30.7,,13.1,37.0,6.4,-0.4,33.0,2.8
Lima,Peru,2023-12-06,105.0,57.3,108.1,1.43,30.1,58.1,10.6,22.4,88.8,5.5
Bangkok,Thailand,2019-11-17,90.8,58.8,112.5,2.02,12.6,50.4,5.6,33.3,54.5,13.4
Toronto,Canada,2022-06-15,25.8,17.7,24.0,4.24,5.3,31.6,2.4,8.7,37.9,9.5
Johannesburg,South Africa,2016-07-16,110.4,60.8,94.1,1.47,24.1,58.3,7.1,36.8,20.5,4.5
São Paulo,Brazil,2019-04-08,66.6,31.4,44.7,0.88,16.0,20.8,5.9,15.5,42.0,4.1
Tokyo,Japan,2018-10-14,5.5,3.5,5.9,3.65,1.3,74.4,0.7,7.2,34.2,13.7
Mexico City,Mexico,2024-12-05,125.5,75.5,131.8,,32.3,37.8,12.5,24.6,37.7,9.8
Mumbai,India,2022-07-10,184.3,88.4,131.6,4.97,31.9,21.7,12.4,,70.5,12.6
Cairo,Egypt,2017-10-13,175.8,117.9,212.7,0.8,45.6,79.0,8.8,17.1,22.7,14.3
Lima,Peru,2017-06-05,97.8,57.6,95.3,0.46,28.7,78.3,12.2,-3.7,79.7,8.6
Seoul,South Korea,2021-11-05,92.5,39.9,73.0,4.45,21.0,52.5,11.8,33.5,66.7,11.2
Tokyo,Japan,2015-10-24,63.0,,45.9,3.24,16.6,59.8,5.6,39.4,20.5,5.0
Lahore,Pakistan,2019-05-15,215.6,101.7,181.4,3.35,48.2,42.6,31.4,24.0,27.0,11.2
Lagos,Nigeria,2018-10-19,66.5,30.2,47.3,4.45,9.0,23.0,4.2,15.1,25.1,8.6
Buenos Aires,Argentina,2023-11-20,45.5,29.8,42.2,0.73,7.9,24.7,2.9,2.1,20.4,12.3
Bangkok,Thailand,2016-09-04,155.5,64.1,93.8,1.9,40.4,34.0,14.0,38.8,82.1,1.9
Ho Chi Minh City,Vietnam,2021-12-10,183.2,108.7,147.7,4.97,25.0,30.5,13.6,13.5,44.1,7.9
Stockholm,Sweden,2021-03-06,52.4,21.6,,4.93,7.8,69.1,4.7,36.0,67.8,13.5
Karachi,Pakistan,2024-07-06,195.3,127.3,228.3,1.43,23.7,57.1,22.5,38.7,49.9,11.0
Stockholm,Sweden,2021-06-21,15.1,9.6,15.3,1.43,1.6,65.5,1.3,17.6,93.7,0.6
Lima,Peru,2015-08-26,74.7,50.9,96.5,3.64,18.1,20.3,6.0,14.8,59.0,6.9
Delhi,India,2020-09-01,191.7,126.3,249.9,4.28,45.7,64.2,23.7,31.0,24.2,1.6
Johannesburg,South Africa,2020-11-27,96.7,51.9,95.4,1.33,25.2,40.8,11.0,39.4,25.4,14.4
Ho Chi Minh City,Vietnam,2020-11-23,152.5,81.4,111.7,0.82,33.0,51.5,15.8,,26.9,12.1
Bangkok,Thailand,2017-04-29,60.7,35.8,65.9,1.21,6.2,36.7,8.9,3.2,55.5,5.9
Lahore,Pakistan,2023-03-28,212.2,131.4,237.3,3.97,35.6,41.6,22.2,-4.8,91.5,3.9
Tokyo,Japan,2018-12-07,90.0,53.4,92.9,2.6,25.0,78.0,9.9,-1.5,27.6,6.6
Toronto,Canada,2015-03-18,51.9,30.7,61.3,3.63,14.2,76.6,3.6,10.0,71.6,10.0
Johannesburg,South Africa,2017-01-11,40.0,19.4,32.9,3.18,5.5,36.9,2.5,35.7,68.6,8.6
Stockholm,Sweden,2016-03-13,5.0,3.5,4.6,4.01,1.0,20.1,0.5,29.8,75.7,13.9
Berlin,Germany,2015-09-20,41.0,,36.0,4.18,9.4,41.5,3.4,4.4,58.7,12.3
Berlin,Germany,2024-07-28,5.0,3.1,5.1,4.34,1.0,72.7,0.6,16.9,42.4,14.6
Wuhan,China,2020-11-14,181.0,94.7,170.7,0.91,26.8,63.2,11.4,35.8,64.8,1.5
Delhi,India,2022-04-29,211.8,112.5,169.6,2.8,53.0,74.7,17.4,26.2,,0.7
Seoul,South Korea,2016-12-28,75.2,44.7,79.4,4.17,13.3,62.5,8.4,39.3,75.5,14.2
Nairobi,Kenya,2019-10-15,24.2,13.0,21.7,4.29,4.5,53.4,1.5,3.7,49.3,1.2
Stockholm,Sweden,2021-08-26,17.8,7.1,9.6,,3.8,68.9,1.3,21.5,,10.9
Bangkok,Thailand,2023-10-14,105.8,61.9,112.3,4.15,31.5,44.0,5.6,18.6,44.1,4.9
Mexico City,Mexico,2024-07-12,111.6,,119.2,4.82,11.4,51.4,15.3,,93.2,3.3
Seoul,South Korea,2016-11-20,67.4,28.5,47.4,1.48,10.9,42.2,4.9,34.0,31.4,6.7
Delhi,India,2017-11-26,233.5,,275.6,4.16,40.4,70.3,16.5,13.2,70.1,4.0
Mexico City,Mexico,2023-08-06,145.8,80.7,118.6,3.88,35.8,75.3,8.2,35.5,21.2,12.4
Johannesburg,South Africa,2021-03-02,129.5,66.8,96.5,,28.0,62.2,11.3,3.6,32.2,4.4
Delhi,India,2023-05-04,215.6,96.0,154.1,3.36,58.1,50.7,25.4,18.0,76.8,11.9
Mumbai,India,2018-01-22,203.9,130.6,248.7,2.5,56.6,24.5,17.5,36.6,51.1,13.0
Berlin,Germany,2015-02-16,60.3,28.8,39.4,3.58,8.7,54.6,5.4,25.2,66.6,9.3
Dhaka,Bangladesh,2020-09-02,208.7,96.7,166.0,0.36,42.4,67.6,11.7,9.5,22.7,8.7
Dhaka,Bangladesh,2024-05-21,204.7,101.8,158.4,1.3,50.6,50.4,15.9,-3.1,83.9,10.5
Toronto,Canada,2017-06-10,70.9,30.1,44.8,0.73,8.7,55.6,4.1,25.6,46.2,1.3
Chengdu,China,2022-11-02,144.7,75.2,117.1,2.7,29.0,41.6,20.3,4.9,45.5,8.5
Delhi,India,2022-07-28,182.8,74.4,110.9,4.87,31.4,78.8,11.3,12.3,20.4,9.1
Lima,Peru,2021-08-02,51.8,28.6,53.0,2.89,12.1,48.3,6.5,22.1,84.9,11.5
Lima,Peru,2023-03-28,107.0,70.4,115.0,1.77,15.2,31.7,6.9,40.0,69.7,5.1
Jakarta,Indonesia,2016-10-16,122.1,60.0,114.7,2.71,18.8,67.9,15.3,16.0,71.7,11.2
Cairo,Egypt,2016-02-13,118.7,82.4,159.5,0.39,26.6,77.9,12.6,22.7,89.8,8.8
Stockholm,Sweden,2020-09-16,50.0,26.9,41.6,1.09,7.1,23.7,3.3,6.7,76.9,5.8
Los Angeles,USA,2017-03-30,84.3,,62.6,4.89,16.5,76.2,6.4,-0.1,67.8,12.8
Beijing,China,2022-12-18,224.1,139.6,241.0,3.81,37.9,43.4,28.7,31.1,26.2,0.7
Sydney,Australia,2015-01-20,36.3,16.7,23.8,0.35,9.2,28.2,3.9,8.5,33.7,5.5
Chengdu,China,2015-07-27,117.5,,111.1,0.54,16.1,24.8,17.3,20.8,81.5,4.4
Ho Chi Minh City,Vietnam,2019-02-23,92.2,53.5,74.3,1.77,19.2,58.4,6.6,,82.5,8.9
Karachi,Pakistan,2019-11-18,221.8,122.8,241.1,3.83,31.8,44.3,16.9,27.5,77.5,10.4
Karachi,Pakistan,2022-09-24,176.4,72.1,99.9,3.11,44.3,77.5,17.5,7.0,84.7,6.9
Chengdu,China,2020-05-06,158.7,88.3,147.3,1.38,20.4,28.5,21.0,17.5,75.2,14.5
Buenos Aires,Argentina,2021-10-16,56.9,31.2,55.9,4.84,8.9,71.7,3.3,34.2,72.1,0.9
Mexico City,Mexico,2024-07-02,75.4,51.2,82.1,0.85,22.5,45.0,7.8,38.5,63.9,10.3
Mumbai,India,2020-08-23,202.5,85.5,167.2,2.86,41.9,70.1,16.3,24.5,43.8,11.5
Toronto,Canada,2016-03-09,59.0,26.9,,3.84,6.1,23.9,5.2,30.1,40.7,14.9
Seoul,South Korea,2018-05-08,69.6,,88.6,3.49,18.8,70.6,3.6,24.8,77.8,6.9
Tehran,Iran,2020-02-13,168.7,101.1,179.9,2.22,46.7,42.7,10.9,9.1,50.1,11.4
Mumbai,India,2018-07-07,184.9,91.5,144.3,3.58,40.7,24.3,11.1,26.6,86.0,2.8
Toronto,Canada,2023-12-17,104.0,48.1,95.6,3.25,27.4,37.4,8.7,1.6,71.0,14.7
Buenos Aires,Argentina,2020-04-24,39.0,26.5,48.1,1.18,10.9,33.3,5.7,7.9,29.4,8.8
Paris,France,2017-12-09,64.9,38.2,56.9,2.05,19.4,44.0,3.9,14.2,34.3,2.7
Mumbai,India,2015-01-11,155.8,63.1,110.0,1.43,42.3,38.6,16.3,5.0,33.9,14.2
Tokyo,Japan,2018-01-21,50.2,34.4,49.5,3.82,7.3,65.0,6.7,4.6,47.5,9.3
Lagos,Nigeria,2021-07-17,111.6,49.2,78.7,2.81,28.8,79.9,11.8,14.4,58.1,9.2
Karachi,Pakistan,2019-07-06,156.9,66.1,101.9,0.58,31.2,35.5,8.7,-2.7,50.7,5.3
Bangkok,Thailand,2016-09-13,130.8,72.0,122.3,3.25,21.2,74.5,6.7,3.1,68.5,14.6
Johannesburg,South Africa,2018-02-27,41.3,25.3,37.2,1.24,6.7,30.2,4.2,37.6,89.2,8.3
London,UK,2017-10-28,52.7,33.3,50.9,1.28,8.3,36.6,4.1,-2.1,57.4,2.8
Seoul,South Korea,2024-02-25,43.8,,54.4,4.4,7.5,66.4,4.4,6.5,47.1,8.8
Beijing,China,2021-06-06,159.0,63.9,95.9,2.23,30.7,64.4,19.6,9.0,47.5,4.3
Tehran,Iran,2021-04-01,132.1,66.3,,0.91,14.0,21.2,19.4,6.1,74.9,10.9
London,UK,2024-10-16,92.6,47.1,69.0,4.94,26.0,47.9,10.3,38.6,45.7,12.7
Chengdu,China,2019-03-08,124.0,82.1,134.6,2.8,31.1,72.9,9.5,28.8,91.2,0.8
Chengdu,China,2022-01-11,195.6,112.6,219.0,2.48,39.1,53.6,27.5,-2.3,58.3,6.0
Buenos Aires,Argentina,2023-09-17,46.9,21.4,42.0,1.97,7.5,56.8,6.6,8.6,36.7,13.6
Istanbul,Turkey,2020-07-22,110.2,58.1,101.5,1.32,29.0,45.0,13.8,31.5,25.6,10.3
Lagos,Nigeria,2022-04-19,163.7,83.1,150.7,,42.7,37.5,19.8,9.7,53.0,2.3
Beijing,China,2018-02-02,187.5,87.6,121.8,4.13,51.7,30.3,21.4,2.4,21.1,8.4
Lahore,Pakistan,2024-01-25,181.1,104.5,167.3,1.63,28.3,35.8,12.8,-2.0,76.8,5.1
Chengdu,China,2019-07-02,179.6,108.9,156.2,2.25,47.6,23.0,15.0,12.5,53.9,8.6
Cairo,Egypt,2020-09-22,134.7,60.5,96.2,2.03,38.5,64.6,18.4,26.9,24.3,7.4
Sydney,Australia,2020-11-13,24.8,16.5,24.7,1.0,5.1,59.3,2.5,19.6,34.5,4.8
Toronto,Canada,2016-11-29,5.0,3.2,5.0,3.63,0.7,37.8,0.3,4.9,77.1,1.7
Tehran,Iran,2016-11-25,167.2,111.6,204.9,4.58,30.1,57.4,16.3,32.4,62.2,10.8
Los Angeles,USA,2019-11-15,29.5,19.5,32.5,0.81,8.6,53.4,3.8,25.6,52.4,14.3
Bangkok,Thailand,2015-11-18,102.6,42.3,55.5,3.41,22.8,21.5,5.9,16.5,80.0,11.0
Lima,Peru,2018-11-29,77.2,41.2,76.3,1.77,19.0,75.0,5.4,13.6,50.5,6.8
Tokyo,Japan,2022-08-26,48.4,24.4,32.6,1.01,7.5,55.1,6.1,-0.1,24.1,13.3
Stockholm,Sweden,2017-09-05,36.6,19.6,27.0,2.81,4.4,65.7,2.1,14.4,51.5,13.9
Berlin,Germany,2019-12-31,44.3,27.4,42.0,3.16,5.5,45.5,3.0,7.3,68.1,11.4
Nairobi,Kenya,2019-05-09,57.0,39.8,59.6,1.01,,59.0,6.7,30.7,95.0,4.6
Ho Chi Minh City,Vietnam,2022-01-28,106.6,52.5,79.5,1.84,26.0,55.6,13.0,18.1,91.7,8.0
Jakarta,Indonesia,2017-11-04,133.5,65.3,87.6,4.13,36.2,71.1,17.4,7.1,63.1,12.3
Delhi,India,2019-11-06,182.8,103.9,207.4,2.81,53.6,20.7,19.2,8.0,49.7,1.8
London,UK,2021-10-04,52.2,29.8,53.8,4.58,7.6,67.7,2.7,35.2,64.6,12.8
Karachi,Pakistan,2015-01-10,146.5,62.1,116.6,1.7,25.0,51.8,17.2,-2.9,63.1,9.3
Paris,France,2019-10-10,40.6,18.1,29.3,2.53,10.9,41.7,2.4,22.1,69.6,8.9
Sydney,Australia,2015-08-04,60.0,35.1,62.3,2.08,12.0,60.7,6.2,-1.6,47.2,14.6
Jakarta,Indonesia,2019-07-06,94.7,49.6,95.3,3.42,17.6,55.7,7.9,31.2,73.8,3.7
Jakarta,Indonesia,2017-08-02,124.5,81.4,160.9,1.8,17.0,79.2,8.5,1.8,89.4,14.1
Tehran,Iran,2023-04-08,114.7,67.9,108.1,,30.6,50.8,10.8,25.9,69.8,1.7
Ho Chi Minh City,Vietnam,2024-05-16,185.9,85.0,129.6,,52.1,43.3,14.8,33.4,37.4,9.3
Karachi,Pakistan,2019-10-28,113.5,76.3,135.8,4.47,26.3,53.7,10.4,22.6,79.0,6.8
Jakarta,Indonesia,2019-07-21,93.2,53.0,71.3,3.11,,29.3,10.2,-2.3,40.3,2.3
London,UK,2022-07-04,41.2,27.0,42.8,1.01,,74.1,4.1,,83.2,11.4
Mexico City,Mexico,2023-08-23,75.2,50.8,89.5,0.33,19.5,20.9,8.4,14.8,35.6,11.4
Beijing,China,2016-04-11,156.8,95.8,178.7,,29.5,58.3,16.2,9.2,24.8,12.9
Istanbul,Turkey,2020-03-30,105.7,47.7,72.7,3.17,14.4,58.7,12.8,5.4,27.2,6.3
Lima,Peru,2019-03-01,67.3,43.3,57.4,2.82,10.2,45.0,6.9,28.1,23.0,3.0
Lima,Peru,2019-05-10,32.4,13.6,26.4,2.01,5.9,22.9,4.0,39.6,93.4,5.0
Ho Chi Minh City,Vietnam,2015-08-04,121.3,63.4,99.6,4.21,31.3,48.5,11.5,38.6,50.6,13.0
Chengdu,China,2024-01-25,142.4,76.2,147.1,2.74,20.4,75.0,20.5,7.4,33.0,1.8
Lahore,Pakistan,2023-02-20,169.4,106.8,150.9,,23.4,22.3,15.1,20.0,51.2,7.5
Buenos Aires,Argentina,2020-01-02,53.0,33.8,46.4,0.44,13.4,73.7,4.8,-3.9,64.8,3.9
Ho Chi Minh City,Vietnam,2016-08-28,138.4,68.6,119.0,1.52,18.0,65.1,14.4,9.3,67.1,4.7
Delhi,India,2022-12-24,141.0,75.0,140.4,4.86,20.3,76.3,11.0,16.1,27.5,9.3
Istanbul,Turkey,2019-01-30,77.3,47.8,85.6,0.94,20.4,40.6,7.5,25.9,65.6,10.2
Chengdu,China,2018-05-03,178.0,105.6,184.9,2.06,33.4,29.2,19.2,1.3,88.6,6.5
Jakarta,Indonesia,2015-05-26,143.2,57.3,101.7,3.17,36.4,65.0,7.2,2.5,44.4,1.4
Chengdu,China,2021-09-08,156.3,101.3,,2.86,33.5,43.1,13.1,23.5,46.3,2.2
Istanbul,Turkey,2024-05-02,64.8,37.3,70.1,2.54,14.8,75.2,8.1,10.8,44.6,4.5
Ho Chi Minh City,Vietnam,2022-04-29,108.8,70.0,112.2,3.69,29.1,48.2,13.4,-1.9,42.3,5.2
Toronto,Canada,2022-02-03,77.4,46.0,74.9,,11.7,28.1,6.7,5.9,64.5,8.8
Istanbul,Turkey,2022-12-20,81.2,40.9,55.4,3.49,21.1,77.7,11.8,23.4,75.4,3.5
Nairobi,Kenya,2021-12-14,91.0,45.5,62.6,2.61,16.8,24.2,13.2,38.0,61.9,14.2
Wuhan,China,2020-12-09,112.4,68.4,111.6,2.08,28.7,34.4,13.4,12.4,39.6,14.0
Beijing,China,2022-06-18,134.8,69.6,120.7,0.59,,57.7,14.7,22.1,64.5,12.6
Toronto,Canada,2016-06-15,82.7,37.8,61.5,,9.9,47.3,9.1,36.7,23.7,5.9
Cairo,Egypt,2020-04-04,138.8,68.2,124.6,4.77,30.2,35.0,15.2,8.6,32.7,12.0
London,UK,2021-10-27,20.4,11.1,17.1,3.28,5.5,56.7,1.0,22.2,29.7,5.1
Istanbul,Turkey,2016-03-31,85.9,47.3,87.6,0.48,9.6,77.5,8.1,28.3,85.7,6.0
Cairo,Egypt,2022-03-08,138.3,63.1,108.5,4.84,41.1,74.5,16.9,34.7,50.8,5.5
Buenos Aires,Argentina,2021-09-09,95.5,52.8,79.4,1.65,24.5,27.5,13.7,13.6,83.3,12.0
Toronto,Canada,2018-05-05,39.8,20.6,35.1,2.78,6.8,49.6,3.4,24.6,82.6,11.9
Sydney,Australia,2019-01-10,96.6,53.4,69.8,4.39,,46.5,6.3,25.5,60.9,5.8
Lima,Peru,2015-05-30,89.8,43.1,74.6,4.53,9.7,43.3,5.7,35.9,47.0,3.6
London,UK,2023-10-22,27.2,15.3,28.7,3.84,8.0,25.4,1.6,35.8,91.7,6.4
Ho Chi Minh City,Vietnam,2015-03-05,167.9,106.0,154.1,2.1,23.9,22.8,9.3,1.6,22.2,6.6
São Paulo,Brazil,2020-03-16,62.1,40.6,73.1,3.98,13.9,59.8,3.8,-2.4,94.2,5.9
Toronto,Canada,2018-01-20,35.2,21.1,41.7,0.37,6.9,79.8,2.2,0.6,26.5,7.9
Sydney,Australia,2021-06-10,5.0,3.1,5.2,3.03,1.0,79.5,0.5,-1.7,44.2,11.8
Paris,France,2017-02-08,75.5,51.9,76.7,4.0,19.4,52.1,3.8,8.2,22.9,6.4
Nairobi,Kenya,2020-07-14,57.4,38.8,55.7,3.82,8.1,69.7,8.1,-0.3,31.0,13.9
Bangkok,Thailand,2018-12-03,131.3,58.5,105.7,0.69,25.4,63.7,7.4,4.2,79.4,2.9
Mexico City,Mexico,2021-03-12,102.4,44.0,59.4,2.24,30.4,57.1,12.7,38.3,69.7,9.2
São Paulo,Brazil,2022-04-16,99.7,55.1,104.9,,20.1,38.9,7.8,33.7,82.9,13.5
Karachi,Pakistan,2019-07-30,159.1,109.5,167.0,4.95,40.0,59.3,22.1,23.4,51.5,5.7
São Paulo,Brazil,2023-11-05,124.2,54.8,106.8,1.34,36.3,47.4,7.9,0.0,69.7,12.3
Los Angeles,USA,2023-11-16,52.1,34.7,53.0,4.08,6.5,63.4,3.0,6.6,47.0,2.8
Bangkok,Thailand,2018-03-18,82.6,56.2,103.3,1.98,18.7,63.2,9.0,22.8,88.7,13.3
Jakarta,Indonesia,2021-09-03,128.6,85.6,152.3,2.61,25.4,66.3,18.3,-1.0,85.8,12.8
Cairo,Egypt,2019-04-03,134.3,88.0,118.3,4.65,18.1,24.3,9.8,16.7,81.1,4.4
São Paulo,Brazil,2019-01-29,81.4,36.0,54.2,4.54,19.2,60.4,6.1,1.6,86.6,14.2
Tehran,Iran,2023-05-22,64.0,39.8,60.2,3.22,7.5,69.4,4.7,9.1,48.4,3.5
Tokyo,Japan,2015-05-21,98.1,41.2,,4.67,26.0,77.1,12.4,20.3,74.1,0.6
Paris,France,2020-01-20,82.5,45.3,59.7,0.84,19.1,51.8,4.5,18.3,83.7,13.4
Johannesburg,South Africa,2022-09-19,126.9,76.0,139.7,0.93,17.5,49.1,12.1,3.3,70.9,11.2
Stockholm,Sweden,2016-06-03,5.0,2.4,3.8,,1.0,49.1,0.6,10.5,57.8,7.8
Lahore,Pakistan,2018-01-18,144.4,85.0,127.1,0.52,33.1,22.9,13.6,23.0,94.9,8.0
Buenos Aires,Argentina,2021-05-04,22.7,12.1,23.1,0.94,4.7,57.2,1.8,28.1,69.8,7.2
Jakarta,Indonesia,2019-06-12,118.9,73.4,129.0,0.38,19.8,42.1,9.3,8.3,52.5,10.7
Dhaka,Bangladesh,2018-09-07,227.8,95.9,176.3,2.38,26.9,42.4,27.5,0.5,81.1,10.8
Lahore,Pakistan,2016-04-15,130.9,90.8,178.0,0.92,18.4,40.8,19.5,26.7,88.6,4.5
Tehran,Iran,2015-05-02,135.4,87.5,165.8,4.36,21.3,59.6,9.6,17.2,83.6,6.4
Lagos,Nigeria,2019-03-20,81.8,33.3,64.3,0.88,22.5,25.6,6.1,27.8,33.1,13.3
Lahore,Pakistan,2022-11-29,198.2,99.6,170.6,1.82,38.8,48.2,19.3,11.5,74.2,5.5
Ho Chi Minh City,Vietnam,2019-07-10,119.9,69.4,103.8,0.48,13.1,49.3,17.6,-1.5,44.8,1.1
Nairobi,Kenya,2019-04-09,30.3,19.1,25.2,0.89,3.4,40.3,3.1,8.0,43.6,8.8
Toronto,Canada,2018-11-01,58.0,28.0,54.1,3.72,11.7,62.2,5.5,36.1,33.2,3.0
Cairo,Egypt,2022-02-04,114.1,75.1,124.3,1.27,30.8,24.6,8.9,37.2,92.6,5.9
Bangkok,Thailand,2017-12-25,81.8,36.2,56.3,1.22,11.5,59.7,6.4,6.3,80.6,7.4
Mexico City,Mexico,2016-02-27,108.5,70.0,106.5,4.82,30.9,69.4,7.7,27.7,81.3,5.8
Johannesburg,South Africa,2015-02-05,130.7,62.9,107.5,1.48,30.4,43.5,9.5,22.6,25.5,9.6
Berlin,Germany,2016-03-03,12.5,8.4,,2.78,2.2,23.1,1.0,,39.5,6.5
Nairobi,Kenya,2019-09-25,116.3,56.4,105.3,4.52,13.1,54.5,9.9,19.9,61.0,0.6
Beijing,China,2015-12-06,169.0,113.0,162.1,1.57,19.1,49.5,23.2,19.5,46.4,13.6
Wuhan,China,2017-06-22,116.7,,147.4,4.58,26.8,79.4,12.0,23.8,30.1,14.1
Delhi,India,2023-08-17,144.5,96.2,132.5,4.54,32.5,77.4,14.5,17.2,46.9,5.3
Wuhan,China,2020-04-03,202.0,100.6,173.7,0.7,27.7,71.6,11.9,5.9,20.3,10.9
Delhi,India,2024-11-10,218.4,131.8,255.7,4.04,43.2,50.6,18.3,-4.5,30.8,5.3
London,UK,2023-10-16,5.0,2.3,4.0,2.99,0.8,65.9,0.4,24.7,49.7,12.0
Stockholm,Sweden,2016-10-26,33.0,20.5,38.2,,6.2,45.8,1.7,37.2,29.8,7.0
Mexico City,Mexico,2020-05-18,116.4,81.2,128.3,3.44,33.8,54.3,12.0,20.8,81.3,1.1
Sydney,Australia,2019-12-08,50.5,32.3,56.2,2.36,12.5,21.1,5.8,5.5,69.5,2.5
Istanbul,Turkey,2020-04-20,76.0,40.7,68.0,2.26,16.9,23.2,5.3,-4.8,62.5,10.5
Nairobi,Kenya,2018-11-28,8.9,4.5,7.6,0.33,2.0,49.4,1.0,33.4,82.2,12.2
Cairo,Egypt,2017-10-04,92.9,48.0,69.4,0.45,18.7,78.5,11.6,19.6,42.4,2.3
Johannesburg,South Africa,2020-11-15,157.4,80.2,110.2,1.54,23.8,52.1,9.5,8.0,45.8,8.1
Mexico City,Mexico,2015-06-23,128.6,57.2,75.4,1.11,34.1,41.0,13.4,17.1,40.7,12.7
Wuhan,China,2015-05-17,178.2,111.7,210.7,2.22,42.3,31.4,26.2,27.5,25.7,13.2
Tokyo,Japan,2019-11-10,43.0,24.2,48.2,2.42,10.0,47.1,2.5,17.9,82.0,1.1
Lahore,Pakistan,2018-06-26,155.4,107.7,168.9,3.98,23.2,39.9,19.0,-2.4,27.0,4.4
Tehran,Iran,2017-09-08,172.1,72.2,143.1,1.68,42.1,43.6,25.7,1.3,48.1,6.8
Jakarta,Indonesia,2016-09-18,169.9,110.8,166.5,4.08,33.7,24.6,13.5,31.1,49.2,1.9
Lima,Peru,2022-10-06,74.2,32.6,54.8,1.28,12.4,44.8,3.7,11.0,43.2,10.2
Buenos Aires,Argentina,2023-04-21,63.7,30.8,61.3,3.97,7.9,42.1,3.9,30.4,56.5,9.9
Tehran,Iran,2023-05-31,110.9,50.4,66.0,,13.1,67.5,7.7,33.4,64.5,6.3
Dhaka,Bangladesh,2021-07-30,157.6,102.0,133.2,1.4,39.1,63.2,10.5,39.2,70.7,5.9
Lagos,Nigeria,2018-11-03,61.7,34.4,45.5,3.66,7.0,59.2,8.0,35.7,31.1,11.3
São Paulo,Brazil,2022-09-29,61.1,30.3,59.0,3.51,6.2,49.7,8.4,19.0,34.6,14.3
Ho Chi Minh City,Vietnam,2018-03-06,111.6,56.3,87.3,2.16,27.0,38.9,10.8,6.9,58.1,14.2
Stockholm,Sweden,2018-07-14,13.7,6.1,8.3,4.91,2.9,50.9,0.7,16.8,69.7,6.4
Lima,Peru,2015-12-17,93.3,44.8,80.7,2.53,18.3,22.3,9.6,14.1,86.0,6.0
Tokyo,Japan,2020-11-25,63.2,25.8,35.4,4.84,13.3,31.4,6.7,38.1,23.4,8.1
Jakarta,Indonesia,2017-11-24,141.0,75.3,132.4,2.46,41.3,55.1,20.6,9.1,21.6,2.7
Istanbul,Turkey,2024-09-15,71.5,44.8,75.2,1.32,15.9,20.7,6.0,30.3,76.2,12.0
Sydney,Australia,2019-03-22,53.1,30.4,48.2,4.76,15.4,20.5,7.8,34.2,65.5,5.2
Lahore,Pakistan,2020-10-29,165.9,97.2,142.1,2.08,16.8,78.2,10.1,29.4,62.1,12.5
Stockholm,Sweden,2015-03-08,34.1,17.4,26.7,2.3,9.3,73.1,4.4,11.9,21.8,5.8
Lahore,Pakistan,2018-06-13,178.6,117.5,191.2,0.5,35.8,61.6,20.7,18.0,65.2,4.5
Bangkok,Thailand,2017-10-24,79.5,52.9,79.5,3.55,10.9,45.8,5.1,8.3,33.4,14.4
Delhi,India,2015-09-13,217.2,144.1,287.9,3.16,61.6,76.9,22.5,0.2,57.6,7.5
Karachi,Pakistan,2022-11-13,126.2,63.8,112.9,2.48,27.0,38.1,11.9,27.1,28.0,12.1
Mexico City,Mexico,2021-05-25,110.9,46.2,76.7,2.79,25.9,29.9,10.8,12.4,88.8,4.8
Istanbul,Turkey,2021-10-14,108.2,59.4,117.3,3.32,23.8,69.9,7.1,10.9,35.6,6.1
Jakarta,Indonesia,2024-08-04,87.1,51.1,83.6,3.44,16.4,57.6,5.2,2.4,92.6,12.7
Wuhan,China,2017-06-04,151.6,63.9,108.1,1.93,28.2,59.1,13.9,17.3,40.5,1.7
Tokyo,Japan,2021-01-24,58.4,37.5,52.9,2.8,11.4,69.8,8.3,0.1,63.7,6.5
Chengdu,China,2020-04-20,198.0,128.7,227.8,2.69,42.0,71.3,26.5,10.4,28.5,2.8
Tehran,Iran,2018-07-20,144.3,79.3,116.9,3.49,39.8,70.4,18.2,6.0,63.2,3.8
Ho Chi Minh City,Vietnam,2019-12-06,157.0,106.2,207.8,4.62,24.6,32.6,9.1,28.7,92.2,2.2
Chengdu,China,2020-01-05,188.2,124.1,191.8,3.52,33.8,76.9,9.5,29.6,23.2,11.0
Dhaka,Bangladesh,2021-02-18,147.1,97.9,135.4,0.64,41.7,36.5,9.9,5.5,60.2,1.5
Nairobi,Kenya,2024-04-24,35.9,24.1,40.7,3.03,10.2,25.7,3.4,13.1,78.6,6.6
Lahore,Pakistan,2015-07-14,230.0,146.6,259.7,,26.3,70.0,34.3,28.5,52.5,6.2
Paris,France,2017-08-16,32.6,14.1,28.0,3.4,6.9,73.0,2.7,17.9,30.6,9.3
Mexico City,Mexico,2018-01-22,97.1,60.6,103.1,2.75,21.4,57.7,10.8,,66.9,8.1
Nairobi,Kenya,2017-04-08,119.8,80.6,,4.35,12.1,76.4,6.1,37.1,33.5,1.9
Wuhan,China,2022-03-04,162.7,98.8,188.1,1.03,20.1,77.5,23.9,28.8,24.4,9.6
Mexico City,Mexico,2016-11-04,95.8,52.0,74.3,3.71,19.2,62.4,7.9,12.0,87.2,4.2
Lahore,Pakistan,2015-10-15,195.0,82.4,116.3,3.42,58.3,76.0,19.7,18.8,63.0,12.0
Bangkok,Thailand,2022-09-07,109.8,64.4,127.9,2.78,22.5,21.1,15.8,14.4,85.1,6.1
Bangkok,Thailand,2021-01-22,104.8,,94.3,3.63,,25.9,5.7,-3.6,50.9,7.1
Beijing,China,2019-05-08,145.5,91.1,140.8,1.52,24.4,73.7,20.2,14.7,84.4,5.8
Ho Chi Minh City,Vietnam,2024-02-16,108.6,58.2,112.5,0.62,16.2,23.0,13.7,31.5,87.0,1.7
Beijing,China,2016-08-04,135.1,86.1,146.7,1.91,26.9,41.6,7.2,7.6,53.8,4.2
Buenos Aires,Argentina,2024-12-26,130.5,85.9,129.6,0.41,35.9,54.6,6.6,17.5,27.3,10.3
Nairobi,Kenya,2019-08-11,84.7,37.5,62.5,4.22,21.2,75.0,12.3,-3.5,67.9,1.3
Dhaka,Bangladesh,2016-10-13,187.9,79.7,159.0,0.31,,56.8,24.2,25.2,90.5,12.9
London,UK,2019-07-05,33.8,20.2,,4.71,8.2,48.8,4.4,-3.8,67.7,1.0
Dhaka,Bangladesh,2022-07-08,194.0,121.6,240.4,3.18,36.8,76.1,13.2,26.9,44.5,13.0
Los Angeles,USA,2016-08-01,89.1,59.5,87.8,2.99,16.4,75.6,13.1,-0.3,61.2,8.2
Toronto,Canada,2021-11-09,19.3,12.3,18.4,2.75,3.4,41.2,2.4,22.0,34.9,9.5
London,UK,2024-09-07,29.1,19.7,37.6,1.73,6.1,71.9,3.0,1.4,55.6,5.1
Los Angeles,USA,2016-02-14,49.2,32.2,51.0,4.06,7.2,55.6,4.6,38.8,20.1,5.8
Stockholm,Sweden,2023-08-12,5.0,3.3,5.6,2.92,0.9,29.5,0.5,17.7,50.2,1.6
Berlin,Germany,2022-04-09,26.8,15.8,26.7,0.92,4.3,48.2,3.3,5.0,,5.1
Tehran,Iran,2018-05-15,144.4,60.7,95.0,3.02,33.9,40.7,13.4,11.9,72.3,13.7
Istanbul,Turkey,2018-05-08,103.9,49.8,83.5,2.55,10.7,76.3,10.0,37.4,69.8,10.8
Lagos,Nigeria,2017-09-17,91.3,49.2,84.2,0.59,9.9,47.4,9.3,-1.4,55.7,11.8
Tokyo,Japan,2024-08-27,35.9,19.5,26.3,,7.5,47.0,2.1,28.1,40.7,1.7
Istanbul,Turkey,2018-07-04,74.4,48.7,78.6,0.98,12.5,21.7,11.0,28.7,23.7,4.0
Lagos,Nigeria,2022-07-30,109.1,67.1,117.1,2.37,22.8,22.6,16.4,34.0,44.2,2.1
London,UK,2023-04-30,51.4,34.2,47.3,2.74,5.7,47.5,6.6,8.7,37.5,4.1
Jakarta,Indonesia,2020-04-09,106.9,74.0,108.0,0.62,13.4,57.7,12.6,15.2,25.9,14.0
Cairo,Egypt,2015-09-30,165.6,110.9,183.6,3.13,40.8,73.5,9.8,-2.6,70.6,1.2
Sydney,Australia,2019-02-25,23.2,12.2,17.4,4.52,3.9,54.7,1.2,18.1,80.8,14.5
Ho Chi Minh City,Vietnam,2017-05-18,113.7,50.8,78.1,2.94,22.4,72.4,8.0,14.5,67.4,14.7
Dhaka,Bangladesh,2021-12-13,139.5,90.7,157.1,0.93,35.8,30.5,16.7,5.8,55.1,11.9
London,UK,2018-11-16,68.8,28.2,46.2,4.93,17.8,41.9,5.4,26.7,30.3,13.3
Mexico City,Mexico,2021-03-21,128.9,73.2,138.5,,25.4,33.8,14.2,38.5,27.2,1.0
Dhaka,Bangladesh,2016-12-15,122.4,75.3,125.5,1.93,31.7,26.0,6.6,-2.4,81.1,12.1
São Paulo,Brazil,2017-08-27,113.8,55.2,,1.8,24.7,70.7,5.9,20.6,35.1,13.1
Seoul,South Korea,2017-12-27,54.3,35.2,46.2,4.64,11.8,64.6,5.2,26.8,45.1,10.1
Wuhan,China,2021-06-14,137.6,93.5,182.4,2.98,35.0,64.5,16.6,38.8,85.8,11.3
Lahore,Pakistan,2016-06-12,160.6,90.8,145.3,1.12,47.2,31.4,18.0,7.3,81.7,12.0
Wuhan,China,2018-07-06,199.6,91.2,121.6,2.54,26.5,77.0,12.7,5.6,77.6,6.8
Lahore,Pakistan,2016-08-08,184.2,103.3,157.7,3.56,29.0,34.4,25.2,0.0,92.7,8.7
Lahore,Pakistan,2016-03-22,103.9,72.2,114.9,1.21,29.9,71.0,7.1,1.8,94.3,8.9
Mumbai,India,2023-02-01,212.6,86.0,117.8,3.51,,79.1,11.2,,56.0,10.0
London,UK,2017-05-20,57.1,27.2,36.1,0.52,6.7,24.1,7.9,13.3,76.9,2.3
Bangkok,Thailand,2019-01-01,110.6,50.8,66.9,3.81,29.0,48.9,12.4,39.0,45.3,12.8
Bangkok,Thailand,2015-11-10,134.5,57.2,93.4,3.02,17.3,44.7,12.8,7.5,26.8,5.6
Karachi,Pakistan,2018-09-21,130.7,60.1,95.2,4.85,29.6,26.3,8.3,21.8,38.6,12.6
Mexico City,Mexico,2023-11-02,90.9,,74.7,3.39,22.1,72.0,13.4,4.0,39.4,6.2
Sydney,Australia,2019-07-06,18.9,12.5,22.0,4.0,5.7,49.4,1.2,32.5,75.7,11.6
Cairo,Egypt,2024-11-13,124.6,79.8,106.5,2.52,32.6,74.4,14.1,36.9,69.7,3.5
Lagos,Nigeria,2024-08-23,133.0,56.5,82.8,3.53,27.3,21.9,16.5,-1.4,33.9,13.6
Sydney,Australia,2019-11-25,70.3,28.9,37.9,4.7,12.3,57.3,6.4,4.6,85.8,14.3
Berlin,Germany,2015-01-22,34.4,19.6,33.4,3.41,3.7,38.5,3.5,2.8,90.8,12.5
Berlin,Germany,2017-08-30,50.3,,48.0,1.76,8.0,59.8,7.1,32.6,46.2,10.8
Cairo,Egypt,2020-04-19,76.6,32.5,,2.96,,22.2,6.7,2.5,65.2,13.0
Tokyo,Japan,2017-02-05,44.3,29.5,56.4,3.12,6.6,64.8,5.4,2.5,34.6,2.1
Lagos,Nigeria,2024-07-02,129.9,53.4,81.5,4.42,38.9,63.4,18.2,-4.3,77.9,7.2
Beijing,China,2020-04-08,151.1,79.9,135.8,1.52,32.5,37.4,11.8,9.7,35.1,3.7
Tehran,Iran,2016-01-13,206.0,117.7,174.9,0.3,24.9,69.8,12.6,4.3,88.5,12.2
Johannesburg,South Africa,2024-11-25,63.7,,62.7,2.02,12.7,29.1,9.3,2.7,34.0,5.8
Karachi,Pakistan,2022-11-07,165.5,96.7,142.0,4.86,20.3,24.6,11.2,,76.1,8.6
Delhi,India,2022-06-03,178.2,103.0,143.9,1.17,30.6,75.2,17.1,34.3,25.6,10.5
Paris,France,2023-05-28,76.5,45.3,73.6,4.27,10.4,36.7,8.1,21.5,44.1,7.8
Chengdu,China,2021-04-18,143.6,57.9,112.0,2.38,21.0,39.8,14.6,37.6,74.1,14.2
Dhaka,Bangladesh,2019-10-16,160.9,76.2,150.1,1.1,21.6,49.3,19.3,12.1,23.3,11.6
Toronto,Canada,2024-11-21,7.0,4.5,8.5,4.29,1.8,68.3,0.4,-2.5,25.6,9.1
Bangkok,Thailand,2020-08-08,105.5,46.7,88.4,4.97,19.9,52.3,8.0,24.5,88.6,3.1
Jakarta,Indonesia,2020-03-11,101.3,47.3,70.2,4.58,22.2,21.9,13.2,23.9,75.7,2.8
Chengdu,China,2015-12-12,138.7,65.9,93.9,1.22,36.2,53.6,8.7,8.9,,12.5
Paris,France,2018-07-08,71.0,31.9,60.1,4.52,17.1,49.9,9.0,12.2,53.5,6.7
Ho Chi Minh City,Vietnam,2023-05-23,128.7,85.7,116.6,1.66,32.2,64.3,13.6,26.3,41.3,9.9
Mumbai,India,2023-08-30,117.6,81.8,143.1,1.14,28.7,58.4,17.2,8.0,24.2,3.2
Lahore,Pakistan,2023-02-08,193.6,80.2,111.5,1.75,41.1,37.5,20.6,9.0,77.0,11.3
Delhi,India,2015-09-20,154.6,106.2,199.4,4.2,27.2,38.7,11.2,15.0,48.2,3.7
Buenos Aires,Argentina,2016-01-18,76.2,47.2,92.4,2.65,22.7,32.0,8.0,6.7,37.2,14.1
Sydney,Australia,2015-07-08,34.0,14.4,22.5,4.24,4.0,21.3,4.6,25.7,25.3,3.2
Nairobi,Kenya,2016-05-15,82.5,40.9,70.7,1.64,10.6,49.2,11.1,25.8,78.9,3.1
Berlin,Germany,2020-11-04,91.3,,64.0,2.05,19.9,76.4,5.6,0.9,45.1,9.8
Tehran,Iran,2017-04-20,149.1,95.2,169.1,2.23,32.0,56.9,17.6,5.5,58.7,15.0
Lahore,Pakistan,2020-01-04,158.4,67.1,90.4,3.44,41.7,34.2,8.5,27.2,76.1,4.3
Lahore,Pakistan,2023-07-13,153.7,85.5,164.9,1.27,19.4,54.9,17.9,12.7,22.4,1.8
Berlin,Germany,2023-08-10,77.1,35.9,54.6,2.83,8.6,33.6,10.0,2.6,42.4,7.1
Seoul,South Korea,2022-07-17,128.6,56.3,100.2,0.76,27.2,73.8,8.6,20.7,81.8,3.6
Tehran,Iran,2022-11-15,73.2,44.9,88.5,4.3,12.8,42.7,4.7,31.3,66.5,4.2
Tokyo,Japan,2022-05-05,8.6,5.3,,3.13,2.1,25.4,1.0,14.2,89.8,13.2
Sydney,Australia,2017-02-17,35.3,19.9,,2.8,9.2,28.8,5.2,13.7,52.9,8.0
Jakarta,Indonesia,2021-12-10,88.4,59.8,114.1,3.33,22.8,62.5,8.6,2.0,44.3,13.3
London,UK,2019-10-15,59.9,39.5,75.7,2.78,11.2,45.8,5.7,37.6,31.3,2.7
Jakarta,Indonesia,2021-07-01,129.8,90.7,179.0,,18.3,74.4,16.2,5.7,44.9,6.7
Buenos Aires,Argentina,2017-03-07,28.6,16.7,30.1,4.53,3.9,41.9,3.6,26.3,87.4,10.8
Berlin,Germany,2020-07-21,98.9,64.0,110.1,3.29,12.9,23.7,6.0,5.3,53.5,6.2
Tokyo,Japan,2020-06-04,80.7,53.8,73.2,0.98,15.1,27.8,5.3,38.5,57.1,2.0
Seoul,South Korea,2019-10-05,63.7,30.9,55.1,3.58,11.0,77.0,5.7,12.1,78.3,12.3
Stockholm,Sweden,2017-08-31,73.3,44.5,77.7,0.46,10.2,26.0,10.2,38.0,81.9,5.0
Beijing,China,2023-08-05,164.8,72.1,94.3,1.12,48.2,65.3,16.8,37.2,51.2,1.1
Chengdu,China,2015-07-15,148.6,96.3,144.5,1.79,34.8,68.3,13.9,-1.0,76.0,6.7
Lima,Peru,2016-07-12,74.7,34.7,56.9,3.5,12.0,62.1,8.4,11.8,43.5,13.0
London,UK,2021-09-18,32.2,18.4,32.0,0.63,5.4,61.1,4.0,11.0,20.5,0.6
Wuhan,China,2016-05-30,154.0,82.1,109.6,4.65,33.5,62.7,14.4,16.3,60.7,12.0
Lahore,Pakistan,2015-05-03,218.4,118.5,186.5,1.81,63.9,78.2,31.6,9.5,66.4,3.2
Tokyo,Japan,2023-08-13,69.5,41.1,79.4,3.58,12.1,30.9,9.9,-0.3,60.7,5.1
Toronto,Canada,2016-02-01,5.0,2.3,,4.82,0.8,61.3,0.4,36.8,70.5,12.1
Lagos,Nigeria,2017-11-15,131.9,79.1,131.6,1.63,25.4,34.8,15.5,21.7,42.2,0.7
Buenos Aires,Argentina,2019-10-25,130.7,63.1,125.3,4.39,21.3,38.3,7.9,34.5,47.9,8.8
Toronto,Canada,2021-12-31,14.1,7.1,11.9,2.36,3.4,68.0,1.4,12.7,88.4,11.4
Johannesburg,South Africa,2019-12-17,74.0,33.8,52.7,2.76,15.6,49.4,4.2,-1.4,35.4,13.2
Beijing,China,2017-03-15,165.9,80.0,135.0,3.36,44.1,32.4,8.5,1.2,87.5,13.2
Los Angeles,USA,2017-12-27,37.4,15.5,22.4,2.68,5.0,73.4,4.5,-3.8,85.8,14.7
Johannesburg,South Africa,2024-05-18,117.0,51.4,95.9,4.42,30.5,44.6,13.9,31.8,91.0,5.3
Lahore,Pakistan,2020-08-13,177.1,,145.9,4.3,42.4,38.0,10.5,30.0,36.3,6.9
Chengdu,China,2021-11-24,187.7,112.2,181.2,,49.1,79.6,11.7,13.4,39.1,11.0
Johannesburg,South Africa,2016-08-15,54.8,38.1,72.7,0.92,,40.7,5.4,1.4,28.9,13.0
Wuhan,China,2016-07-13,166.3,88.0,161.5,4.97,38.5,23.0,10.1,34.6,59.6,12.5
Mumbai,India,2022-11-08,194.9,103.6,170.4,2.86,31.1,33.7,11.9,1.3,55.1,10.1
Nairobi,Kenya,2022-02-28,91.1,37.0,53.9,,13.4,23.2,5.0,20.2,62.1,10.7
Berlin,Germany,2022-05-25,36.5,18.7,29.0,0.87,4.4,43.1,5.4,20.6,66.6,7.3
Tehran,Iran,2020-12-03,161.8,73.9,124.4,0.41,,54.9,18.2,-2.7,35.8,1.6
Bangkok,Thailand,2020-04-04,92.0,43.3,64.3,4.07,,55.6,12.5,9.3,30.9,1.5
Wuhan,China,2015-05-17,178.2,111.7,210.7,2.22,42.3,31.4,26.2,27.5,25.7,13.2
Istanbul,Turkey,2015-04-29,60.6,36.3,67.4,2.24,12.1,22.8,4.7,11.6,66.9,7.2
Lagos,Nigeria,2017-04-09,85.5,35.4,55.9,4.54,18.3,75.1,11.7,-1.6,24.2,4.8
São Paulo,Brazil,2016-04-08,34.5,13.8,19.9,1.7,8.2,43.1,3.4,21.9,22.6,5.5
Lagos,Nigeria,2022-06-03,126.5,57.8,77.2,3.17,21.4,65.0,18.9,13.1,31.4,8.5
Beijing,China,2016-06-21,180.4,80.0,115.8,0.87,36.8,25.7,13.6,15.3,32.6,7.0
Lima,Peru,2023-03-08,83.8,40.0,64.1,2.73,10.0,64.6,5.1,13.2,80.3,7.3
Mexico City,Mexico,2017-02-06,77.0,,73.0,4.05,13.1,59.6,6.7,12.4,70.7,6.1
Cairo,Egypt,2015-04-09,142.6,74.4,148.3,3.0,33.4,59.2,10.3,17.0,36.2,7.9
Johannesburg,South Africa,2015-07-03,45.5,26.9,51.7,3.88,10.5,70.3,5.6,18.8,59.1,2.1
Johannesburg,South Africa,2022-12-18,69.0,40.3,80.6,4.13,13.2,69.0,8.3,37.2,47.4,1.1
Ho Chi Minh City,Vietnam,2021-07-15,114.6,66.0,120.2,0.73,31.5,63.6,11.8,-2.2,72.1,7.0
Stockholm,Sweden,2015-08-09,41.7,22.7,39.6,0.75,9.7,30.6,3.8,23.1,47.4,6.0
Buenos Aires,Argentina,2016-05-31,69.3,32.6,47.3,4.62,14.1,60.5,6.2,2.4,73.6,6.9
Dhaka,Bangladesh,2020-03-28,175.3,91.7,171.2,4.23,29.2,61.6,22.3,24.5,31.4,13.2
Mumbai,India,2022-02-02,162.3,89.9,123.7,0.63,30.2,64.5,12.5,20.3,40.9,6.1
Tehran,Iran,2015-07-25,165.9,70.7,102.6,4.37,43.9,31.5,10.1,33.5,33.4,13.1
Delhi,India,2021-04-11,196.0,118.7,160.7,0.81,54.5,68.6,16.3,18.5,84.0,2.0
Mexico City,Mexico,2024-06-15,134.4,56.9,75.6,,24.1,38.5,20.0,-1.2,40.2,12.9
Nairobi,Kenya,2018-08-10,77.7,40.8,58.3,,16.4,68.4,4.7,38.8,80.7,4.7
Wuhan,China,2016-08-28,171.3,82.7,120.3,2.78,22.9,68.0,16.9,,31.1,5.2
Toronto,Canada,2017-01-11,26.0,10.8,18.8,3.45,6.8,43.9,1.5,19.9,29.1,0.7
Cairo,Egypt,2019-07-07,127.1,84.3,127.7,1.51,34.0,38.4,12.4,-3.6,41.5,2.4
Lahore,Pakistan,2017-11-03,188.3,114.1,222.0,2.14,19.0,58.4,25.8,38.9,47.3,12.4
Lima,Peru,2022-08-04,78.9,42.7,67.3,3.97,9.0,59.2,7.5,10.1,89.6,11.8
Lagos,Nigeria,2022-07-12,113.1,63.8,121.8,3.87,16.2,69.1,16.6,27.2,79.0,4.4
Cairo,Egypt,2020-08-09,130.7,65.0,107.6,3.73,24.0,41.1,7.5,15.1,49.5,10.1
Tehran,Iran,2018-01-31,149.3,86.2,134.9,1.59,42.4,42.2,9.6,7.5,68.4,2.4
Beijing,China,2015-07-06,143.0,90.4,169.5,1.45,33.2,25.7,7.5,19.7,36.8,1.6
Johannesburg,South Africa,2018-02-08,107.9,68.6,101.5,3.79,25.3,51.5,8.9,34.3,50.2,5.9
Dhaka,Bangladesh,2022-09-04,148.6,96.8,143.8,0.45,39.2,48.0,16.3,10.1,23.5,5.9
Karachi,Pakistan,2015-03-27,232.7,111.0,218.1,1.1,68.2,20.9,22.8,10.0,53.7,8.8
Ho Chi Minh City,Vietnam,2016-05-11,163.3,104.1,138.0,,35.5,73.7,18.2,16.8,74.7,3.7
Seoul,South Korea,2016-10-10,88.9,36.5,60.2,2.86,25.5,62.7,12.8,7.6,74.3,9.2
Buenos Aires,Argentina,2018-08-14,106.2,60.7,104.0,3.21,11.8,53.5,11.2,33.5,77.0,1.0
São Paulo,Brazil,2018-04-24,40.7,24.2,40.8,3.26,,75.3,2.4,-4.5,58.9,6.5
Buenos Aires,Argentina,2015-12-26,73.9,41.8,69.1,1.8,11.2,21.3,5.7,15.2,34.8,1.8
Istanbul,Turkey,2020-12-09,56.4,29.6,57.4,1.26,16.1,33.0,3.0,7.1,24.1,3.9
Seoul,South Korea,2021-05-11,32.6,19.3,25.9,4.75,7.4,43.9,3.0,2.4,47.0,13.6
São Paulo,Brazil,2021-03-20,111.5,67.8,97.2,2.02,18.8,79.2,16.3,32.0,55.5,4.3
Chengdu,China,2021-12-26,166.3,111.1,179.1,3.12,23.7,21.4,18.4,24.4,89.7,12.7
Wuhan,China,2023-04-16,149.7,83.5,121.0,4.14,42.1,26.4,10.9,34.2,56.3,3.0
Sydney,Australia,2024-03-05,14.4,9.3,17.6,1.12,3.3,77.4,1.8,-4.8,86.2,10.7
Chengdu,China,2022-07-27,149.5,74.0,141.7,2.88,24.2,22.3,7.7,10.9,36.2,1.3
Mexico City,Mexico,2018-12-10,150.4,76.9,117.9,4.68,41.2,48.3,12.8,27.0,43.6,2.2
Stockholm,Sweden,2020-03-25,23.7,12.3,24.2,2.58,7.0,20.5,3.3,36.9,92.1,0.7
Seoul,South Korea,2019-03-19,86.0,47.8,72.9,,20.1,79.9,5.8,-1.0,30.5,4.4
Dhaka,Bangladesh,2019-08-19,173.1,118.0,227.8,4.94,47.2,52.8,21.0,38.4,63.4,12.7
Nairobi,Kenya,2020-01-08,38.8,18.9,29.2,1.31,8.1,28.8,5.1,5.2,64.9,2.3
Paris,France,2023-05-29,12.7,5.4,9.7,1.31,3.6,51.0,1.2,14.5,71.9,7.1
Lagos,Nigeria,2022-01-14,157.0,102.9,135.1,2.59,24.3,61.0,11.7,20.5,73.4,11.7
São Paulo,Brazil,2016-06-18,107.7,73.7,111.1,1.53,25.9,62.5,10.9,36.5,31.0,7.4
Mumbai,India,2020-04-14,133.5,66.5,100.4,1.39,16.8,35.4,11.4,25.3,24.7,3.6
Beijing,China,2024-08-26,113.4,58.6,99.2,0.33,32.0,40.6,14.7,19.1,69.7,11.5
Buenos Aires,Argentina,2019-05-06,40.9,23.0,41.4,1.31,10.5,55.2,3.0,2.3,38.4,11.5
London,UK,2020-07-15,24.7,16.4,,4.0,,79.9,3.3,28.3,85.3,9.7
Nairobi,Kenya,2024-06-06,97.6,56.8,77.1,4.72,25.0,75.0,5.3,-4.9,46.8,9.4
Dhaka,Bangladesh,2023-03-31,154.3,84.0,109.6,4.84,16.4,55.8,13.2,-0.4,21.8,4.3
